step,concept,occurrence,segment,domain,adapter,decision,best_risk,best_lcb,best_ucb,best_gain,num_adapters,loss,risks,cf_reason,cf_best_reuse,cf_reuse_query_after,cf_fresh_query_after,cf_fresh_advantage,utility_status,statusquo_loss,defer_utility,best_reuse,best_reuse_utility,best_reuse_query_after,fresh_utility,fresh_query_before,fresh_query_after,fresh_local_trainability,fresh_advantage,fresh_positive,fold_a_fresh_utility,fold_b_fresh_utility,utility_reuse_profiles
1,A,1,A1,home,default,warmup,,,,,1,0.6470941305160522,{},,,,,,warmup,,,,,,,,,,,,,,{}
2,A,1,A1,home,default,warmup,,,,,1,0.7439970970153809,{},,,,,,warmup,,,,,,,,,,,,,,{}
3,A,1,A1,home,default,warmup,,,,,1,0.674517035484314,{},,,,,,warmup,,,,,,,,,,,,,,{}
4,A,1,A1,home,default,warmup,,,,,1,0.7518686056137085,{},,,,,,warmup,,,,,,,,,,,,,,{}
5,A,1,A1,home,default,reuse,-0.009188851341605186,-0.01935607623308897,0.000978373549878597,0.011914432048797607,1,0.6971882581710815,"{""default"": -0.009188851341605186}",,,,,,ok,0.6878984272480011,0.0,default,0.0022592246532440186,0.6856392025947571,-0.027664273977279663,0.6982141137123108,0.7155627012252808,-0.01734858751296997,-0.02992349863052368,False,-0.040598392486572266,-0.01473015546798706,"{""default"": {""feasible_both"": true, ""fold_a_harm"": -0.009572253562510014, ""fold_a_lcb"": -0.023273847643285987, ""fold_a_query_after"": 0.6552233695983887, ""fold_a_utility"": -0.0056999921798706055, ""fold_b_harm"": -0.0072380173951387405, ""fold_b_lcb"": -0.011952226581051946, ""fold_b_query_after"": 0.7160550355911255, ""fold_b_utility"": 0.010218441486358643, ""harm_lcb_max"": -0.011952226581051946, ""harm_mean"": -0.008405135478824377, ""harm_se_mean"": 0.004697908996604383, ""harm_ucb_max"": 0.004129340518265962, ""local_trainability"": 0.0022592246532440186, ""query_after"": 0.6856392025947571, ""query_before"": 0.6878984272480011, ""system_utility"": 0.0022592246532440186}}"
6,A,1,A1,home,default,reuse,-0.0006440887227654457,-0.014312216974794864,0.013024039529263972,0.031536757946014404,1,0.724783182144165,"{""default"": -0.0006440887227654457}",,,,,,ok,0.7134378552436829,0.0,default,0.027693629264831543,0.6857442259788513,0.023406177759170532,0.7315712571144104,0.6900316774845123,0.04153957962989807,-0.004287451505661011,False,0.01712578535079956,0.029686570167541504,"{""default"": {""feasible_both"": true, ""fold_a_harm"": -0.0007639452815055847, ""fold_a_lcb"": -0.014015090055763721, ""fold_a_query_after"": 0.6740405559539795, ""fold_a_utility"": 0.023613929748535156, ""fold_b_harm"": -0.0008275723084807396, ""fold_b_lcb"": -0.013240297995507718, ""fold_b_query_after"": 0.6974478960037231, ""fold_b_utility"": 0.03177332878112793, ""harm_lcb_max"": -0.013240297995507718, ""harm_mean"": -0.0007957587949931622, ""harm_se_mean"": 0.006546905729919672, ""harm_ucb_max"": 0.012487199492752551, ""local_trainability"": 0.027693629264831543, ""query_after"": 0.6857442259788513, ""query_before"": 0.7134378552436829, ""system_utility"": 0.027693629264831543}}"
7,A,1,A1,home,default,reuse,-0.0050267865881323814,-0.010835741916671394,0.0007821687404066325,-0.003789365291595459,1,0.6644710302352905,"{""default"": -0.0050267865881323814}",,,,,,ok,0.6724562644958496,0.0,default,-0.007471144199371338,0.679927408695221,0.02336740493774414,0.66496142745018,0.6490888595581055,0.015872567892074585,0.03083854913711548,True,0.03639066219329834,0.010344147682189941,"{""default"": {""feasible_both"": true, ""fold_a_harm"": -0.005167851224541664, ""fold_a_lcb"": -0.012922713477164506, ""fold_a_query_after"": 0.6802960634231567, ""fold_a_utility"": -0.013257622718811035, ""fold_b_harm"": -0.004917819052934647, ""fold_b_lcb"": -0.010750662377104163, ""fold_b_query_after"": 0.6795587539672852, ""fold_b_utility"": -0.0016846656799316406, ""harm_lcb_max"": -0.010750662377104163, ""harm_mean"": -0.005042835138738155, ""harm_se_mean"": 0.003466251422651112, ""harm_ucb_max"": 0.002587011028081178, ""local_trainability"": -0.007471144199371338, ""query_after"": 0.679927408695221, ""query_before"": 0.6724562644958496, ""system_utility"": -0.007471144199371338}}"
8,A,1,A1,home,default,reuse,-0.0023381412029266357,-0.011976499762386083,0.007300217356532811,0.019161641597747803,1,0.6981796026229858,"{""default"": -0.0023381412029266357}",,,,,,ok,0.6846365630626678,0.0,default,0.011580735445022583,0.6730558276176453,-0.0298272967338562,0.7360590696334839,0.714463859796524,0.02159520983695984,-0.041408032178878784,False,-0.05875200033187866,-0.0009025931358337402,"{""default"": {""feasible_both"": true, ""fold_a_harm"": -0.00319006759673357, ""fold_a_lcb"": -0.008952014967799186, ""fold_a_query_after"": 0.664914608001709, ""fold_a_utility"": 0.020040154457092285, ""fold_b_harm"": -0.002340368926525116, ""fold_b_lcb"": -0.012042052168399096, ""fold_b_query_after"": 0.6811970472335815, ""fold_b_utility"": 0.003121316432952881, ""harm_lcb_max"": -0.008952014967799186, ""harm_mean"": -0.002765218261629343, ""harm_se_mean"": 0.003944803727790713, ""harm_ucb_max"": 0.007361314315348864, ""local_trainability"": 0.011580735445022583, ""query_after"": 0.6730558276176453, ""query_before"": 0.6846365630626678, ""system_utility"": 0.011580735445022583}}"
9,A,1,A1,home,default,reuse,-0.006235208362340927,-0.013491822499781847,0.0010214057750999924,0.005590617656707764,1,0.6708287000656128,"{""default"": -0.006235208362340927}",,,,,,ok,0.6606385707855225,0.0,default,0.00252610445022583,0.6581124663352966,-0.03398904204368591,0.6995913982391357,0.6946276128292084,0.004963785409927368,-0.03651514649391174,False,-0.0403289794921875,-0.027649104595184326,"{""default"": {""feasible_both"": true, ""fold_a_harm"": -0.006128762848675251, ""fold_a_lcb"": -0.013482727892696857, ""fold_a_query_after"": 0.649446427822113, ""fold_a_utility"": 0.0016360878944396973, ""fold_b_harm"": -0.005892789922654629, ""fold_b_lcb"": -0.012327156579121947, ""fold_b_query_after"": 0.6667785048484802, ""fold_b_utility"": 0.003416121006011963, ""harm_lcb_max"": -0.012327156579121947, ""harm_mean"": -0.00601077638566494, ""harm_se_mean"": 0.0035174315562471747, ""harm_ucb_max"": 0.0012252021953463553, ""local_trainability"": 0.00252610445022583, ""query_after"": 0.6581124663352966, ""query_before"": 0.6606385707855225, ""system_utility"": 0.00252610445022583}}"
10,A,1,A1,home,default,reuse,-0.005653661675751209,-0.01131356186233461,6.23851083219034e-06,0.005900740623474121,1,0.6610851883888245,"{""default"": -0.005653661675751209}",,,,,,ok,0.6606266498565674,0.0,default,0.0018191933631896973,0.6588074564933777,-0.03679096698760986,0.6988897919654846,0.6974176168441772,0.001472175121307373,-0.03861016035079956,False,-0.03495633602142334,-0.03862559795379639,"{""default"": {""feasible_both"": true, ""fold_a_harm"": -0.005365229211747646, ""fold_a_lcb"": -0.010967774661257864, ""fold_a_query_after"": 0.6536393165588379, ""fold_a_utility"": 0.0024172067642211914, ""fold_b_harm"": -0.005239503458142281, ""fold_b_lcb"": -0.010677006067708134, ""fold_b_query_after"": 0.6639755964279175, ""fold_b_utility"": 0.0012211799621582031, ""harm_lcb_max"": -0.010677006067708134, ""harm_mean"": -0.0053023663349449635, ""harm_se_mean"": 0.0028163387905806303, ""harm_ucb_max"": 0.00023731623776257049, ""local_trainability"": 0.0018191933631896973, ""query_after"": 0.6588074564933777, ""query_before"": 0.6606266498565674, ""system_utility"": 0.0018191933631896973}}"
11,A,1,A1,home,default,reuse,-0.004730806220322847,-0.00608172882348299,-0.003379883617162705,0.002668440341949463,1,0.7073405385017395,"{""default"": -0.004730806220322847}",,,,,,ok,0.6983890533447266,0.0,default,-0.003270268440246582,0.7016593217849731,0.021061450242996216,0.6616324186325073,0.6773276031017303,-0.015695184469223022,0.024331718683242798,True,0.08209347724914551,-0.039970576763153076,"{""default"": {""feasible_both"": true, ""fold_a_harm"": -0.004527293611317873, ""fold_a_lcb"": -0.008223473327234387, ""fold_a_query_after"": 0.7235493659973145, ""fold_a_utility"": -0.009241461753845215, ""fold_b_harm"": -0.004576297011226416, ""fold_b_lcb"": -0.005833447275217622, ""fold_b_query_after"": 0.6797692775726318, ""fold_b_utility"": 0.0027009248733520508, ""harm_lcb_max"": -0.005833447275217622, ""harm_mean"": -0.004551795311272144, ""harm_se_mean"": 0.0012636045867111534, ""harm_ucb_max"": -0.0008311138954013586, ""local_trainability"": -0.003270268440246582, ""query_after"": 0.7016593217849731, ""query_before"": 0.6983890533447266, ""system_utility"": -0.003270268440246582}}"
12,A,1,A1,home,default,reuse,-0.0032352060079574585,-0.006315424451604486,-0.00015498756431043138,0.006300449371337891,1,0.6549128890037537,"{""default"": -0.0032352060079574585}",,,,,,ok,0.6436019539833069,0.0,default,0.0031448304653167725,0.6404571235179901,-0.053673386573791504,0.7174670100212097,0.6972753405570984,0.020191669464111328,-0.056818217039108276,False,-0.0424426794052124,-0.0649040937423706,"{""default"": {""feasible_both"": true, ""fold_a_harm"": -0.003031517844647169, ""fold_a_lcb"": -0.0062115149665623905, ""fold_a_query_after"": 0.6562729477882385, ""fold_a_utility"": 0.0017215609550476074, ""fold_b_harm"": -0.0034319707192480564, ""fold_b_lcb"": -0.005421478962525725, ""fold_b_query_after"": 0.6246412992477417, ""fold_b_utility"": 0.0045680999755859375, ""harm_lcb_max"": -0.005421478962525725, ""harm_mean"": -0.0032317442819476128, ""harm_se_mean"": 0.0013187513686716557, ""harm_ucb_max"": 0.00014847927726805224, ""local_trainability"": 0.0031448304653167725, ""query_after"": 0.6404571235179901, ""query_before"": 0.6436019539833069, ""system_utility"": 0.0031448304653167725}}"
13,A,1,A1,home,default,reuse,-0.004330415278673172,-0.006075317766517401,-0.002585512790828943,0.005883455276489258,1,0.6515700817108154,"{""default"": -0.004330415278673172}",,,,,,ok,0.6544772982597351,0.0,default,-0.0003660619258880615,0.6548433601856232,-0.0642240047454834,0.7021467685699463,0.7187013030052185,-0.016554534435272217,-0.06385794281959534,False,-0.09921371936798096,-0.02923429012298584,"{""default"": {""feasible_both"": true, ""fold_a_harm"": -0.004675892181694508, ""fold_a_lcb"": -0.006300066078547388, ""fold_a_query_after"": 0.6438940167427063, ""fold_a_utility"": 0.0017630457878112793, ""fold_b_harm"": -0.003500684630125761, ""fold_b_lcb"": -0.008635315876454115, ""fold_b_query_after"": 0.66579270362854, ""fold_b_utility"": -0.0024951696395874023, ""harm_lcb_max"": -0.006300066078547388, ""harm_mean"": -0.004088288405910134, ""harm_se_mean"": 0.001724184985505417, ""harm_ucb_max"": 0.0016339466162025931, ""local_trainability"": -0.0003660619258880615, ""query_after"": 0.6548433601856232, ""query_before"": 0.6544772982597351, ""system_utility"": -0.0003660619258880615}}"
14,A,1,A1,home,default,reuse,-0.00641512731090188,-0.009607168142683805,-0.0032230864791199564,0.012553215026855469,1,0.6818069815635681,"{""default"": -0.00641512731090188}",,,,,,ok,0.673919290304184,0.0,default,0.01030731201171875,0.6636119782924652,0.027107566595077515,0.6651885509490967,0.6468117237091064,0.018376827239990234,0.016800254583358765,True,0.014752805233001709,0.03946232795715332,"{""default"": {""feasible_both"": true, ""fold_a_harm"": -0.006464466918259859, ""fold_a_lcb"": -0.009635396632365883, ""fold_a_query_after"": 0.668358325958252, ""fold_a_utility"": 0.00866609811782837, ""fold_b_harm"": -0.005517665762454271, ""fold_b_lcb"": -0.008027102532796562, ""fold_b_query_after"": 0.6588656306266785, ""fold_b_utility"": 0.01194852590560913, ""harm_lcb_max"": -0.008027102532796562, ""harm_mean"": -0.005991066340357065, ""harm_se_mean"": 0.001449073082767427, ""harm_ucb_max"": -0.003008228992111981, ""local_trainability"": 0.01030731201171875, ""query_after"": 0.6636119782924652, ""query_before"": 0.673919290304184, ""system_utility"": 0.01030731201171875}}"
15,A,1,A1,home,default,reuse,-0.005029696971178055,-0.007341622193343937,-0.002717771749012172,0.008010387420654297,1,0.6221336126327515,"{""default"": -0.005029696971178055}",,,,,,ok,0.6160888969898224,0.0,default,0.004925578832626343,0.611163318157196,-0.0806153416633606,0.709811270236969,0.696704238653183,0.01310703158378601,-0.08554092049598694,False,-0.08626556396484375,-0.07496511936187744,"{""default"": {""feasible_both"": true, ""fold_a_harm"": -0.0046800305135548115, ""fold_a_lcb"": -0.006187902623787522, ""fold_a_query_after"": 0.5953210592269897, ""fold_a_utility"": 0.007522284984588623, ""fold_b_harm"": -0.0049888440407812595, ""fold_b_lcb"": -0.008473884514532983, ""fold_b_query_after"": 0.6270055770874023, ""fold_b_utility"": 0.0023288726806640625, ""harm_lcb_max"": -0.006187902623787522, ""harm_mean"": -0.0048344372771680355, ""harm_se_mean"": 0.0012737021897919476, ""harm_ucb_max"": -0.001503803567029536, ""local_trainability"": 0.004925578832626343, ""query_after"": 0.611163318157196, ""query_before"": 0.6160888969898224, ""system_utility"": 0.004925578832626343}}"
16,A,1,A1,home,default,reuse,-0.007623296696692705,-0.010420479173772037,-0.004826114219613374,0.009740114212036133,1,0.6313755512237549,"{""default"": -0.007623296696692705}",,,,,,ok,0.6217984855175018,0.0,default,0.005244821310043335,0.6165536642074585,-0.08437451720237732,0.6983781456947327,0.7061730027198792,-0.007794857025146484,-0.08961933851242065,False,-0.08960455656051636,-0.07914447784423828,"{""default"": {""feasible_both"": true, ""fold_a_harm"": -0.008826849982142448, ""fold_a_lcb"": -0.013071869472041725, ""fold_a_query_after"": 0.6448605060577393, ""fold_a_utility"": 0.000785529613494873, ""fold_b_harm"": -0.004859697539359331, ""fold_b_lcb"": -0.0064907096978276966, ""fold_b_query_after"": 0.5882468223571777, ""fold_b_utility"": 0.009704113006591797, ""harm_lcb_max"": -0.0064907096978276966, ""harm_mean"": -0.00684327376075089, ""harm_se_mean"": 0.001498987665399909, ""harm_ucb_max"": -0.0032286853808909657, ""local_trainability"": 0.005244821310043335, ""query_after"": 0.6165536642074585, ""query_before"": 0.6217984855175018, ""system_utility"": 0.005244821310043335}}"
17,B,1,B1,apparel,default,reuse,-0.00681212916970253,-0.011782124182209372,-0.0018421341571956875,0.00943976640701294,1,0.6453281044960022,"{""default"": -0.00681212916970253}",,,,,,ok,0.645000547170639,0.0,default,0.006306737661361694,0.6386938095092773,-0.045276910066604614,0.689003050327301,0.6902774572372437,-0.001274406909942627,-0.05158364772796631,False,-0.047914326190948486,-0.04263949394226074,"{""default"": {""feasible_both"": true, ""fold_a_harm"": -0.006425505969673395, ""fold_a_lcb"": -0.009441193146631121, ""fold_a_query_after"": 0.610588550567627, ""fold_a_utility"": 0.009012997150421143, ""fold_b_harm"": -0.006604890339076519, ""fold_b_lcb"": -0.012011054614558815, ""fold_b_query_after"": 0.6667990684509277, ""fold_b_utility"": 0.003600478172302246, ""harm_lcb_max"": -0.009441193146631121, ""harm_mean"": -0.006515198154374957, ""harm_se_mean"": 0.0021484314929693937, ""harm_ucb_max"": -0.0011987260635942226, ""local_trainability"": 0.006306737661361694, ""query_after"": 0.6386938095092773, ""query_before"": 0.645000547170639, ""system_utility"": 0.006306737661361694}}"
18,B,1,B1,apparel,default,reuse,-0.005617252551019192,-0.008671988975256681,-0.0025625161267817022,0.0032697319984436035,1,0.6664620637893677,"{""default"": -0.005617252551019192}",,,,,,ok,0.6511896848678589,0.0,default,0.0008727908134460449,0.6503168940544128,-0.04951953887939453,0.711160808801651,0.7007092237472534,0.010451585054397583,-0.050392329692840576,False,-0.017880499362945557,-0.0811585783958435,"{""default"": {""feasible_both"": true, ""fold_a_harm"": -0.005544487852603197, ""fold_a_lcb"": -0.007963264919817447, ""fold_a_query_after"": 0.6758198142051697, ""fold_a_utility"": 0.0009241700172424316, ""fold_b_harm"": -0.005421167705208063, ""fold_b_lcb"": -0.009725218554958701, ""fold_b_query_after"": 0.624813973903656, ""fold_b_utility"": 0.0008214116096496582, ""harm_lcb_max"": -0.007963264919817447, ""harm_mean"": -0.00548282777890563, ""harm_se_mean"": 0.0017150071216747165, ""harm_ucb_max"": -0.001117116855457425, ""local_trainability"": 0.0008727908134460449, ""query_after"": 0.6503168940544128, ""query_before"": 0.6511896848678589, ""system_utility"": 0.0008727908134460449}}"
19,B,1,B1,apparel,default,reuse,-0.0066839950159192085,-0.008866577735170722,-0.004501412296667695,0.0071114301681518555,1,0.6423250436782837,"{""default"": -0.0066839950159192085}",,,,,,ok,0.6405923962593079,0.0,default,-4.100799560546875e-05,0.6406334042549133,-0.09520813822746277,0.7132774591445923,0.7358005344867706,-0.022523075342178345,-0.0951671302318573,False,-0.11265510320663452,-0.07776117324829102,"{""default"": {""feasible_both"": true, ""fold_a_harm"": -0.005903156939893961, ""fold_a_lcb"": -0.011414401745423675, ""fold_a_query_after"": 0.6733202934265137, ""fold_a_utility"": -0.0057179927825927734, ""fold_b_harm"": -0.0063419160433113575, ""fold_b_lcb"": -0.008166018421761692, ""fold_b_query_after"": 0.607946515083313, ""fold_b_utility"": 0.005635976791381836, ""harm_lcb_max"": -0.008166018421761692, ""harm_mean"": -0.006122536491602659, ""harm_se_mean"": 0.001871262036729604, ""harm_ucb_max"": -0.0003919121343642475, ""local_trainability"": -4.100799560546875e-05, ""query_after"": 0.6406334042549133, ""query_before"": 0.6405923962593079, ""system_utility"": -4.100799560546875e-05}}"
20,B,1,B1,apparel,default,reuse,-0.00578426755964756,-0.008562249876558781,-0.0030062852427363397,0.01057589054107666,1,0.5964537858963013,"{""default"": -0.00578426755964756}",,,,,,ok,0.5971228778362274,0.0,default,0.0022263824939727783,0.5948964953422546,-0.12550446391105652,0.689090222120285,0.7226273417472839,-0.0335371196269989,-0.1277308464050293,False,-0.0958625078201294,-0.15514642000198364,"{""default"": {""feasible_both"": true, ""fold_a_harm"": -0.002683593425899744, ""fold_a_lcb"": -0.005960872545838356, ""fold_a_query_after"": 0.5886127948760986, ""fold_a_utility"": 0.003449678421020508, ""fold_b_harm"": -0.0069045922718942165, ""fold_b_lcb"": -0.011359260343015194, ""fold_b_query_after"": 0.6011801958084106, ""fold_b_utility"": 0.0010030865669250488, ""harm_lcb_max"": -0.005960872545838356, ""harm_mean"": -0.00479409284889698, ""harm_se_mean"": 0.0019724355079233646, ""harm_ucb_max"": 0.0005936856940388681, ""local_trainability"": 0.0022263824939727783, ""query_after"": 0.5948964953422546, ""query_before"": 0.5971228778362274, ""system_utility"": 0.0022263824939727783}}"
21,B,1,B1,apparel,default,reuse,-0.0077586243860423565,-0.009695148565806447,-0.005822100206278265,0.007124960422515869,1,0.6549389362335205,"{""default"": -0.0077586243860423565}",,,,,,ok,0.6393911838531494,0.0,default,0.0033712387084960938,0.6360199451446533,-0.07254645228385925,0.7166467905044556,0.7119376361370087,0.004709154367446899,-0.07591769099235535,False,-0.04519462585449219,-0.09989827871322632,"{""default"": {""feasible_both"": true, ""fold_a_harm"": -0.007816068828105927, ""fold_a_lcb"": -0.009839869802817702, ""fold_a_query_after"": 0.6583817005157471, ""fold_a_utility"": 0.0019515752792358398, ""fold_b_harm"": -0.007599887438118458, ""fold_b_lcb"": -0.009359799784142524, ""fold_b_query_after"": 0.6136581897735596, ""fold_b_utility"": 0.004790902137756348, ""harm_lcb_max"": -0.009359799784142524, ""harm_mean"": -0.007707978133112192, ""harm_se_mean"": 0.0009652329899836332, ""harm_ucb_max"": -0.005792267853394151, ""local_trainability"": 0.0033712387084960938, ""query_after"": 0.6360199451446533, ""query_before"": 0.6393911838531494, ""system_utility"": 0.0033712387084960938}}"
22,B,1,B1,apparel,default,reuse,-0.008906358852982521,-0.012752829045057297,-0.005059888660907745,0.014255046844482422,1,0.594077467918396,"{""default"": -0.008906358852982521}",,,,,,ok,0.5816983580589294,0.0,default,0.008947372436523438,0.572750985622406,-0.0979124903678894,0.6729463338851929,0.6796108484268188,-0.0066645145416259766,-0.10685986280441284,False,-0.06440377235412598,-0.13142120838165283,"{""default"": {""feasible_both"": true, ""fold_a_harm"": -0.008568825200200081, ""fold_a_lcb"": -0.010559766832739115, ""fold_a_query_after"": 0.5783826112747192, ""fold_a_utility"": 0.008633971214294434, ""fold_b_harm"": -0.008515143766999245, ""fold_b_lcb"": -0.012549044322222471, ""fold_b_query_after"": 0.5671193599700928, ""fold_b_utility"": 0.009260773658752441, ""harm_lcb_max"": -0.010559766832739115, ""harm_mean"": -0.008541984483599663, ""harm_se_mean"": 0.0015369495376944542, ""harm_ucb_max"": -0.004481243211776018, ""local_trainability"": 0.008947372436523438, ""query_after"": 0.572750985622406, ""query_before"": 0.5816983580589294, ""system_utility"": 0.008947372436523438}}"
23,B,1,B1,apparel,default,reuse,-0.007797358091920614,-0.009806920322589577,-0.005787795861251652,0.006381034851074219,1,0.6616412401199341,"{""default"": -0.007797358091920614}",,,,,,ok,0.6606561541557312,0.0,default,0.0018936991691589355,0.6587624549865723,-0.033518582582473755,0.7042209804058075,0.694174736738205,0.010046243667602539,-0.03541228175163269,False,-0.013492047786712646,-0.05354511737823486,"{""default"": {""feasible_both"": true, ""fold_a_harm"": -0.008178118616342545, ""fold_a_lcb"": -0.01027307246811688, ""fold_a_query_after"": 0.6696977615356445, ""fold_a_utility"": 0.002754688262939453, ""fold_b_harm"": -0.0065041519701480865, ""fold_b_lcb"": -0.009478258537128567, ""fold_b_query_after"": 0.6478271484375, ""fold_b_utility"": 0.001032710075378418, ""harm_lcb_max"": -0.009478258537128567, ""harm_mean"": -0.0073411352932453156, ""harm_se_mean"": 0.0012931276578456163, ""harm_ucb_max"": -0.0035300454031676055, ""local_trainability"": 0.0018936991691589355, ""query_after"": 0.6587624549865723, ""query_before"": 0.6606561541557312, ""system_utility"": 0.0018936991691589355}}"
24,B,1,B1,apparel,default,reuse,-0.00826636329293251,-0.010626841438934206,-0.005905885146930814,0.01062309741973877,1,0.6008394956588745,"{""default"": -0.00826636329293251}",,,,,,ok,0.5879272818565369,0.0,default,0.004086852073669434,0.5838404297828674,-0.1405024528503418,0.7069023847579956,0.7284297347068787,-0.021527349948883057,-0.14458930492401123,False,-0.1462247371673584,-0.1347801685333252,"{""default"": {""feasible_both"": true, ""fold_a_harm"": -0.0087578184902668, ""fold_a_lcb"": -0.012785483961924912, ""fold_a_query_after"": 0.604896068572998, ""fold_a_utility"": 0.0039103031158447266, ""fold_b_harm"": -0.0066042193211615086, ""fold_b_lcb"": -0.01004810062237084, ""fold_b_query_after"": 0.5627847909927368, ""fold_b_utility"": 0.004263401031494141, ""harm_lcb_max"": -0.01004810062237084, ""harm_mean"": -0.007681018905714154, ""harm_se_mean"": 0.0019060068298131227, ""harm_ucb_max"": -0.003160338019952178, ""local_trainability"": 0.004086852073669434, ""query_after"": 0.5838404297828674, ""query_before"": 0.5879272818565369, ""system_utility"": 0.004086852073669434}}"
25,B,1,B1,apparel,default,reuse,-0.01154521107673645,-0.013712419886142016,-0.009378002267330885,0.006438910961151123,1,0.604690432548523,"{""default"": -0.01154521107673645}",,,,,,ok,0.6069013476371765,0.0,default,-0.004112511873245239,0.6110138595104218,-0.11898887157440186,0.6847340762615204,0.7258902192115784,-0.04115614295005798,-0.11487635970115662,False,-0.155187726020813,-0.08279001712799072,"{""default"": {""feasible_both"": true, ""fold_a_harm"": -0.010309581644833088, ""fold_a_lcb"": -0.01369305889122188, ""fold_a_query_after"": 0.5374693870544434, ""fold_a_utility"": 0.0012674331665039062, ""fold_b_harm"": -0.0112693440169096, ""fold_b_lcb"": -0.01608637982979417, ""fold_b_query_after"": 0.6845583319664001, ""fold_b_utility"": -0.009492456912994385, ""harm_lcb_max"": -0.01369305889122188, ""harm_mean"": -0.010789462830871344, ""harm_se_mean"": 0.002091967617161572, ""harm_ucb_max"": -0.00645230820402503, ""local_trainability"": -0.004112511873245239, ""query_after"": 0.6110138595104218, ""query_before"": 0.6069013476371765, ""system_utility"": -0.004112511873245239}}"
26,B,1,B1,apparel,default,reuse,-0.011738511733710766,-0.014101605438627303,-0.009375418028794229,0.011534810066223145,1,0.5849606990814209,"{""default"": -0.011738511733710766}",,,,,,ok,0.5726202428340912,0.0,default,0.008860558271408081,0.5637596845626831,-0.11604180932044983,0.6940183043479919,0.688662052154541,0.005356252193450928,-0.12490236759185791,False,-0.1240319013595581,-0.10805171728134155,"{""default"": {""feasible_both"": true, ""fold_a_harm"": -0.01091068796813488, ""fold_a_lcb"": -0.01326941054314375, ""fold_a_query_after"": 0.5599597096443176, ""fold_a_utility"": 0.009355247020721436, ""fold_b_harm"": -0.011561727151274681, ""fold_b_lcb"": -0.013990797377191484, ""fold_b_query_after"": 0.5675596594810486, ""fold_b_utility"": 0.008365869522094727, ""harm_lcb_max"": -0.01326941054314375, ""harm_mean"": -0.01123620755970478, ""harm_se_mean"": 0.0012213757145218551, ""harm_ucb_max"": -0.00855196539312601, ""local_trainability"": 0.008860558271408081, ""query_after"": 0.5637596845626831, ""query_before"": 0.5726202428340912, ""system_utility"": 0.008860558271408081}}"
27,B,1,B1,apparel,default,reuse,-0.0068561481311917305,-0.01187447222881019,-0.00183782403357327,0.020209550857543945,1,0.4937356412410736,"{""default"": -0.0068561481311917305}",,,,,,ok,0.4668307304382324,0.0,default,0.01678316295146942,0.450047567486763,-0.1715124249458313,0.6588717103004456,0.6383431553840637,0.020528554916381836,-0.18829558789730072,False,-0.12632548809051514,-0.21669936180114746,"{""default"": {""feasible_both"": true, ""fold_a_harm"": -0.008652419783174992, ""fold_a_lcb"": -0.012810012567788362, ""fold_a_query_after"": 0.485402911901474, ""fold_a_utility"": 0.016041547060012817, ""fold_b_harm"": -0.005587369203567505, ""fold_b_lcb"": -0.010840913802385329, ""fold_b_query_after"": 0.414692223072052, ""fold_b_utility"": 0.017524778842926025, ""harm_lcb_max"": -0.010840913802385329, ""harm_mean"": -0.007119894493371248, ""harm_se_mean"": 0.0024008003529161215, ""harm_ucb_max"": -0.00033382460474967995, ""local_trainability"": 0.01678316295146942, ""query_after"": 0.450047567486763, ""query_before"": 0.4668307304382324, ""system_utility"": 0.01678316295146942}}"
28,B,1,B1,apparel,default,reuse,-0.013293372467160225,-0.015972079457715154,-0.010614665476605296,0.01283806562423706,1,0.5836122035980225,"{""default"": -0.013293372467160225}",,,,,,ok,0.5696948170661926,0.0,default,0.009880751371383667,0.559814065694809,-0.12256896495819092,0.734486848115921,0.6922637820243835,0.042223066091537476,-0.13244971632957458,False,-0.0604633092880249,-0.18467462062835693,"{""default"": {""feasible_both"": true, ""fold_a_harm"": -0.014018570072948933, ""fold_a_lcb"": -0.016652597622014584, ""fold_a_query_after"": 0.6213904023170471, ""fold_a_utility"": 0.0054975152015686035, ""fold_b_harm"": -0.013042634353041649, ""fold_b_lcb"": -0.015487297079525888, ""fold_b_query_after"": 0.4982377290725708, ""fold_b_utility"": 0.01426398754119873, ""harm_lcb_max"": -0.015487297079525888, ""harm_mean"": -0.01353060221299529, ""harm_se_mean"": 0.0012955842539668083, ""harm_ucb_max"": -0.01059797162655741, ""local_trainability"": 0.009880751371383667, ""query_after"": 0.559814065694809, ""query_before"": 0.5696948170661926, ""system_utility"": 0.009880751371383667}}"
29,B,1,B1,apparel,default,reuse,-0.01345819141715765,-0.01715985164511949,-0.009756531189195812,0.015157520771026611,1,0.5578155517578125,"{""default"": -0.01345819141715765}",,,,,,ok,0.5419875085353851,0.0,default,0.011194467544555664,0.5307930409908295,-0.12315535545349121,0.6718834340572357,0.6651428639888763,0.006740570068359375,-0.13434982299804688,False,-0.14727109670639038,-0.09903961420059204,"{""default"": {""feasible_both"": true, ""fold_a_harm"": -0.012700676918029785, ""fold_a_lcb"": -0.015394269982352852, ""fold_a_query_after"": 0.5093408226966858, ""fold_a_utility"": 0.01213449239730835, ""fold_b_harm"": -0.013089410960674286, ""fold_b_lcb"": -0.0161678131390363, ""fold_b_query_after"": 0.5522452592849731, ""fold_b_utility"": 0.010254442691802979, ""harm_lcb_max"": -0.015394269982352852, ""harm_mean"": -0.012895043939352036, ""harm_se_mean"": 0.0014724477659910917, ""harm_ucb_max"": -0.010007083853706718, ""local_trainability"": 0.011194467544555664, ""query_after"": 0.5307930409908295, ""query_before"": 0.5419875085353851, ""system_utility"": 0.011194467544555664}}"
30,B,1,B1,apparel,default,reuse,-0.00975240021944046,-0.014502115566283464,-0.005002684872597456,0.01384115219116211,1,0.6103845834732056,"{""default"": -0.00975240021944046}",,,,,,ok,0.6042660474777222,0.0,default,0.010497212409973145,0.593768835067749,-0.08575940132141113,0.7166588008403778,0.6900254487991333,0.026633352041244507,-0.09625661373138428,False,-0.011789500713348389,-0.15972930192947388,"{""default"": {""feasible_both"": true, ""fold_a_harm"": -0.009713885374367237, ""fold_a_lcb"": -0.014415931971743703, ""fold_a_query_after"": 0.6787399053573608, ""fold_a_utility"": 0.004038870334625244, ""fold_b_harm"": -0.00947992131114006, ""fold_b_lcb"": -0.013939570877701044, ""fold_b_query_after"": 0.5087977647781372, ""fold_b_utility"": 0.016955554485321045, ""harm_lcb_max"": -0.013939570877701044, ""harm_mean"": -0.009596903342753649, ""harm_se_mean"": 0.0023371673887595534, ""harm_ucb_max"": -0.005011838776990771, ""local_trainability"": 0.010497212409973145, ""query_after"": 0.593768835067749, ""query_before"": 0.6042660474777222, ""system_utility"": 0.010497212409973145}}"
31,B,1,B1,apparel,default,reuse,-0.010432252660393715,-0.016067552948370575,-0.004796952372416854,0.014855384826660156,1,0.5396007299423218,"{""default"": -0.010432252660393715}",,,,,,ok,0.5161844193935394,0.0,default,-0.0014157295227050781,0.5176001489162445,-0.24105432629585266,0.6973035335540771,0.7572387456893921,-0.05993521213531494,-0.23963859677314758,False,-0.30671006441116333,-0.175398588180542,"{""default"": {""feasible_both"": true, ""fold_a_harm"": -0.013301054015755653, ""fold_a_lcb"": -0.017049154047854245, ""fold_a_query_after"": 0.5059157609939575, ""fold_a_utility"": 0.0020142793655395508, ""fold_b_harm"": -0.00665394589304924, ""fold_b_lcb"": -0.015067637842148542, ""fold_b_query_after"": 0.5292845368385315, ""fold_b_utility"": -0.004845738410949707, ""harm_lcb_max"": -0.015067637842148542, ""harm_mean"": -0.009977499954402447, ""harm_se_mean"": 0.0031024979543872178, ""harm_ucb_max"": 0.0017597460560500617, ""local_trainability"": -0.0014157295227050781, ""query_after"": 0.5176001489162445, ""query_before"": 0.5161844193935394, ""system_utility"": -0.0014157295227050781}}"
32,B,1,B1,apparel,default,reuse,-0.011172165162861347,-0.018453341322019697,-0.003890989003702998,0.016450881958007812,1,0.597514808177948,"{""default"": -0.011172165162861347}",,,,,,ok,0.596416175365448,0.0,default,0.011205315589904785,0.5852108597755432,-0.1010890007019043,0.7107406556606293,0.6975051760673523,0.013235479593276978,-0.11229431629180908,False,-0.14774805307388306,-0.05442994832992554,"{""default"": {""feasible_both"": true, ""fold_a_harm"": -0.010828089900314808, ""fold_a_lcb"": -0.016161740012466907, ""fold_a_query_after"": 0.5512769222259521, ""fold_a_utility"": 0.015705525875091553, ""fold_b_harm"": -0.011186383664608002, ""fold_b_lcb"": -0.018815018218010664, ""fold_b_query_after"": 0.6191447973251343, ""fold_b_utility"": 0.006705105304718018, ""harm_lcb_max"": -0.016161740012466907, ""harm_mean"": -0.011007236782461405, ""harm_se_mean"": 0.0033067052718251944, ""harm_ucb_max"": -0.00355774911120534, ""local_trainability"": 0.011205315589904785, ""query_after"": 0.5852108597755432, ""query_before"": 0.596416175365448, ""system_utility"": 0.011205315589904785}}"
33,A,2,A2,home,default,reuse,-0.013228443451225758,-0.017449238616973162,-0.009007648285478353,0.02024945616722107,1,0.3652990460395813,"{""default"": -0.013228443451225758}",,,,,,ok,0.3695792704820633,0.0,default,0.017674699425697327,0.35190457105636597,-0.2735842615365982,0.6641964912414551,0.6431635320186615,0.02103295922279358,-0.29125896096229553,False,-0.30469340085983276,-0.24247512221336365,"{""default"": {""feasible_both"": true, ""fold_a_harm"": -0.012808820232748985, ""fold_a_lcb"": -0.016778260255232453, ""fold_a_query_after"": 0.33621031045913696, ""fold_a_utility"": 0.017713546752929688, ""fold_b_harm"": -0.012431666254997253, ""fold_b_lcb"": -0.017397817447781565, ""fold_b_query_after"": 0.36759883165359497, ""fold_b_utility"": 0.017635852098464966, ""harm_lcb_max"": -0.016778260255232453, ""harm_mean"": -0.01262024324387312, ""harm_se_mean"": 0.0022794875549152493, ""harm_ucb_max"": -0.007465515062212944, ""local_trainability"": 0.017674699425697327, ""query_after"": 0.35190457105636597, ""query_before"": 0.3695792704820633, ""system_utility"": 0.017674699425697327}}"
34,A,2,A2,home,default,reuse,-0.016834387555718422,-0.020326328012160957,-0.013342447099275886,0.019625037908554077,1,0.45517492294311523,"{""default"": -0.016834387555718422}",,,,,,ok,0.4213508665561676,0.0,default,0.003341197967529297,0.4180096685886383,-0.34089669585227966,0.6883503496646881,0.7622475624084473,-0.07389721274375916,-0.34423789381980896,False,-0.19468897581100464,-0.4871044158935547,"{""default"": {""feasible_both"": true, ""fold_a_harm"": -0.018625225871801376, ""fold_a_lcb"": -0.024222113974392414, ""fold_a_query_after"": 0.5191552042961121, ""fold_a_utility"": -0.009690523147583008, ""fold_b_harm"": -0.014794746413826942, ""fold_b_lcb"": -0.01899875070899725, ""fold_b_query_after"": 0.31686413288116455, ""fold_b_utility"": 0.0163729190826416, ""harm_lcb_max"": -0.01899875070899725, ""harm_mean"": -0.01670998614281416, ""harm_se_mean"": 0.002500227652490139, ""harm_ucb_max"": -0.010590742118656635, ""local_trainability"": 0.003341197967529297, ""query_after"": 0.4180096685886383, ""query_before"": 0.4213508665561676, ""system_utility"": 0.003341197967529297}}"
35,A,2,A2,home,default,reuse,-0.014318685047328472,-0.022126711849123237,-0.006510658245533705,0.030453264713287354,1,0.43195992708206177,"{""default"": -0.014318685047328472}",,,,,,ok,0.41227342188358307,0.0,default,0.027026131749153137,0.38524729013442993,-0.23241405189037323,0.6624383628368378,0.6446874737739563,0.01775088906288147,-0.25944018363952637,False,-0.22600114345550537,-0.2388269603252411,"{""default"": {""feasible_both"": true, ""fold_a_harm"": -0.014391284435987473, ""fold_a_lcb"": -0.021810290943831204, ""fold_a_query_after"": 0.3739263415336609, ""fold_a_utility"": 0.027166664600372314, ""fold_b_harm"": -0.014043371193110943, ""fold_b_lcb"": -0.021404721774160862, ""fold_b_query_after"": 0.396568238735199, ""fold_b_utility"": 0.02688559889793396, ""harm_lcb_max"": -0.021404721774160862, ""harm_mean"": -0.014217327814549208, ""harm_se_mean"": 0.0037704992573708296, ""harm_ucb_max"": -0.006682020612061024, ""local_trainability"": 0.027026131749153137, ""query_after"": 0.38524729013442993, ""query_before"": 0.41227342188358307, ""system_utility"": 0.027026131749153137}}"
36,A,2,A2,home,default,reuse,-0.005013854242861271,-0.016223571598529815,0.006195863112807273,0.01712992787361145,1,0.47480064630508423,"{""default"": -0.005013854242861271}",,,,,,ok,0.4540085792541504,0.0,default,0.011810794472694397,0.442197784781456,-0.23301711678504944,0.6860324144363403,0.6870256960391998,-0.000993281602859497,-0.24482791125774384,False,-0.29081934690475464,-0.17521488666534424,"{""default"": {""feasible_both"": true, ""fold_a_harm"": -0.005685891956090927, ""fold_a_lcb"": -0.01511338485404849, ""fold_a_query_after"": 0.35850563645362854, ""fold_a_utility"": 0.02263602614402771, ""fold_b_harm"": -0.0050371806137263775, ""fold_b_lcb"": -0.016595937609672547, ""fold_b_query_after"": 0.5258899331092834, ""fold_b_utility"": 0.000985562801361084, ""harm_lcb_max"": -0.01511338485404849, ""harm_mean"": -0.005361536284908652, ""harm_se_mean"": 0.005353635177016258, ""harm_ucb_max"": 0.006521576382219792, ""local_trainability"": 0.011810794472694397, ""query_after"": 0.442197784781456, ""query_before"": 0.4540085792541504, ""system_utility"": 0.011810794472694397}}"
37,A,2,A2,home,default,reuse,-0.01069924607872963,-0.018141889134421944,-0.0032566030230373145,0.01583331823348999,1,0.5089061260223389,"{""default"": -0.01069924607872963}",,,,,,ok,0.4940298944711685,0.0,default,0.006306201219558716,0.4877236932516098,-0.21646617352962494,0.720483124256134,0.7104960680007935,0.009987056255340576,-0.22277237474918365,False,-0.2934821546077728,-0.13945019245147705,"{""default"": {""feasible_both"": true, ""fold_a_harm"": -0.010248657315969467, ""fold_a_lcb"": -0.016631503645330666, ""fold_a_query_after"": 0.3746355473995209, ""fold_a_utility"": 0.022836625576019287, ""fold_b_harm"": -0.006438513286411762, ""fold_b_lcb"": -0.018652570582926273, ""fold_b_query_after"": 0.6008118391036987, ""fold_b_utility"": -0.010224223136901855, ""harm_lcb_max"": -0.016631503645330666, ""harm_mean"": -0.008343585301190615, ""harm_se_mean"": 0.004744108067825437, ""harm_ucb_max"": 0.005775544010102749, ""local_trainability"": 0.006306201219558716, ""query_after"": 0.4877236932516098, ""query_before"": 0.4940298944711685, ""system_utility"": 0.006306201219558716}}"
38,A,2,A2,home,default,reuse,-0.01441390160471201,-0.020340356519445775,-0.008487446689978242,0.021077126264572144,1,0.39132142066955566,"{""default"": -0.01441390160471201}",,,,,,ok,0.3719259649515152,0.0,default,0.013962149620056152,0.35796381533145905,-0.321752205491066,0.6911710202693939,0.6936781704425812,-0.002507150173187256,-0.33571435511112213,False,-0.40066057443618774,-0.2428438365459442,"{""default"": {""feasible_both"": true, ""fold_a_harm"": -0.012858150526881218, ""fold_a_lcb"": -0.018788412297144532, ""fold_a_query_after"": 0.2892606556415558, ""fold_a_utility"": 0.012016147375106812, ""fold_b_harm"": -0.013790743425488472, ""fold_b_lcb"": -0.018828770350664853, ""fold_b_query_after"": 0.4266669750213623, ""fold_b_utility"": 0.015908151865005493, ""harm_lcb_max"": -0.018788412297144532, ""harm_mean"": -0.013324446976184845, ""harm_se_mean"": 0.0027980328304693103, ""harm_ucb_max"": -0.006927888756617904, ""local_trainability"": 0.013962149620056152, ""query_after"": 0.35796381533145905, ""query_before"": 0.3719259649515152, ""system_utility"": 0.013962149620056152}}"
39,A,2,A2,home,default,reuse,-0.00739445211365819,-0.017110891826450824,0.0023219875991344445,0.0333632230758667,1,0.33462265133857727,"{""default"": -0.00739445211365819}",,,,,,ok,0.3118962347507477,0.0,default,0.028987646102905273,0.2829085886478424,-0.3839334547519684,0.7254663407802582,0.6958296895027161,0.029636651277542114,-0.41292110085487366,False,-0.36101213097572327,-0.4068547785282135,"{""default"": {""feasible_both"": true, ""fold_a_harm"": -0.007832303643226624, ""fold_a_lcb"": -0.01700758118182421, ""fold_a_query_after"": 0.30645841360092163, ""fold_a_utility"": 0.028429299592971802, ""fold_b_harm"": -0.006664006505161524, ""fold_b_lcb"": -0.01647176694124937, ""fold_b_query_after"": 0.2593587636947632, ""fold_b_utility"": 0.029545992612838745, ""harm_lcb_max"": -0.01647176694124937, ""harm_mean"": -0.007248155074194074, ""harm_se_mean"": 0.004842611728236079, ""harm_ucb_max"": 0.003143753930926323, ""local_trainability"": 0.028987646102905273, ""query_after"": 0.2829085886478424, ""query_before"": 0.3118962347507477, ""system_utility"": 0.028987646102905273}}"
40,A,2,A2,home,default,reuse,-0.011915569193661213,-0.017849138574674725,-0.0059819998126477,0.0038841962814331055,1,0.5331159234046936,"{""default"": -0.011915569193661213}",,,,,,ok,0.5357185006141663,0.0,default,-0.02215251326560974,0.557871013879776,-0.09336405992507935,0.6476249694824219,0.6290825605392456,0.01854240894317627,-0.0712115466594696,False,-0.224076509475708,0.037348389625549316,"{""default"": {""feasible_both"": true, ""fold_a_harm"": -0.011156337335705757, ""fold_a_lcb"": -0.01800092028453946, ""fold_a_query_after"": 0.4426270127296448, ""fold_a_utility"": -0.008783280849456787, ""fold_b_harm"": -0.015570783987641335, ""fold_b_lcb"": -0.024224043153226377, ""fold_b_query_after"": 0.6731150150299072, ""fold_b_utility"": -0.035521745681762695, ""harm_lcb_max"": -0.01800092028453946, ""harm_mean"": -0.013363560661673546, ""harm_se_mean"": 0.003953531151637435, ""harm_ucb_max"": -0.004311754386872054, ""local_trainability"": -0.02215251326560974, ""query_after"": 0.557871013879776, ""query_before"": 0.5357185006141663, ""system_utility"": -0.02215251326560974}}"
41,A,2,A2,home,default,reuse,-0.015187297947704792,-0.021599190831184386,-0.008775405064225198,0.024038583040237427,1,0.3258751332759857,"{""default"": -0.015187297947704792}",,,,,,ok,0.30525027215480804,0.0,default,0.017189808189868927,0.2880604639649391,-0.4133336991071701,0.7320170998573303,0.7185839712619781,0.013433128595352173,-0.43052350729703903,False,-0.49184539914131165,-0.33482199907302856,"{""default"": {""feasible_both"": true, ""fold_a_harm"": -0.014975540339946747, ""fold_a_lcb"": -0.02118488541804254, ""fold_a_query_after"": 0.18685723841190338, ""fold_a_utility"": 0.019990459084510803, ""fold_b_harm"": -0.012808294035494328, ""fold_b_lcb"": -0.019523170087486504, ""fold_b_query_after"": 0.38926368951797485, ""fold_b_utility"": 0.01438915729522705, ""harm_lcb_max"": -0.019523170087486504, ""harm_mean"": -0.013891917187720537, ""harm_se_mean"": 0.0032969951862469316, ""harm_ucb_max"": -0.00609341798350215, ""local_trainability"": 0.017189808189868927, ""query_after"": 0.2880604639649391, ""query_before"": 0.30525027215480804, ""system_utility"": 0.017189808189868927}}"
42,A,2,A2,home,default,reuse,-0.013356981799006462,-0.02274522967636585,-0.0039687339216470715,0.03139004111289978,1,0.3619476556777954,"{""default"": -0.013356981799006462}",,,,,,ok,0.354755237698555,0.0,default,0.026108644902706146,0.32864659279584885,-0.3668336719274521,0.7300523817539215,0.7215889096260071,0.008463472127914429,-0.39294231683015823,False,-0.4678288996219635,-0.2658384442329407,"{""default"": {""feasible_both"": true, ""fold_a_harm"": -0.012325644493103027, ""fold_a_lcb"": -0.021139669604599474, ""fold_a_query_after"": 0.24026988446712494, ""fold_a_utility"": 0.03682659566402435, ""fold_b_harm"": -0.01397939957678318, ""fold_b_lcb"": -0.023148493599146606, ""fold_b_query_after"": 0.41702330112457275, ""fold_b_utility"": 0.01539069414138794, ""harm_lcb_max"": -0.021139669604599474, ""harm_mean"": -0.013152522034943104, ""harm_se_mean"": 0.004587530391290784, ""harm_ucb_max"": -0.0035116193816065785, ""local_trainability"": 0.026108644902706146, ""query_after"": 0.32864659279584885, ""query_before"": 0.354755237698555, ""system_utility"": 0.026108644902706146}}"
43,A,2,A2,home,default,reuse,-0.015429975464940071,-0.03201698806136846,0.0011570371314883234,0.03012794256210327,1,0.22724974155426025,"{""default"": -0.015429975464940071}",,,,,,ok,0.22494099289178848,0.0,default,0.02424875646829605,0.20069223642349243,-0.5244260057806969,0.7191254496574402,0.7493669986724854,-0.030241549015045166,-0.5486747622489929,False,-0.41382741928100586,-0.6350245922803879,"{""default"": {""feasible_both"": true, ""fold_a_harm"": -0.015467236749827862, ""fold_a_lcb"": -0.03257856041193008, ""fold_a_query_after"": 0.2640756666660309, ""fold_a_utility"": 0.01951727271080017, ""fold_b_harm"": -0.013371740467846394, ""fold_b_lcb"": -0.025468019805848598, ""fold_b_query_after"": 0.13730880618095398, ""fold_b_utility"": 0.02898024022579193, ""harm_lcb_max"": -0.025468019805848598, ""harm_mean"": -0.014419488608837128, ""harm_se_mean"": 0.007450919132679701, ""harm_ucb_max"": 0.0016440869122743597, ""local_trainability"": 0.02424875646829605, ""query_after"": 0.20069223642349243, ""query_before"": 0.22494099289178848, ""system_utility"": 0.02424875646829605}}"
44,A,2,A2,home,default,reuse,0.006744437385350466,-0.017317636776715516,0.030806511547416447,0.03621184825897217,1,0.336108535528183,"{""default"": 0.006744437385350466}",,,,,,ok,0.2725532278418541,0.0,default,0.03132519870996475,0.24122802913188934,-0.4459924176335335,0.739234447479248,0.7185456454753876,0.020688802003860474,-0.47731761634349823,False,-0.3739873766899109,-0.5179974585771561,"{""default"": {""feasible_both"": true, ""fold_a_harm"": 0.006197964306920767, ""fold_a_lcb"": -0.017927852552384136, ""fold_a_query_after"": 0.298877477645874, ""fold_a_utility"": 0.019446074962615967, ""fold_b_harm"": 0.0038681775331497192, ""fold_b_lcb"": -0.016606385707855224, ""fold_b_query_after"": 0.18357858061790466, ""fold_b_utility"": 0.04320432245731354, ""harm_lcb_max"": -0.016606385707855224, ""harm_mean"": 0.005033070920035243, ""harm_se_mean"": 0.01137764798477292, ""harm_ucb_max"": 0.03032378116622567, ""local_trainability"": 0.03132519870996475, ""query_after"": 0.24122802913188934, ""query_before"": 0.2725532278418541, ""system_utility"": 0.03132519870996475}}"
45,A,2,A2,home,default,reuse,0.0019059916958212852,-0.014294411949813367,0.018106395341455937,-0.017565280199050903,1,0.4072255790233612,"{""default"": 0.0019059916958212852}",,,,,,ok,0.39892716705799103,0.0,default,-0.062282055616378784,0.4612092226743698,-0.36102844774723053,0.6966468095779419,0.7599556148052216,-0.06330880522727966,-0.29874639213085175,False,-0.05987054109573364,-0.6621863543987274,"{""default"": {""feasible_both"": true, ""fold_a_harm"": 0.009272066876292229, ""fold_a_lcb"": -0.018487479835748673, ""fold_a_query_after"": 0.7848687767982483, ""fold_a_utility"": -0.13903433084487915, ""fold_b_harm"": 0.0014832541346549988, ""fold_b_lcb"": -0.013655651975423098, ""fold_b_query_after"": 0.13754966855049133, ""fold_b_utility"": 0.014470219612121582, ""harm_lcb_max"": -0.013655651975423098, ""harm_mean"": 0.005377660505473614, ""harm_se_mean"": 0.010943482862785459, ""harm_ucb_max"": 0.03703161358833313, ""local_trainability"": -0.062282055616378784, ""query_after"": 0.4612092226743698, ""query_before"": 0.39892716705799103, ""system_utility"": -0.062282055616378784}}"
46,A,2,A2,home,default,reuse,-0.0016764504835009575,-0.008494822168722748,0.005141921201720833,-0.006959974765777588,1,0.6356589794158936,"{""default"": -0.0016764504835009575}",,,,,,ok,0.5953042209148407,0.0,default,-0.02120259404182434,0.616506814956665,-0.0999571681022644,0.6926371455192566,0.6952613890171051,-0.0026242434978485107,-0.07875457406044006,False,-0.035881221294403076,-0.16403311491012573,"{""default"": {""feasible_both"": true, ""fold_a_harm"": -0.0006721400422975421, ""fold_a_lcb"": -0.00884665449615568, ""fold_a_query_after"": 0.692750096321106, ""fold_a_utility"": -0.023008644580841064, ""fold_b_harm"": -0.00033727451227605343, ""fold_b_lcb"": -0.007977682389318943, ""fold_b_query_after"": 0.5402635335922241, ""fold_b_utility"": -0.019396543502807617, ""harm_lcb_max"": -0.007977682389318943, ""harm_mean"": -0.0005047072772867978, ""harm_se_mean"": 0.004034418961964548, ""harm_ucb_max"": 0.0075023744115605955, ""local_trainability"": -0.02120259404182434, ""query_after"": 0.616506814956665, ""query_before"": 0.5953042209148407, ""system_utility"": -0.02120259404182434}}"
47,A,2,A2,home,default,reuse,-0.009869827888906002,-0.017517472989857195,-0.002222182787954808,0.014519959688186646,1,0.3230786621570587,"{""default"": -0.009869827888906002}",,,,,,ok,0.30860409513115883,0.0,default,0.003974061459302902,0.3046300336718559,-0.33472466096282005,0.6574209630489349,0.6433287560939789,0.014092206954956055,-0.33869872242212296,False,-0.09988290071487427,-0.5695664212107658,"{""default"": {""feasible_both"": true, ""fold_a_harm"": -0.00721184816211462, ""fold_a_lcb"": -0.015785033758729694, ""fold_a_query_after"": 0.5632351040840149, ""fold_a_utility"": -0.0007296204566955566, ""fold_b_harm"": -0.00951921846717596, ""fold_b_lcb"": -0.01691228843294084, ""fold_b_query_after"": 0.04602496325969696, ""fold_b_utility"": 0.008677743375301361, ""harm_lcb_max"": -0.015785033758729694, ""harm_mean"": -0.00836553331464529, ""harm_se_mean"": 0.004073024378158152, ""harm_ucb_max"": 0.0013613374345004554, ""local_trainability"": 0.003974061459302902, ""query_after"": 0.3046300336718559, ""query_before"": 0.30860409513115883, ""system_utility"": 0.003974061459302902}}"
48,A,2,A2,home,default,reuse,-0.0018168915994465351,-0.005770118031650781,0.002136334832757711,0.004099339246749878,1,0.3209090232849121,"{""default"": -0.0018168915994465351}",,,,,,ok,0.315150186419487,0.0,default,-0.012147650122642517,0.3272978365421295,-0.3860959857702255,0.727594405412674,0.7012461721897125,0.026348233222961426,-0.373948335647583,False,-0.45221495628356934,-0.3199770152568817,"{""default"": {""feasible_both"": true, ""fold_a_harm"": 0.006769063416868448, ""fold_a_lcb"": -0.006026663333177567, ""fold_a_query_after"": 0.2732590436935425, ""fold_a_utility"": -0.01807725429534912, ""fold_b_harm"": -0.0029510059393942356, ""fold_b_lcb"": -0.006694406499154866, ""fold_b_query_after"": 0.38133662939071655, ""fold_b_utility"": -0.006218045949935913, ""harm_lcb_max"": -0.006026663333177567, ""harm_mean"": 0.0019090287387371063, ""harm_se_mean"": 0.0042191651300527155, ""harm_ucb_max"": 0.019564790166914463, ""local_trainability"": -0.012147650122642517, ""query_after"": 0.3272978365421295, ""query_before"": 0.315150186419487, ""system_utility"": -0.012147650122642517}}"
49,C,1,C1,drugstore,default,reuse,-0.002938461722806096,-0.0060409846343100065,0.00016406118869781482,0.011381447315216064,1,0.5330878496170044,"{""default"": -0.002938461722806096}",,,,,,ok,0.46647249162197113,0.0,default,-0.010623589158058167,0.4770960807800293,-0.21441061794757843,0.6748617589473724,0.6808831095695496,-0.006021350622177124,-0.20378702878952026,False,-0.6410305202007294,0.2122092843055725,"{""default"": {""feasible_both"": true, ""fold_a_harm"": -0.006505854427814484, ""fold_a_lcb"": -0.011218975223600864, ""fold_a_query_after"": 0.06894183158874512, ""fold_a_utility"": 0.0014882981777191162, ""fold_b_harm"": 0.005921740550547838, ""fold_b_lcb"": -0.004082476813346147, ""fold_b_query_after"": 0.8852503299713135, ""fold_b_utility"": -0.02273547649383545, ""harm_lcb_max"": -0.004082476813346147, ""harm_mean"": -0.0002920569386333227, ""harm_se_mean"": 0.003754422999918461, ""harm_ucb_max"": 0.015925957914441825, ""local_trainability"": -0.010623589158058167, ""query_after"": 0.4770960807800293, ""query_before"": 0.46647249162197113, ""system_utility"": -0.010623589158058167}}"
50,C,1,C1,drugstore,default,reuse,-0.0014504081336781383,-0.0033643068047240375,0.0004634905373677612,0.010325849056243896,1,0.750632107257843,"{""default"": -0.0014504081336781383}",,,,,,ok,0.7714560367166996,0.0,default,-0.017444394528865814,0.7889004312455654,0.07868808880448341,0.69489985704422,0.6927679479122162,0.002131909132003784,0.09613248333334923,True,-0.5935634300112724,0.7509396076202393,"{""default"": {""feasible_both"": true, ""fold_a_harm"": -0.0013709869235754013, ""fold_a_lcb"": -0.0035156804323196412, ""fold_a_query_after"": 0.09713923186063766, ""fold_a_utility"": 0.0011128932237625122, ""fold_b_harm"": -0.0015878838021308184, ""fold_b_lcb"": -0.00646000949665904, ""fold_b_query_after"": 1.4806616306304932, ""fold_b_utility"": -0.03600168228149414, ""harm_lcb_max"": -0.0035156804323196412, ""harm_mean"": -0.0014794353628531098, ""harm_se_mean"": 0.0017900048987939954, ""harm_ucb_max"": 0.0032842418923974036, ""local_trainability"": -0.017444394528865814, ""query_after"": 0.7889004312455654, ""query_before"": 0.7714560367166996, ""system_utility"": -0.017444394528865814}}"
51,C,1,C1,drugstore,default,reuse,-0.005391602870076895,-0.010219035660848022,-0.0005641700793057678,0.01461029052734375,1,0.4194563627243042,"{""default"": -0.005391602870076895}",,,,,,ok,0.36859020590782166,0.0,default,-7.198750972747803e-05,0.36866219341754913,-0.3244255483150482,0.6848704516887665,0.6930157542228699,-0.008145302534103394,-0.32435356080532074,False,-0.28593921661376953,-0.3629118800163269,"{""default"": {""feasible_both"": true, ""fold_a_harm"": -0.010711288079619408, ""fold_a_lcb"": -0.01972229765728116, ""fold_a_query_after"": 0.42274194955825806, ""fold_a_utility"": 0.0004509091377258301, ""fold_b_harm"": 0.00022769480710849166, ""fold_b_lcb"": -0.0024723026459105312, ""fold_b_query_after"": 0.3145824372768402, ""fold_b_utility"": -0.0005948841571807861, ""harm_lcb_max"": -0.0024723026459105312, ""harm_mean"": -0.005241796636255458, ""harm_se_mean"": 0.002987501793541014, ""harm_ucb_max"": 0.0029276922601275145, ""local_trainability"": -7.198750972747803e-05, ""query_after"": 0.36866219341754913, ""query_before"": 0.36859020590782166, ""system_utility"": -7.198750972747803e-05}}"
52,C,1,C1,drugstore,default,reuse,-0.004012066870927811,-0.013638226334005594,0.0056140925921499725,0.0314825177192688,1,0.7508518695831299,"{""default"": -0.004012066870927811}",,,,,,ok,0.6739157736301422,0.0,default,0.012476116418838501,0.6614396572113037,0.0035488903522491455,0.676928848028183,0.6703668832778931,0.006561964750289917,-0.008927226066589355,False,-0.30207520723342896,0.30917298793792725,"{""default"": {""feasible_both"": true, ""fold_a_harm"": -0.0024618920870125294, ""fold_a_lcb"": -0.007937936941161752, ""fold_a_query_after"": 0.3464322090148926, ""fold_a_utility"": 0.016016900539398193, ""fold_b_harm"": -0.0043510813266038895, ""fold_b_lcb"": -0.014254706799983977, ""fold_b_query_after"": 0.9764471054077148, ""fold_b_utility"": 0.008935332298278809, ""harm_lcb_max"": -0.007937936941161752, ""harm_mean"": -0.0034064867068082094, ""harm_se_mean"": 0.003923385287635028, ""harm_ucb_max"": 0.005552544146776198, ""local_trainability"": 0.012476116418838501, ""query_after"": 0.6614396572113037, ""query_before"": 0.6739157736301422, ""system_utility"": 0.012476116418838501}}"
53,C,1,C1,drugstore,default,reuse,-0.012889348901808262,-0.026745635848492384,0.0009669380448758605,0.021202147006988525,1,0.5165296196937561,"{""default"": -0.012889348901808262}",,,,,,ok,0.5403619110584259,0.0,default,0.011373281478881836,0.5289886295795441,-0.17650628089904785,0.6825813949108124,0.7168681919574738,-0.03428679704666138,-0.1878795623779297,False,-0.20961707830429077,-0.14339548349380493,"{""default"": {""feasible_both"": true, ""fold_a_harm"": -0.010067228227853775, ""fold_a_lcb"": -0.02025398937985301, ""fold_a_query_after"": 0.4569118618965149, ""fold_a_utility"": 0.012934565544128418, ""fold_b_harm"": -0.013763010501861572, ""fold_b_lcb"": -0.028686772231012583, ""fold_b_query_after"": 0.6010653972625732, ""fold_b_utility"": 0.009811997413635254, ""harm_lcb_max"": -0.02025398937985301, ""harm_mean"": -0.011915119364857674, ""harm_se_mean"": 0.006405745632946491, ""harm_ucb_max"": 0.0011607512272894388, ""local_trainability"": 0.011373281478881836, ""query_after"": 0.5289886295795441, ""query_before"": 0.5403619110584259, ""system_utility"": 0.011373281478881836}}"
54,C,1,C1,drugstore,default,reuse,-0.0008445803541690111,-0.011226775301620364,0.009537614593282341,0.015728294849395752,1,0.30350005626678467,"{""default"": -0.0008445803541690111}",,,,,,ok,0.3971186876296997,0.0,default,-0.027355998754501343,0.42447468638420105,-0.2921997606754303,0.6828834712505341,0.68931844830513,-0.006434977054595947,-0.26484376192092896,False,-0.3086637258529663,-0.2757357954978943,"{""default"": {""feasible_both"": true, ""fold_a_harm"": 0.0006122749764472246, ""fold_a_lcb"": -0.018440086832270025, ""fold_a_query_after"": 0.461852490901947, ""fold_a_utility"": -0.07450681924819946, ""fold_b_harm"": 0.00011778413318097591, ""fold_b_lcb"": -0.005212964517995715, ""fold_b_query_after"": 0.3870968818664551, ""fold_b_utility"": 0.019794821739196777, ""harm_lcb_max"": -0.005212964517995715, ""harm_mean"": 0.00036502955481410027, ""harm_se_mean"": 0.006220181239768863, ""harm_ucb_max"": 0.019664636785164474, ""local_trainability"": -0.027355998754501343, ""query_after"": 0.42447468638420105, ""query_before"": 0.3971186876296997, ""system_utility"": -0.027355998754501343}}"
55,C,1,C1,drugstore,default,reuse,0.009784303605556488,-0.005652067512273788,0.025220674723386766,0.020731985569000244,1,0.4765395522117615,"{""default"": 0.009784303605556488}",,,,,,ok,0.4299495667219162,0.0,default,0.00910148024559021,0.420848086476326,-0.25910361111164093,0.7152582406997681,0.6890531778335571,0.026205062866210938,-0.26820509135723114,False,-0.22192198038101196,-0.2962852418422699,"{""default"": {""feasible_both"": true, ""fold_a_harm"": 0.006466575898230076, ""fold_a_lcb"": -0.006643593832850457, ""fold_a_query_after"": 0.4557129144668579, ""fold_a_utility"": 0.01413041353225708, ""fold_b_harm"": 0.012770092114806175, ""fold_b_lcb"": -0.004806027524173258, ""fold_b_query_after"": 0.38598325848579407, ""fold_b_utility"": 0.00407254695892334, ""harm_lcb_max"": -0.004806027524173258, ""harm_mean"": 0.009618334006518126, ""harm_se_mean"": 0.007828135043382645, ""harm_ucb_max"": 0.030346211753785608, ""local_trainability"": 0.00910148024559021, ""query_after"": 0.420848086476326, ""query_before"": 0.4299495667219162, ""system_utility"": 0.00910148024559021}}"
56,C,1,C1,drugstore,default,reuse,0.0009403328876942396,-0.0041050923522561785,0.005985758127644658,-0.002834141254425049,1,0.34685710072517395,"{""default"": 0.0009403328876942396}",,,,,,ok,0.32747672498226166,0.0,default,-0.024256624281406403,0.35173334926366806,-0.36357320845127106,0.7338974475860596,0.6910499334335327,0.042847514152526855,-0.33931658416986465,False,-0.18287646770477295,-0.5442699491977692,"{""default"": {""feasible_both"": true, ""fold_a_harm"": 0.009104602970182896, ""fold_a_lcb"": -0.00777688007801771, ""fold_a_query_after"": 0.565880298614502, ""fold_a_utility"": -0.04837369918823242, ""fold_b_harm"": 0.0010239899856969714, ""fold_b_lcb"": -0.004163977396674454, ""fold_b_query_after"": 0.13758639991283417, ""fold_b_utility"": -0.0001395493745803833, ""harm_lcb_max"": -0.004163977396674454, ""harm_mean"": 0.0050642964779399335, ""harm_se_mean"": 0.005629961844533682, ""harm_ucb_max"": 0.0259860860183835, ""local_trainability"": -0.024256624281406403, ""query_after"": 0.35173334926366806, ""query_before"": 0.32747672498226166, ""system_utility"": -0.024256624281406403}}"
57,C,1,C1,drugstore,default,reuse,0.0014158810954540968,-0.010799494134262204,0.013631256325170397,0.024286001920700073,1,0.40970730781555176,"{""default"": 0.0014158810954540968}",,,,,,ok,0.47163233160972595,0.0,default,0.017609581351280212,0.45402275025844574,-0.1991225779056549,0.6649814248085022,0.6707549095153809,-0.005773484706878662,-0.21673215925693512,False,-0.21125441789627075,-0.18699073791503906,"{""default"": {""feasible_both"": true, ""fold_a_harm"": 5.1175011321902275e-06, ""fold_a_lcb"": -0.009706107978709041, ""fold_a_query_after"": 0.47651684284210205, ""fold_a_utility"": 0.019808590412139893, ""fold_b_harm"": 0.0013502336805686355, ""fold_b_lcb"": -0.010336546287871897, ""fold_b_query_after"": 0.43152865767478943, ""fold_b_utility"": 0.015410572290420532, ""harm_lcb_max"": -0.009706107978709041, ""harm_mean"": 0.0006776755908504128, ""harm_se_mean"": 0.005458674859255552, ""harm_ucb_max"": 0.013037013649009168, ""local_trainability"": 0.017609581351280212, ""query_after"": 0.45402275025844574, ""query_before"": 0.47163233160972595, ""system_utility"": 0.017609581351280212}}"
58,C,1,C1,drugstore,default,reuse,0.009185869246721268,-0.00023246474564075394,0.018604203239083288,0.0011149942874908447,1,0.16623631119728088,"{""default"": 0.009185869246721268}",,,,,,ok,0.11859218031167984,0.0,,,,-0.5829634293913841,0.7075423300266266,0.701555609703064,0.005986720323562622,,False,-0.6166695654392242,-0.549257293343544,"{""default"": {""feasible_both"": false, ""fold_a_harm"": 0.004755503498017788, ""fold_a_lcb"": -0.0009386802930384875, ""fold_a_query_after"": 0.09291301667690277, ""fold_a_utility"": 0.001540347933769226, ""fold_b_harm"": 0.0165108535438776, ""fold_b_lcb"": 0.0008563955128192899, ""fold_b_query_after"": 0.1526515632867813, ""fold_b_utility"": -0.009920567274093628, ""harm_lcb_max"": 0.0008563955128192899, ""harm_mean"": 0.010633178520947695, ""harm_se_mean"": 0.005446082097478211, ""harm_ucb_max"": 0.03216531157493591, ""local_trainability"": -0.004190109670162201, ""query_after"": 0.12278228998184204, ""query_before"": 0.11859218031167984, ""system_utility"": -0.004190109670162201}}"
59,C,1,C1,drugstore,default,reuse,0.0039007600862532854,-0.010694178221747279,0.01849569839425385,0.012921065092086792,1,0.2822643518447876,"{""default"": 0.0039007600862532854}",,,,,,ok,0.31819383800029755,0.0,default,0.006481438875198364,0.3117123991250992,-0.39931584894657135,0.7043753564357758,0.7175096869468689,-0.01313433051109314,-0.4057972878217697,False,-0.3362480103969574,-0.4623836874961853,"{""default"": {""feasible_both"": true, ""fold_a_harm"": 0.0014572181971743703, ""fold_a_lcb"": -0.008572145770303905, ""fold_a_query_after"": 0.3456467092037201, ""fold_a_utility"": 0.011140525341033936, ""fold_b_harm"": 0.004070444963872433, ""fold_b_lcb"": -0.010643895901739597, ""fold_b_query_after"": 0.27777808904647827, ""fold_b_utility"": 0.001822352409362793, ""harm_lcb_max"": -0.008572145770303905, ""harm_mean"": 0.0027638315805234015, ""harm_se_mean"": 0.006312169600278139, ""harm_ucb_max"": 0.018784785829484462, ""local_trainability"": 0.006481438875198364, ""query_after"": 0.3117123991250992, ""query_before"": 0.31819383800029755, ""system_utility"": 0.006481438875198364}}"
60,C,1,C1,drugstore,default,reuse,0.0024545839987695217,-0.0024548668600618837,0.007364034857600927,-0.002276182174682617,1,0.35727444291114807,"{""default"": 0.0024545839987695217}",,,,,,ok,0.2586323209106922,0.0,default,-0.01472076028585434,0.27335308119654655,-0.4303992800414562,0.6864280104637146,0.6890316009521484,-0.002603590488433838,-0.4156785197556019,False,-0.5853773280978203,-0.27542123198509216,"{""default"": {""feasible_both"": true, ""fold_a_harm"": 0.0027574230916798115, ""fold_a_lcb"": -0.0025890508573502297, ""fold_a_query_after"": 0.11672761291265488, ""fold_a_utility"": -0.0033648163080215454, ""fold_b_harm"": 0.004152109380811453, ""fold_b_lcb"": -0.0034785477072000505, ""fold_b_query_after"": 0.42997854948043823, ""fold_b_utility"": -0.026076704263687134, ""harm_lcb_max"": -0.0025890508573502297, ""harm_mean"": 0.003454766236245632, ""harm_se_mean"": 0.00331049261149019, ""harm_ucb_max"": 0.011782766468822956, ""local_trainability"": -0.01472076028585434, ""query_after"": 0.27335308119654655, ""query_before"": 0.2586323209106922, ""system_utility"": -0.01472076028585434}}"
61,C,1,C1,drugstore,default,reuse,0.005759578198194504,-0.0017511483374983072,0.013270304733887316,0.010453879833221436,1,0.31843411922454834,"{""default"": 0.005759578198194504}",,,,,,ok,0.3464532345533371,0.0,default,-0.008601680397987366,0.35505491495132446,-0.37064678966999054,0.7249535918235779,0.7171000242233276,0.007853567600250244,-0.3620451092720032,False,-0.3616636395454407,-0.3796299397945404,"{""default"": {""feasible_both"": true, ""fold_a_harm"": -0.0026777456514537334, ""fold_a_lcb"": -0.00414548845263198, ""fold_a_query_after"": 0.33895158767700195, ""fold_a_utility"": -0.0012654662132263184, ""fold_b_harm"": 0.008480153977870941, ""fold_b_lcb"": -0.001494035683572292, ""fold_b_query_after"": 0.371158242225647, ""fold_b_utility"": -0.015937894582748413, ""harm_lcb_max"": -0.001494035683572292, ""harm_mean"": 0.002901204163208604, ""harm_se_mean"": 0.0029188603220973164, ""harm_ucb_max"": 0.018454343639314176, ""local_trainability"": -0.008601680397987366, ""query_after"": 0.35505491495132446, ""query_before"": 0.3464532345533371, ""system_utility"": -0.008601680397987366}}"
62,C,1,C1,drugstore,default,reuse,-0.001581014832481742,-0.0033567651943303646,0.00019473552936688054,0.00478285551071167,1,0.488483190536499,"{""default"": -0.001581014832481742}",,,,,,ok,0.49257391691207886,0.0,default,-0.004081271588802338,0.4966551885008812,-0.2043377161026001,0.724437415599823,0.696911633014679,0.027525782585144043,-0.20025644451379776,False,0.18588709831237793,-0.5945625305175781,"{""default"": {""feasible_both"": true, ""fold_a_harm"": -0.00012781965779140592, ""fold_a_lcb"": -0.0032017760933376847, ""fold_a_query_after"": 0.8889119625091553, ""fold_a_utility"": -0.010195255279541016, ""fold_b_harm"": -0.0005084063159301877, ""fold_b_lcb"": -0.00237014212179929, ""fold_b_query_after"": 0.10439841449260712, ""fold_b_utility"": 0.0020327121019363403, ""harm_lcb_max"": -0.00237014212179929, ""harm_mean"": -0.0003181129868607968, ""harm_se_mean"": 0.0012591051636263728, ""harm_ucb_max"": 0.002946136777754873, ""local_trainability"": -0.004081271588802338, ""query_after"": 0.4966551885008812, ""query_before"": 0.49257391691207886, ""system_utility"": -0.004081271588802338}}"
63,C,1,C1,drugstore,default,reuse,-0.008263682015240192,-0.015434193313121795,-0.0010931707173585893,0.01292949914932251,1,0.4276370406150818,"{""default"": -0.008263682015240192}",,,,,,ok,0.3713899999856949,0.0,default,-0.0005759894847869873,0.3719659894704819,-0.33880598843097687,0.7192701101303101,0.7101959884166718,0.009074121713638306,-0.3382299989461899,False,-0.3911803066730499,-0.2864316701889038,"{""default"": {""feasible_both"": true, ""fold_a_harm"": -0.009100005030632019, ""fold_a_lcb"": -0.016934431567788122, ""fold_a_query_after"": 0.3033699691295624, ""fold_a_utility"": -0.0016543865203857422, ""fold_b_harm"": -0.0007399008609354496, ""fold_b_lcb"": -0.003152476386167109, ""fold_b_query_after"": 0.44056200981140137, ""fold_b_utility"": 0.0005024075508117676, ""harm_lcb_max"": -0.003152476386167109, ""harm_mean"": -0.004919952945783734, ""harm_se_mean"": 0.0026140311383642256, ""harm_ucb_max"": 0.00167267466429621, ""local_trainability"": -0.0005759894847869873, ""query_after"": 0.3719659894704819, ""query_before"": 0.3713899999856949, ""system_utility"": -0.0005759894847869873}}"
64,C,1,C1,drugstore,default,reuse,-0.01063105184584856,-0.025820063147693872,0.004557959455996751,0.027684271335601807,1,0.3739926815032959,"{""default"": -0.01063105184584856}",,,,,,ok,0.36204900592565536,0.0,default,0.021079547703266144,0.3409694582223892,-0.3584456220269203,0.683284193277359,0.7204946279525757,-0.037210434675216675,-0.37952516973018646,False,-0.4652825742959976,-0.251608669757843,"{""default"": {""feasible_both"": true, ""fold_a_harm"": -0.01060880720615387, ""fold_a_lcb"": -0.02531740812584758, ""fold_a_query_after"": 0.2063184380531311, ""fold_a_utility"": 0.012835249304771423, ""fold_b_harm"": -0.009524867869913578, ""fold_b_lcb"": -0.02324822884052992, ""fold_b_query_after"": 0.47562047839164734, ""fold_b_utility"": 0.029323846101760864, ""harm_lcb_max"": -0.02324822884052992, ""harm_mean"": -0.010066837538033724, ""harm_se_mean"": 0.0072530515026301146, ""harm_ucb_max"": 0.004198493100702763, ""local_trainability"": 0.021079547703266144, ""query_after"": 0.3409694582223892, ""query_before"": 0.36204900592565536, ""system_utility"": 0.021079547703266144}}"
65,B,2,B2,apparel,default,reuse,-0.02430170215666294,-0.03698344685137272,-0.011619957461953163,0.08508145809173584,1,0.6422975063323975,"{""default"": -0.02430170215666294}",,,,,,ok,0.701517790555954,0.0,default,0.07398742437362671,0.6275303661823273,-0.039663106203079224,0.7090945243835449,0.7411808967590332,-0.03208637237548828,-0.11365053057670593,False,0.1403789520263672,-0.21970516443252563,"{""default"": {""feasible_both"": true, ""fold_a_harm"": -0.02231062948703766, ""fold_a_lcb"": -0.033641685228794814, ""fold_a_query_after"": 0.8033081293106079, ""fold_a_utility"": 0.12182223796844482, ""fold_b_harm"": -0.02417723648250103, ""fold_b_lcb"": -0.03677306726574898, ""fold_b_query_after"": 0.45175260305404663, ""fold_b_utility"": 0.026152610778808594, ""harm_lcb_max"": -0.033641685228794814, ""harm_mean"": -0.023243932984769344, ""harm_se_mean"": 0.006103797582909465, ""harm_ucb_max"": -0.010979573745280505, ""local_trainability"": 0.07398742437362671, ""query_after"": 0.6275303661823273, ""query_before"": 0.701517790555954, ""system_utility"": 0.07398742437362671}}"
66,B,2,B2,apparel,default,reuse,-0.015752924606204033,-0.03819613505154848,0.006690285839140414,0.06788516044616699,1,0.46254152059555054,"{""default"": -0.015752924606204033}",,,,,,ok,0.5251002907752991,0.0,default,0.06240065395832062,0.46269963681697845,-0.17592063546180725,0.7080537974834442,0.7010209262371063,0.007032871246337891,-0.23832128942012787,False,-0.2598000168800354,-0.0920412540435791,"{""default"": {""feasible_both"": true, ""fold_a_harm"": -0.01507482584565878, ""fold_a_lcb"": -0.03641017105430365, ""fold_a_query_after"": 0.39491185545921326, ""fold_a_utility"": 0.050524383783340454, ""fold_b_harm"": -0.015744153410196304, ""fold_b_lcb"": -0.03845404088497162, ""fold_b_query_after"": 0.5304874181747437, ""fold_b_utility"": 0.07427692413330078, ""harm_lcb_max"": -0.03641017105430365, ""harm_mean"": -0.015409489627927542, ""harm_se_mean"": 0.011236028745770454, ""harm_ucb_max"": 0.00696573406457901, ""local_trainability"": 0.06240065395832062, ""query_after"": 0.46269963681697845, ""query_before"": 0.5251002907752991, ""system_utility"": 0.06240065395832062}}"
67,B,2,B2,apparel,default,reuse,0.0016591527964919806,-0.013947005355730652,0.017265310948714613,0.018154025077819824,1,0.2634628117084503,"{""default"": 0.0016591527964919806}",,,,,,ok,0.25008612498641014,0.0,default,0.012624204158782959,0.23746192082762718,-0.5054308213293552,0.7156722247600555,0.7555169463157654,-0.03984472155570984,-0.5180550254881382,False,-0.3919157385826111,-0.6189459040760994,"{""default"": {""feasible_both"": true, ""fold_a_harm"": 0.0002719033509492874, ""fold_a_lcb"": -0.013924143854528665, ""fold_a_query_after"": 0.3945487141609192, ""fold_a_utility"": 0.02469491958618164, ""fold_b_harm"": 0.002789775375276804, ""fold_b_lcb"": -0.013324778247624635, ""fold_b_query_after"": 0.08037512749433517, ""fold_b_utility"": 0.0005534887313842773, ""harm_lcb_max"": -0.013324778247624635, ""harm_mean"": 0.0015308393631130457, ""harm_se_mean"": 0.007732296129688621, ""harm_ucb_max"": 0.018904328998178243, ""local_trainability"": 0.012624204158782959, ""query_after"": 0.23746192082762718, ""query_before"": 0.25008612498641014, ""system_utility"": 0.012624204158782959}}"
68,B,2,B2,apparel,default,reuse,0.013402553275227547,-0.007318874187767506,0.0341239807382226,-0.0019255578517913818,1,0.09835904836654663,"{""default"": 0.013402553275227547}",,,,,,ok,0.08680207654833794,0.0,default,-0.009974781423807144,0.09677685797214508,-0.5952362604439259,0.6656944751739502,0.6820383369922638,-0.0163438618183136,-0.5852614790201187,False,-0.5326767191290855,-0.6577958017587662,"{""default"": {""feasible_both"": true, ""fold_a_harm"": 0.019160578027367592, ""fold_a_lcb"": -0.007819383814930914, ""fold_a_query_after"": 0.141276553273201, ""fold_a_utility"": -0.02410189062356949, ""fold_b_harm"": 0.011198406107723713, ""fold_b_lcb"": -0.0069358618929982185, ""fold_b_query_after"": 0.05227716267108917, ""fold_b_utility"": 0.0041523277759552, ""harm_lcb_max"": -0.0069358618929982185, ""harm_mean"": 0.015179492067545652, ""harm_se_mean"": 0.011508732102811337, ""harm_ucb_max"": 0.0461405398696661, ""local_trainability"": -0.009974781423807144, ""query_after"": 0.09677685797214508, ""query_before"": 0.08680207654833794, ""system_utility"": -0.009974781423807144}}"
69,B,2,B2,apparel,default,reuse,0.010405655018985271,-0.009622273072600364,0.030433583110570907,0.009138822555541992,1,0.32766562700271606,"{""default"": 0.010405655018985271}",,,,,,ok,0.3377615362405777,0.0,default,-0.0028511062264442444,0.34061264246702194,-0.3701731413602829,0.6961989402770996,0.7079346776008606,-0.011735737323760986,-0.36732203513383865,False,-0.24237436056137085,-0.49797192215919495,"{""default"": {""feasible_both"": true, ""fold_a_harm"": 0.008650701493024826, ""fold_a_lcb"": -0.009278894402086735, ""fold_a_query_after"": 0.4334123432636261, ""fold_a_utility"": 0.0059066712856292725, ""fold_b_harm"": 0.012002024799585342, ""fold_b_lcb"": -0.009846673645079136, ""fold_b_query_after"": 0.24781294167041779, ""fold_b_utility"": -0.011608883738517761, ""harm_lcb_max"": -0.009278894402086735, ""harm_mean"": 0.010326363146305084, ""harm_se_mean"": 0.010147524066269398, ""harm_ucb_max"": 0.03385072324424982, ""local_trainability"": -0.0028511062264442444, ""query_after"": 0.34061264246702194, ""query_before"": 0.3377615362405777, ""system_utility"": -0.0028511062264442444}}"
70,B,2,B2,apparel,default,reuse,0.006022622808814049,-0.00623358553275466,0.018278831150382757,-0.0034450292587280273,1,0.3071697950363159,"{""default"": 0.006022622808814049}",,,,,,ok,0.3362199068069458,0.0,default,-0.00981806218624115,0.34603796899318695,-0.35774287581443787,0.7195906937122345,0.6939627826213837,0.02562791109085083,-0.3479248136281967,False,-0.31847986578941345,-0.3970058858394623,"{""default"": {""feasible_both"": true, ""fold_a_harm"": 0.005317073781043291, ""fold_a_lcb"": -0.005869591608643532, ""fold_a_query_after"": 0.3779997229576111, ""fold_a_utility"": -0.006851643323898315, ""fold_b_harm"": 0.006437262520194054, ""fold_b_lcb"": -0.006106048077344894, ""fold_b_query_after"": 0.3140762150287628, ""fold_b_utility"": -0.012784481048583984, ""harm_lcb_max"": -0.005869591608643532, ""harm_mean"": 0.005877168150618672, ""harm_se_mean"": 0.006053565302863717, ""harm_ucb_max"": 0.018980573117733, ""local_trainability"": -0.00981806218624115, ""query_after"": 0.34603796899318695, ""query_before"": 0.3362199068069458, ""system_utility"": -0.00981806218624115}}"
71,B,2,B2,apparel,adapter_1,spawn,0.019068367779254913,0.0015125410258769977,0.036624194532632826,,2,0.709867537021637,"{""default"": 0.019068367779254913}",,,,,,ok,0.30994024872779846,0.0,,,,-0.42014050483703613,0.703920990228653,0.7300807535648346,-0.02615976333618164,,False,-0.6371804177761078,-0.20310059189796448,"{""default"": {""feasible_both"": false, ""fold_a_harm"": 0.01600813865661621, ""fold_a_lcb"": 0.001078300196677446, ""fold_a_query_after"": 0.13319122791290283, ""fold_a_utility"": 0.003365129232406616, ""fold_b_harm"": 0.014052581042051315, ""fold_b_lcb"": 0.0005271026305854326, ""fold_b_query_after"": 0.465374231338501, ""fold_b_utility"": 0.0179499089717865, ""harm_lcb_max"": 0.001078300196677446, ""harm_mean"": 0.015030359849333763, ""harm_se_mean"": 0.007259009405970573, ""harm_ucb_max"": 0.030937977116554976, ""local_trainability"": 0.010657519102096558, ""query_after"": 0.2992827296257019, ""query_before"": 0.30994024872779846, ""system_utility"": 0.010657519102096558}}"
72,B,2,B2,apparel,adapter_1,warmup,,,,,2,0.6729342341423035,{},,,,,,warmup,,,,,,,,,,,,,,{}
73,B,2,B2,apparel,adapter_1,warmup,,,,,2,0.6932308673858643,{},,,,,,warmup,,,,,,,,,,,,,,{}
74,B,2,B2,apparel,adapter_1,warmup,,,,,2,0.6758193969726562,{},,,,,,warmup,,,,,,,,,,,,,,{}
75,B,2,B2,apparel,adapter_1,reuse,-0.005437452346086502,-0.012893277928233146,0.0020183732360601423,0.006003975868225098,2,0.6838077306747437,"{""adapter_1"": -0.005437452346086502, ""default"": 0.007712963968515396}",,,,,,ok,0.6871456503868103,0.0,adapter_1,0.0009095668792724609,0.6862360835075378,-0.015336424112319946,0.6939479410648346,0.7024820744991302,-0.008534133434295654,-0.016245990991592407,False,-0.014495849609375,-0.016176998615264893,"{""adapter_1"": {""feasible_both"": true, ""fold_a_harm"": -0.005257247015833855, ""fold_a_lcb"": -0.016249790154397488, ""fold_a_query_after"": 0.7052266001701355, ""fold_a_utility"": -0.0063558220863342285, ""fold_b_harm"": -0.005085994955152273, ""fold_b_lcb"": -0.010049945637583733, ""fold_b_query_after"": 0.6672455668449402, ""fold_b_utility"": 0.00817495584487915, ""harm_lcb_max"": -0.010049945637583733, ""harm_mean"": -0.005171620985493064, ""harm_se_mean"": 0.004070534138008952, ""harm_ucb_max"": 0.005735296122729779, ""local_trainability"": 0.0009095668792724609, ""query_after"": 0.6862360835075378, ""query_before"": 0.6871456503868103, ""system_utility"": 0.0009095668792724609}, ""default"": {""feasible_both"": false, ""fold_a_harm"": 0.00863637961447239, ""fold_a_lcb"": 0.0038920112978667026, ""fold_a_query_after"": 0.8551118969917297, ""fold_a_utility"": -0.15624111890792847, ""fold_b_harm"": 0.008759336546063423, ""fold_b_lcb"": 0.004436837369576096, ""fold_b_query_after"": 0.20996201038360596, ""fold_b_utility"": 0.4654585123062134, ""harm_lcb_max"": 0.004436837369576096, ""harm_mean"": 0.008697858080267906, ""harm_se_mean"": 0.002312976401299238, ""harm_ucb_max"": 0.013380747931078076, ""local_trainability"": -0.014498457312583923, ""query_after"": 0.5325369536876678, ""query_before"": 0.5180384963750839, ""system_utility"": 0.15460869669914246}}"
76,B,2,B2,apparel,default,reuse,0.007318648975342512,-0.00594398207962513,0.020581280030310154,0.007354706525802612,2,0.5108147859573364,"{""adapter_1"": -0.004942956380546093, ""default"": 0.007318648975342512}",,,,,,ok,0.725834459066391,0.0,default,0.2241184115409851,0.5017160475254059,0.0346280038356781,0.7349008619785309,0.6912064552307129,0.04369440674781799,-0.189490407705307,False,0.041333794593811035,0.027922213077545166,"{""adapter_1"": {""feasible_both"": true, ""fold_a_harm"": -0.004654345102608204, ""fold_a_lcb"": -0.005961824054829776, ""fold_a_query_after"": 0.7347455024719238, ""fold_a_utility"": 0.0036077499389648438, ""fold_b_harm"": -0.0048890067264437675, ""fold_b_lcb"": -0.006216232771985233, ""fold_b_query_after"": 0.7105103135108948, ""fold_b_utility"": 0.002805352210998535, ""harm_lcb_max"": -0.005961824054829776, ""harm_mean"": -0.004771675914525986, ""harm_se_mean"": 0.0006721186218783259, ""harm_ucb_max"": -0.0033468661503866315, ""local_trainability"": 0.0032065510749816895, ""query_after"": 0.7226279079914093, ""query_before"": 0.725834459066391, ""system_utility"": 0.0032065510749816895}, ""default"": {""feasible_both"": true, ""fold_a_harm"": 0.003924566321074963, ""fold_a_lcb"": -0.004259143546223641, ""fold_a_query_after"": 0.266151487827301, ""fold_a_utility"": 0.47220176458358765, ""fold_b_harm"": 0.005572951398789883, ""fold_b_lcb"": -0.005797763727605343, ""fold_b_query_after"": 0.7372806072235107, ""fold_b_utility"": -0.02396494150161743, ""harm_lcb_max"": -0.004259143546223641, ""harm_mean"": 0.004748758859932423, ""harm_se_mean"": 0.004988373722881079, ""harm_ucb_max"": 0.016943666525185107, ""local_trainability"": -0.001078978180885315, ""query_after"": 0.5017160475254059, ""query_before"": 0.5006370693445206, ""system_utility"": 0.2241184115409851}}"
77,B,2,B2,apparel,adapter_1,reuse,-0.004970086272805929,-0.006774138200562448,-0.0031660343450494108,0.005869090557098389,2,0.691186249256134,"{""adapter_1"": -0.004970086272805929, ""default"": 0.011853693053126335}",,,,,,ok,0.5866149514913559,0.0,adapter_1,-0.09939958155155182,0.6860145330429077,-0.11822552978992462,0.707234799861908,0.7048404812812805,0.0023943185806274414,-0.018825948238372803,False,-0.24086818099021912,0.004417121410369873,"{""adapter_1"": {""feasible_both"": true, ""fold_a_harm"": -0.003543368075042963, ""fold_a_lcb"": -0.008142033126205206, ""fold_a_query_after"": 0.7115073204040527, ""fold_a_utility"": -0.23361602425575256, ""fold_b_harm"": -0.0046484265476465225, ""fold_b_lcb"": -0.0063761507254093885, ""fold_b_query_after"": 0.6605217456817627, ""fold_b_utility"": 0.034816861152648926, ""harm_lcb_max"": -0.0063761507254093885, ""harm_mean"": -0.004095897311344743, ""harm_se_mean"": 0.0016138748032972217, ""harm_ucb_max"": 0.0010552969761192799, ""local_trainability"": 8.89897346496582e-05, ""query_after"": 0.6860145330429077, ""query_before"": 0.6861035227775574, ""system_utility"": -0.09939958155155182}, ""default"": {""feasible_both"": false, ""fold_a_harm"": 0.008744469843804836, ""fold_a_lcb"": 0.0031581224687397477, ""fold_a_query_after"": 0.47337567806243896, ""fold_a_utility"": 0.004515618085861206, ""fold_b_harm"": 0.025817368179559708, ""fold_b_lcb"": 0.01081767287105322, ""fold_b_query_after"": 0.7302991151809692, ""fold_b_utility"": -0.03496050834655762, ""harm_lcb_max"": 0.01081767287105322, ""harm_mean"": 0.017280919011682272, ""harm_se_mean"": 0.005251541500911117, ""harm_ucb_max"": 0.0408170634880662, ""local_trainability"": -0.015222445130348206, ""query_after"": 0.6018373966217041, ""query_before"": 0.5866149514913559, ""system_utility"": -0.015222445130348206}}"
78,B,2,B2,apparel,adapter_1,reuse,-0.003780800849199295,-0.007773566646501422,0.00021196494810283174,0.005277097225189209,2,0.6591429710388184,"{""adapter_1"": -0.003780800849199295, ""default"": 0.007351979613304138}",,,,,,ok,0.6659972071647644,0.0,adapter_1,-0.0018873810768127441,0.6678845882415771,-0.01756894588470459,0.6752412617206573,0.683566153049469,-0.008324891328811646,-0.015681564807891846,False,-0.013434648513793945,-0.021703243255615234,"{""adapter_1"": {""feasible_both"": true, ""fold_a_harm"": -0.0033424668945372105, ""fold_a_lcb"": -0.008235813686624169, ""fold_a_query_after"": 0.6899126768112183, ""fold_a_utility"": -0.0018929243087768555, ""fold_b_harm"": -0.005145922768861055, ""fold_b_lcb"": -0.007303960579447448, ""fold_b_query_after"": 0.645856499671936, ""fold_b_utility"": -0.0018818378448486328, ""harm_lcb_max"": -0.007303960579447448, ""harm_mean"": -0.004244194831699133, ""harm_se_mean"": 0.0017988226027227938, ""harm_ucb_max"": 0.0015508798975497487, ""local_trainability"": -0.0018873810768127441, ""query_after"": 0.6678845882415771, ""query_before"": 0.6659972071647644, ""system_utility"": -0.0018873810768127441}, ""default"": {""feasible_both"": false, ""fold_a_harm"": 0.007564326282590628, ""fold_a_lcb"": 0.002744132997468114, ""fold_a_query_after"": 0.19280828535556793, ""fold_a_utility"": 0.4952114671468735, ""fold_b_harm"": 0.013139352202415466, ""fold_b_lcb"": 0.004178546387702226, ""fold_b_query_after"": 0.7470028400421143, ""fold_b_utility"": -0.10302817821502686, ""harm_lcb_max"": 0.004178546387702226, ""harm_mean"": 0.010351839242503047, ""harm_se_mean"": 0.0035155609948560596, ""harm_ucb_max"": 0.022100158017128706, ""local_trainability"": -0.010545782744884491, ""query_after"": 0.4699055626988411, ""query_before"": 0.4593597799539566, ""system_utility"": 0.1960916444659233}}"
79,B,2,B2,apparel,adapter_1,reuse,-0.0020230268128216267,-0.007684495924040675,0.0036384422983974218,0.005631089210510254,2,0.6513378620147705,"{""adapter_1"": -0.0020230268128216267, ""default"": 0.02429700829088688}",,,,,,ok,0.6498635411262512,0.0,adapter_1,0.0037692785263061523,0.6460942625999451,-0.010701596736907959,0.6686617732048035,0.6605651378631592,0.008096635341644287,-0.014470875263214111,False,-0.011002182960510254,-0.010401010513305664,"{""adapter_1"": {""feasible_both"": true, ""fold_a_harm"": -0.0019393065012991428, ""fold_a_lcb"": -0.006978073166683316, ""fold_a_query_after"": 0.6405758857727051, ""fold_a_utility"": 0.004266142845153809, ""fold_b_harm"": -0.002585757989436388, ""fold_b_lcb"": -0.006918052220717072, ""fold_b_query_after"": 0.6516126394271851, ""fold_b_utility"": 0.003272414207458496, ""harm_lcb_max"": -0.006918052220717072, ""harm_mean"": -0.0022625322453677654, ""harm_se_mean"": 0.00239057675935328, ""harm_ucb_max"": 0.0030994601640850303, ""local_trainability"": 0.0037692785263061523, ""query_after"": 0.6460942625999451, ""query_before"": 0.6498635411262512, ""system_utility"": 0.0037692785263061523}, ""default"": {""feasible_both"": false, ""fold_a_harm"": 0.02768852934241295, ""fold_a_lcb"": 0.016393577121198176, ""fold_a_query_after"": 0.08570487797260284, ""fold_a_utility"": 0.559137150645256, ""fold_b_harm"": 0.01465543918311596, ""fold_b_lcb"": 0.007034557983279228, ""fold_b_query_after"": 0.9136537909507751, ""fold_b_utility"": -0.2587687373161316, ""harm_lcb_max"": 0.016393577121198176, ""harm_mean"": 0.021171984262764454, ""harm_se_mean"": 0.004825467709451914, ""harm_ucb_max"": 0.03898348156362772, ""local_trainability"": -0.004494871944189072, ""query_after"": 0.499679334461689, ""query_before"": 0.4951844625174999, ""system_utility"": 0.15018420666456223}}"
80,B,2,B2,apparel,adapter_1,reuse,-0.0038063805550336838,-0.00500423934077844,-0.0026085217692889276,0.003829360008239746,2,0.7008129358291626,"{""adapter_1"": -0.0038063805550336838, ""default"": 0.007295061834156513}",,,,,,ok,0.6981068551540375,0.0,adapter_1,-0.006774932146072388,0.7048817873001099,-0.032903045415878296,0.7055603563785553,0.7310099005699158,-0.025449544191360474,-0.026128113269805908,False,-0.06980204582214355,0.003995954990386963,"{""adapter_1"": {""feasible_both"": true, ""fold_a_harm"": -0.0032404945231974125, ""fold_a_lcb"": -0.004194340406684205, ""fold_a_query_after"": 0.611285388469696, ""fold_a_utility"": 0.003485739231109619, ""fold_b_harm"": -0.006198785733431578, ""fold_b_lcb"": -0.012489065509289504, ""fold_b_query_after"": 0.7984781861305237, ""fold_b_utility"": -0.017035603523254395, ""harm_lcb_max"": -0.004194340406684205, ""harm_mean"": -0.004719640128314495, ""harm_se_mean"": 0.0018479912396287546, ""harm_ucb_max"": 9.149404242634728e-05, ""local_trainability"": -0.006774932146072388, ""query_after"": 0.7048817873001099, ""query_before"": 0.6981068551540375, ""system_utility"": -0.006774932146072388}, ""default"": {""feasible_both"": false, ""fold_a_harm"": 0.011060629040002823, ""fold_a_lcb"": 0.003799103228375316, ""fold_a_query_after"": 0.2972964942455292, ""fold_a_utility"": 0.3174746334552765, ""fold_b_harm"": 0.007313051726669073, ""fold_b_lcb"": 0.0024559896253049376, ""fold_b_query_after"": 0.3376295566558838, ""fold_b_utility"": 0.4438130259513855, ""harm_lcb_max"": 0.003799103228375316, ""harm_mean"": 0.009186840383335948, ""harm_se_mean"": 0.0030914765084162354, ""harm_ucb_max"": 0.01832215485163033, ""local_trainability"": -0.006716415286064148, ""query_after"": 0.3174630254507065, ""query_before"": 0.31074661016464233, ""system_utility"": 0.380643829703331}}"
