step,concept,occurrence,segment,adapter,decision,best_risk,best_lcb,best_ucb,best_gain,num_adapters,loss,risks
1,A,1,A1,default,warmup,,,,,1,4.334893226623535,{}
2,A,1,A1,default,warmup,,,,,1,4.37839937210083,{}
3,A,1,A1,default,warmup,,,,,1,4.288119792938232,{}
4,A,1,A1,default,warmup,,,,,1,4.233612060546875,{}
5,A,1,A1,default,reuse,-0.05914483591914177,-0.0636830704472959,-0.054606601390987636,0.06456136703491211,1,4.120465278625488,"{""default"": -0.05914483591914177}"
6,A,1,A1,default,reuse,-0.057815149426460266,-0.061134003452025354,-0.05449629540089518,0.05954599380493164,1,4.171109199523926,"{""default"": -0.057815149426460266}"
7,A,1,A1,default,reuse,-0.060259535908699036,-0.06316471999976785,-0.05735435181763023,0.06256890296936035,1,4.046647071838379,"{""default"": -0.060259535908699036}"
8,A,1,A1,default,reuse,-0.06112097203731537,-0.06320653789676726,-0.05903540617786348,0.062334299087524414,1,3.9873805046081543,"{""default"": -0.06112097203731537}"
9,A,1,A1,default,reuse,-0.06736824661493301,-0.07075653787702323,-0.0639799553528428,0.07423734664916992,1,3.9149885177612305,"{""default"": -0.06736824661493301}"
10,A,1,A1,default,reuse,-0.0672675296664238,-0.07124920757487416,-0.06328585175797344,0.07275938987731934,1,3.9324488639831543,"{""default"": -0.0672675296664238}"
11,A,1,A1,default,reuse,-0.074959397315979,-0.07803248646203428,-0.07188630816992372,0.07651662826538086,1,3.846749782562256,"{""default"": -0.074959397315979}"
12,A,1,A1,default,reuse,-0.07958389818668365,-0.08254990252200514,-0.07661789385136217,0.0757455825805664,1,3.7404236793518066,"{""default"": -0.07958389818668365}"
13,A,1,A1,default,reuse,-0.0831582322716713,-0.08571366048417986,-0.08060280405916273,0.07825112342834473,1,3.7557883262634277,"{""default"": -0.0831582322716713}"
14,A,1,A1,default,reuse,-0.08409774303436279,-0.08689727981109172,-0.08129820625763387,0.09223079681396484,1,3.6041579246520996,"{""default"": -0.08409774303436279}"
15,A,1,A1,default,reuse,-0.09553217887878418,-0.09950158695690334,-0.09156277080066502,0.09667444229125977,1,3.512474536895752,"{""default"": -0.09553217887878418}"
16,A,1,A1,default,reuse,-0.09707294404506683,-0.10044237489812076,-0.09370351319201291,0.09680938720703125,1,3.4726614952087402,"{""default"": -0.09707294404506683}"
17,B,1,B1,default,reuse,-0.07974515855312347,-0.08291256708558649,-0.07657775002066046,-0.0022754669189453125,1,4.679004669189453,"{""default"": -0.07974515855312347}"
18,B,1,B1,default,reuse,-0.0617561936378479,-0.06554591945838183,-0.05796646781731397,0.002810955047607422,1,4.692197799682617,"{""default"": -0.0617561936378479}"
19,B,1,B1,default,reuse,-0.048317886888980865,-0.0511238469928503,-0.04551192678511143,0.026536941528320312,1,4.667726516723633,"{""default"": -0.048317886888980865}"
20,B,1,B1,default,reuse,-0.03711267560720444,-0.03948528896085918,-0.0347400622535497,0.037629127502441406,1,4.625082492828369,"{""default"": -0.03711267560720444}"
21,B,1,B1,default,reuse,-0.03156247362494469,-0.034177522799000146,-0.028947424450889228,0.0509037971496582,1,4.697420120239258,"{""default"": -0.03156247362494469}"
22,B,1,B1,default,reuse,-0.028037767857313156,-0.033170913690701125,-0.022904622023925184,0.05826282501220703,1,4.602974891662598,"{""default"": -0.028037767857313156}"
23,B,1,B1,default,reuse,-0.022756852209568024,-0.029160868981853126,-0.01635283543728292,0.06911468505859375,1,4.502786636352539,"{""default"": -0.022756852209568024}"
24,B,1,B1,default,reuse,-0.022734493017196655,-0.0305160142108798,-0.014952971823513508,0.07629966735839844,1,4.554387092590332,"{""default"": -0.022734493017196655}"
25,B,1,B1,default,reuse,-0.023313216865062714,-0.03252143817022443,-0.014104995559901,0.07671165466308594,1,4.3932108879089355,"{""default"": -0.023313216865062714}"
26,B,1,B1,default,reuse,-0.030347201973199844,-0.040445760171860454,-0.020248643774539235,0.08241701126098633,1,4.325643539428711,"{""default"": -0.030347201973199844}"
27,B,1,B1,default,reuse,-0.02471323311328888,-0.03577098747715354,-0.01365547874942422,0.07668828964233398,1,4.259284019470215,"{""default"": -0.02471323311328888}"
28,B,1,B1,default,reuse,-0.01626536250114441,-0.026748150251805783,-0.0057825747504830355,0.08055400848388672,1,4.267367362976074,"{""default"": -0.01626536250114441}"
29,B,1,B1,default,reuse,-0.02575390785932541,-0.037546597085893155,-0.013961218632757663,0.0765695571899414,1,4.303020477294922,"{""default"": -0.02575390785932541}"
30,B,1,B1,default,reuse,-0.023431330919265747,-0.034859307687729595,-0.012003354150801898,0.07363295555114746,1,4.0636749267578125,"{""default"": -0.023431330919265747}"
31,B,1,B1,default,reuse,-0.02629520744085312,-0.038236235342919825,-0.014354179538786411,0.07844948768615723,1,4.118075370788574,"{""default"": -0.02629520744085312}"
32,B,1,B1,default,reuse,-0.025998391211032867,-0.03763000143691897,-0.014366780985146762,0.07269954681396484,1,3.9929964542388916,"{""default"": -0.025998391211032867}"
33,A,2,A2,default,reuse,-0.02810852602124214,-0.03702710047364235,-0.019189951568841936,0.004451751708984375,1,3.2027628421783447,"{""default"": -0.02810852602124214}"
34,A,2,A2,default,reuse,-0.027830712497234344,-0.034375332845374945,-0.021286092149093747,0.011806488037109375,1,3.1649270057678223,"{""default"": -0.027830712497234344}"
35,A,2,A2,default,reuse,-0.02554095908999443,-0.030565546108409763,-0.0205163720715791,0.023348331451416016,1,3.153304100036621,"{""default"": -0.02554095908999443}"
36,A,2,A2,default,reuse,-0.028629593551158905,-0.031824707658961414,-0.025434479443356396,0.027818918228149414,1,3.1908109188079834,"{""default"": -0.028629593551158905}"
37,A,2,A2,default,reuse,-0.029410552233457565,-0.03245954141020775,-0.026361563056707383,0.036759138107299805,1,3.1146788597106934,"{""default"": -0.029410552233457565}"
38,A,2,A2,default,reuse,-0.033483684062957764,-0.038242461569607256,-0.02872490655630827,0.05130410194396973,1,3.0207443237304688,"{""default"": -0.033483684062957764}"
39,A,2,A2,default,reuse,-0.029740318655967712,-0.034232326038181785,-0.025248311273753644,0.04232382774353027,1,3.1229968070983887,"{""default"": -0.029740318655967712}"
40,A,2,A2,default,reuse,-0.032895978540182114,-0.03906721718609333,-0.026724739894270898,0.04921460151672363,1,3.0989415645599365,"{""default"": -0.032895978540182114}"
41,A,2,A2,default,reuse,-0.0261986143887043,-0.032792208641767503,-0.019605020135641096,0.0549776554107666,1,2.952350616455078,"{""default"": -0.0261986143887043}"
42,A,2,A2,default,reuse,-0.02725633978843689,-0.0354424299672246,-0.019070249609649183,0.05665731430053711,1,2.8769583702087402,"{""default"": -0.02725633978843689}"
43,A,2,A2,default,reuse,-0.02186517044901848,-0.03008633553981781,-0.013644005358219146,0.05123734474182129,1,2.9685616493225098,"{""default"": -0.02186517044901848}"
44,A,2,A2,default,reuse,-0.032567620277404785,-0.04203916536644101,-0.023096075188368557,0.05695962905883789,1,2.927097797393799,"{""default"": -0.032567620277404785}"
45,A,2,A2,default,reuse,-0.019492514431476593,-0.029991243332624436,-0.00899378553032875,0.058319091796875,1,2.893561840057373,"{""default"": -0.019492514431476593}"
46,A,2,A2,default,reuse,-0.026702452450990677,-0.0366166259534657,-0.01678827894851565,0.05264425277709961,1,2.783768653869629,"{""default"": -0.026702452450990677}"
47,A,2,A2,default,reuse,-0.0165768601000309,-0.02796605823561549,-0.005187661964446307,0.06642413139343262,1,2.837841510772705,"{""default"": -0.0165768601000309}"
48,A,2,A2,default,reuse,-0.013466961681842804,-0.027062070593237876,0.00012814722955226815,0.05513191223144531,1,2.681304693222046,"{""default"": -0.013466961681842804}"
49,C,1,C1,default,reuse,-0.02046523243188858,-0.03035532170906663,-0.010575143154710531,-0.03808879852294922,1,6.549066543579102,"{""default"": -0.02046523243188858}"
50,C,1,C1,default,reuse,-0.0015922002494335175,-0.009953334592282773,0.006768934093415738,0.03531932830810547,1,6.777484893798828,"{""default"": -0.0015922002494335175}"
51,C,1,C1,default,reuse,-0.004472080618143082,-0.010571626527234913,0.0016274652909487484,0.0963139533996582,1,6.642502784729004,"{""default"": -0.004472080618143082}"
52,C,1,C1,default,reuse,-0.001204129308462143,-0.007926748674362898,0.005518490057438612,0.1374673843383789,1,6.6608686447143555,"{""default"": -0.001204129308462143}"
53,C,1,C1,default,reuse,-0.0056344978511333466,-0.015419691875576973,0.00415069617331028,0.1750049591064453,1,6.545260429382324,"{""default"": -0.0056344978511333466}"
54,C,1,C1,default,reuse,-0.011742256581783295,-0.02914048809558153,0.005655974932014942,0.18691635131835938,1,6.428451061248779,"{""default"": -0.011742256581783295}"
55,C,1,C1,default,reuse,-0.014558639377355576,-0.030207968056201934,0.0010906893014907826,0.20409393310546875,1,6.280287742614746,"{""default"": -0.014558639377355576}"
56,C,1,C1,default,reuse,-0.010258324444293976,-0.028710070140659807,0.008193421252071856,0.1942462921142578,1,5.914237022399902,"{""default"": -0.010258324444293976}"
57,C,1,C1,default,reuse,-0.025823209434747696,-0.047940306253731246,-0.003706112615764142,0.2024388313293457,1,5.687933444976807,"{""default"": -0.025823209434747696}"
58,C,1,C1,default,reuse,-0.0026374757289886475,-0.021667399816215037,0.016392448358237742,0.19917535781860352,1,5.646496295928955,"{""default"": -0.0026374757289886475}"
59,C,1,C1,default,reuse,0.0039003081619739532,-0.013479514271020888,0.021280130594968794,0.19241619110107422,1,5.489645957946777,"{""default"": 0.0039003081619739532}"
60,C,1,C1,default,reuse,0.00729755312204361,-0.010943655483424665,0.025538761727511884,0.1739501953125,1,5.235842704772949,"{""default"": 0.00729755312204361}"
61,C,1,C1,default,reuse,0.0007646307349205017,-0.01706200938671827,0.018591270856559275,0.1586294174194336,1,4.994535446166992,"{""default"": 0.0007646307349205017}"
62,C,1,C1,default,reuse,0.0011251196265220642,-0.016941981241106987,0.019192220494151115,0.1580643653869629,1,4.901391506195068,"{""default"": 0.0011251196265220642}"
63,C,1,C1,default,reuse,0.003332950174808502,-0.015077691338956357,0.02174359168857336,0.14153718948364258,1,4.728610992431641,"{""default"": 0.003332950174808502}"
64,C,1,C1,default,reuse,0.0050895847380161285,-0.01273684363812208,0.022916013114154338,0.12205362319946289,1,4.690639972686768,"{""default"": 0.0050895847380161285}"
65,B,2,B2,default,reuse,-0.002838321030139923,-0.018351126797497272,0.012674484737217426,0.009441375732421875,1,3.914947509765625,"{""default"": -0.002838321030139923}"
66,B,2,B2,default,reuse,0.00935874879360199,-0.0034730577468872065,0.022190555334091186,0.008728504180908203,1,3.867199420928955,"{""default"": 0.00935874879360199}"
67,B,2,B2,default,reuse,0.0006664283573627472,-0.010837547704577446,0.01217040441930294,0.016258716583251953,1,3.8625574111938477,"{""default"": 0.0006664283573627472}"
68,B,2,B2,default,reuse,0.006156139075756073,-0.003570144977420569,0.015882423128932715,0.02236199378967285,1,3.823618173599243,"{""default"": 0.006156139075756073}"
69,B,2,B2,adapter_1,spawn,0.010304037481546402,0.0016343662142753596,0.018973708748817444,,2,4.364019393920898,"{""default"": 0.010304037481546402}"
70,B,2,B2,adapter_1,warmup,,,,,2,4.305130958557129,{}
71,B,2,B2,adapter_1,warmup,,,,,2,4.222696304321289,{}
72,B,2,B2,adapter_1,warmup,,,,,2,4.162318229675293,{}
73,B,2,B2,default,reuse,0.003367967903614044,-0.0056282103620469565,0.012364146169275045,0.02902388572692871,2,3.856327533721924,"{""adapter_1"": -0.06684298813343048, ""default"": 0.003367967903614044}"
74,B,2,B2,default,reuse,-9.163841605186462e-05,-0.008522792980074882,0.008339516147971153,0.026876449584960938,2,3.8219985961914062,"{""adapter_1"": -0.06844668090343475, ""default"": -9.163841605186462e-05}"
75,B,2,B2,default,reuse,-0.006613392382860184,-0.014410197585821152,0.0011834128201007842,0.035515546798706055,2,3.825688362121582,"{""adapter_1"": -0.0668531134724617, ""default"": -0.006613392382860184}"
76,B,2,B2,default,reuse,-0.005251873284578323,-0.012250809576362372,0.0017470630072057248,0.03483867645263672,2,3.79287052154541,"{""adapter_1"": -0.06893882155418396, ""default"": -0.005251873284578323}"
77,B,2,B2,default,reuse,-0.0019037425518035889,-0.009359730137512089,0.00555224503390491,0.04279184341430664,2,3.763774871826172,"{""adapter_1"": -0.06829783320426941, ""default"": -0.0019037425518035889}"
78,B,2,B2,default,reuse,-0.0055520422756671906,-0.012686684615910052,0.001582600064575672,0.0439913272857666,2,3.6914663314819336,"{""adapter_1"": -0.07043269276618958, ""default"": -0.0055520422756671906}"
79,B,2,B2,default,reuse,-0.008168205618858337,-0.015818972140550613,-0.0005174390971660614,0.047745704650878906,2,3.661818742752075,"{""adapter_1"": -0.06634004414081573, ""default"": -0.008168205618858337}"
80,B,2,B2,default,reuse,-0.010618805885314941,-0.018182758577167987,-0.0030548531934618955,0.05768299102783203,2,3.616290807723999,"{""adapter_1"": -0.06513869762420654, ""default"": -0.010618805885314941}"
