step,true_phase,strict_label_count,crosses_boundary,distance_to_boundary,current_loss,memory_loss_before,novelty,grad_cos,grad_conflict,virtual_interference,cable_lambda,cable_risk,cable_cur_before,cable_cur_after,cable_mem_before,cable_mem_after,adamw_I1,adamw_I3,adamw_I5,eval_memory_loss_before,future_harm
80,1,11,False,7,5.900123596191406,1.6858303546905518,0.009020388126373291,-0.303841769695282,0.303841769695282,0.001212000846862793,0.0019023090252595631,-0.0019023090252595631,5.900123596191406,5.884859085083008,1.6858303546905518,1.6869878768920898,0.06361687183380127,0.2965657711029053,0.6526679992675781,1.4816752672195435,1.6250818967819214
90,1,11,False,17,3.515803813934326,3.1899611949920654,0.01363217830657959,0.188618004322052,-0.188618004322052,-0.0004227161407470703,0.0008235298513193934,-0.0008235298513193934,3.515803813934326,3.5133748054504395,3.1899611949920654,3.189537763595581,0.03555035591125488,0.06829309463500977,0.0920712947845459,3.1455600261688232,1.075226068496704
100,1,11,False,27,2.0128841400146484,3.6886541843414307,0.008234024047851562,-0.01289573684334755,0.01289573684334755,6.365776062011719e-05,0.0011665120076685964,-0.0011665120076685964,2.0128841400146484,2.0102181434631348,3.6886541843414307,3.689237594604492,0.14574217796325684,0.39148926734924316,0.6658265590667725,4.230188846588135,1.597872257232666
110,1,11,False,37,1.3910895586013794,4.212416648864746,0.014042854309082031,0.12369241565465927,-0.12369241565465927,-0.00089263916015625,0.0023540068211397314,-0.0023540068211397314,1.3910895586013794,1.3879585266113281,4.212416648864746,4.211980819702148,0.033637046813964844,0.04235410690307617,0.11254358291625977,5.935976028442383,0.8105030059814453
120,1,11,False,32,1.1059482097625732,4.410706520080566,0.008321166038513184,-0.03777613490819931,0.03777613490819931,0.00031185150146484375,0.0036818683637103167,-0.0036818683637103167,1.1059482097625732,1.1017316579818726,4.410706520080566,4.411285400390625,0.04025125503540039,0.13100719451904297,0.2510080337524414,6.68096923828125,0.6417627334594727
130,1,11,False,22,0.9762014150619507,3.5178093910217285,0.006678640842437744,0.11733080446720123,-0.11733080446720123,-0.00077056884765625,0.0055731073500894235,-0.0055731073500894235,0.9762014150619507,0.9709627032279968,3.5178093910217285,3.517078399658203,0.006768226623535156,0.0189058780670166,0.04747939109802246,7.244697093963623,0.08926916122436523
140,1,11,False,12,0.7053159475326538,4.484208106994629,0.006986737251281738,0.08077304065227509,-0.08077304065227509,-0.00047969818115234375,0.0038488534375175076,-0.0038488534375175076,0.7053159475326538,0.7026918530464172,4.484208106994629,4.483630180358887,-0.008464336395263672,-0.014495849609375,0.00586700439453125,7.355663299560547,0.2231912612915039
150,1,11,True,2,0.6138618588447571,3.394928455352783,0.014371156692504883,0.23309652507305145,-0.23309652507305145,-0.0014300346374511719,0.006515613623375716,-0.006515613623375716,0.6138618588447571,0.6100763082504272,3.394928455352783,3.3937368392944336,-0.009015321731567383,-0.03419780731201172,-0.04754352569580078,7.495159149169922,-1.4967741966247559
160,2,22,False,8,7.900323867797852,2.9696412086486816,0.013874530792236328,0.5250973105430603,-0.5250973105430603,-0.005473613739013672,0.004913007775527944,-0.004913007775527944,7.900323867797852,7.875911235809326,2.9696412086486816,2.9642109870910645,-0.13989710807800293,-0.39867305755615234,-0.5934529304504395,3.178068161010742,-0.705101490020752
170,2,22,False,18,3.9374165534973145,2.4874162673950195,0.01578044891357422,-0.06488052010536194,0.06488052010536194,0.00016307830810546875,0.0015387410001781454,-0.0015387410001781454,3.9374165534973145,3.9311370849609375,2.4874162673950195,2.487555980682373,0.04124116897583008,0.15333938598632812,0.27265381813049316,2.1845285892486572,0.8880560398101807
180,2,22,False,28,2.5506982803344727,3.229811429977417,0.017490267753601074,-0.2524743676185608,0.2524743676185608,0.0005733966827392578,0.0009312038946949208,-0.0009312038946949208,2.5506982803344727,2.5478906631469727,3.229811429977417,3.2303595542907715,0.08588528633117676,0.32364487648010254,0.6699783802032471,3.1965956687927246,1.8348937034606934
190,2,22,False,38,1.1527413129806519,4.3712873458862305,0.00929170846939087,-0.032488733530044556,0.032488733530044556,0.00018405914306640625,0.0026306323126505937,-0.0026306323126505937,1.1527413129806519,1.149667739868164,4.3712873458862305,4.371443748474121,0.1565556526184082,0.4439277648925781,0.7058825492858887,5.098255634307861,1.4107213020324707
200,2,22,False,31,0.878269374370575,4.95635461807251,0.01744610071182251,-0.09682537615299225,0.09682537615299225,0.0006823539733886719,0.0035106517181924257,-0.0035106517181924257,0.878269374370575,0.8750748634338379,4.95635461807251,4.956984519958496,0.050020694732666016,0.15251731872558594,0.26416015625,5.945359230041504,0.402008056640625
210,2,22,False,21,0.7254527807235718,5.870661735534668,0.022198200225830078,-0.04483041912317276,0.04483041912317276,0.0003757476806640625,0.005173318746293565,-0.005173318746293565,0.7254527807235718,0.7216367721557617,5.870661735534668,5.871174335479736,0.022599220275878906,0.07792949676513672,0.1563410758972168,7.256555557250977,0.28136777877807617
220,2,22,False,11,0.4328274428844452,5.668158531188965,0.01078343391418457,0.17034703493118286,-0.17034703493118286,-0.0008535385131835938,0.003662355253123195,-0.003662355253123195,0.4328274428844452,0.4313352406024933,5.668158531188965,5.666936874389648,0.014661788940429688,0.02461385726928711,0.02988719940185547,7.275457382202148,0.25121164321899414
230,2,22,True,1,0.06261779367923737,4.80240535736084,0.06641721725463867,0.005928695201873779,-0.005928695201873779,-9.5367431640625e-06,0.0068186769476099585,-0.0068186769476099585,0.06261779367923737,0.06218990311026573,4.80240535736084,4.802476406097412,0.002357006072998047,0.012801170349121094,0.033684730529785156,7.445946216583252,-1.705965518951416
240,3,33,False,9,8.462028503417969,3.9877028465270996,0.022922933101654053,0.5259515047073364,-0.5259515047073364,-0.008872509002685547,0.005900297305770907,-0.005900297305770907,8.462028503417969,8.429584503173828,3.9877028465270996,3.979431629180908,-0.19012784957885742,-0.5543174743652344,-0.8582491874694824,3.236055374145508,-0.8748018741607666
250,3,33,False,19,4.126491546630859,2.7420763969421387,0.01661616563796997,-0.07258112728595734,0.07258112728595734,0.00015425682067871094,0.0007113274915286905,-0.0007113274915286905,4.126491546630859,4.123363018035889,2.7420763969421387,2.7422049045562744,0.015807390213012695,0.08977031707763672,0.19348955154418945,2.9558706283569336,0.5034871101379395
260,3,33,False,29,2.630380630493164,3.316326141357422,0.015360891819000244,-0.0836208164691925,0.0836208164691925,0.0001895427703857422,0.000863294869916098,-0.000863294869916098,2.630380630493164,2.628004789352417,3.316326141357422,3.3164587020874023,0.08846044540405273,0.32091617584228516,0.618969202041626,3.508394718170166,1.6411042213439941
270,3,33,False,28,1.4917004108428955,4.438408851623535,0.0123862624168396,0.22232939302921295,-0.22232939302921295,-0.0017161369323730469,0.0032935402547614734,-0.0032935402547614734,1.4917004108428955,1.4873783588409424,4.438408851623535,4.4366455078125,0.07675457000732422,0.1866598129272461,0.28078556060791016,4.919824600219727,0.5954160690307617
280,3,33,False,18,0.8145034313201904,4.500339508056641,0.01556694507598877,0.07432245463132858,-0.07432245463132858,-0.000652313232421875,0.005315547194007508,-0.005315547194007508,0.8145034313201904,0.810286283493042,4.500339508056641,4.499715328216553,-0.03595590591430664,-0.09964179992675781,-0.1351184844970703,5.40081787109375,0.07213020324707031
290,3,33,True,8,0.2983130216598511,4.197023391723633,0.01137852668762207,-0.03325160592794418,0.03325160592794418,9.34600830078125e-05,0.0022821539053564655,-0.0022821539053564655,0.2983130216598511,0.2976321578025818,4.197023391723633,4.197024345397949,0.009405136108398438,0.02354288101196289,0.05068492889404297,5.287835121154785,0.18782949447631836
300,4,44,False,2,11.337834358215332,4.533877849578857,0.010294616222381592,0.5942919254302979,-0.5942919254302979,-0.01926565170288086,0.00830103374862834,-0.00830103374862834,11.337834358215332,11.290592193603516,4.533877849578857,4.515055179595947,-0.10511064529418945,-0.41845226287841797,-0.7987880706787109,5.3871002197265625,-1.9374027252197266
310,4,44,False,12,6.1565937995910645,2.9044976234436035,0.017552077770233154,0.3107337951660156,-0.3107337951660156,-0.002184629440307617,0.002486253710473063,-0.002486253710473063,6.1565937995910645,6.145388126373291,2.9044976234436035,2.902559280395508,-0.12560033798217773,-0.31689882278442383,-0.4294612407684326,3.070669174194336,-0.4696033000946045
320,4,44,False,22,3.7021758556365967,2.699436664581299,0.01005023717880249,-0.04501568526029587,0.04501568526029587,8.463859558105469e-05,0.0008925231431547997,-0.0008925231431547997,3.7021758556365967,3.6987428665161133,2.699436664581299,2.699530601501465,0.019184112548828125,0.08247566223144531,0.17211151123046875,2.6479368209838867,0.6647086143493652
330,4,44,False,32,2.1821651458740234,2.9825856685638428,0.017205476760864258,-0.14749999344348907,0.14749999344348907,0.00045609474182128906,0.0014583016636567914,-0.0014583016636567914,2.1821651458740234,2.178612470626831,2.9825856685638428,2.983092784881592,0.08882284164428711,0.3137948513031006,0.5945489406585693,3.3303065299987793,1.354076862335205
340,4,44,False,33,1.2995014190673828,4.603247165679932,0.013422846794128418,0.2391282021999359,-0.2391282021999359,-0.001598358154296875,0.003385564547501385,-0.003385564547501385,1.2995014190673828,1.2954723834991455,4.603247165679932,4.601930618286133,0.08130025863647461,0.21044445037841797,0.3095698356628418,4.504210472106934,0.6296501159667969
350,4,44,False,23,0.5576181411743164,4.567865371704102,0.012195229530334473,0.04932904243469238,-0.04932904243469238,-0.00019550323486328125,0.0027916803952513503,-0.0027916803952513503,0.5576181411743164,0.5560704469680786,4.567865371704102,4.56779146194458,0.038161277770996094,0.1023712158203125,0.15836858749389648,5.2503662109375,0.31710004806518555
360,4,44,False,13,0.8662166595458984,4.306553840637207,0.01696956157684326,-0.005689723417162895,0.005689723417162895,4.57763671875e-05,0.0046349538158232395,-0.0046349538158232395,0.8662166595458984,0.8621664643287659,4.306553840637207,4.306730270385742,0.019049644470214844,0.06653738021850586,0.14218902587890625,5.911620140075684,0.2791433334350586
370,4,44,True,3,0.4067557156085968,4.357685089111328,0.014940857887268066,0.12802840769290924,-0.12802840769290924,-0.0005121231079101562,0.0032412432251289758,-0.0032412432251289758,0.4067557156085968,0.40547698736190796,4.357685089111328,4.3572587966918945,-0.006083488464355469,-0.016094207763671875,-0.011523246765136719,5.249741554260254,-0.9821109771728516
380,5,55,False,7,8.138602256774902,4.044193267822266,0.018740952014923096,0.42711007595062256,-0.42711007595062256,-0.00577545166015625,0.003762297212810628,-0.003762297212810628,8.138602256774902,8.119308471679688,4.044193267822266,4.0385518074035645,-0.18140554428100586,-0.5389978885650635,-0.8491613864898682,4.30031156539917,-1.3798706531524658
390,5,55,False,17,4.264208793640137,2.797415256500244,0.01681673526763916,-0.15902888774871826,0.15902888774871826,0.0004210472106933594,0.0005702539917532556,-0.0005702539917532556,4.264208793640137,4.261171340942383,2.797415256500244,2.7978129386901855,0.029841184616088867,0.17530608177185059,0.34364962577819824,2.7870187759399414,0.7467193603515625
400,5,55,False,27,2.7325260639190674,3.303865432739258,0.012543559074401855,0.3075801730155945,-0.3075801730155945,-0.0009911060333251953,0.0014246197605181088,-0.0014246197605181088,2.7325260639190674,2.7294085025787354,3.303865432739258,3.302927017211914,0.014453411102294922,0.04911041259765625,0.11978363990783691,3.4803597927093506,0.7866604328155518
410,5,55,False,28,1.7416908740997314,4.092510223388672,0.017287790775299072,0.25739389657974243,-0.25739389657974243,-0.0017476081848144531,0.003757433744257521,-0.003757433744257521,1.7416908740997314,1.7358763217926025,4.092510223388672,4.090789794921875,0.056761741638183594,0.13735485076904297,0.1921858787536621,4.246434211730957,0.43564462661743164
420,5,55,False,18,0.9705945253372192,3.828528881072998,0.016976237297058105,-0.006130743771791458,0.006130743771791458,3.8623809814453125e-05,0.0029270293421983506,-0.0029270293421983506,0.9705945253372192,0.9677610397338867,3.828528881072998,3.8284993171691895,0.00932168960571289,0.0344085693359375,0.07002568244934082,5.045694351196289,0.38307762145996094
430,5,55,True,8,0.6248466372489929,5.124506950378418,0.014058470726013184,-0.016738586127758026,0.016738586127758026,0.00020885467529296875,0.008611483579379353,-0.008611483579379353,0.6248466372489929,0.619443416595459,5.124506950378418,5.124691963195801,0.01943492889404297,0.06907463073730469,0.142547607421875,4.73555326461792,0.20580720901489258
440,6,66,False,2,10.589873313903809,4.780370712280273,0.010707616806030273,0.6740599274635315,-0.6740599274635315,-0.020984649658203125,0.008362644539071762,-0.008362644539071762,10.589873313903809,10.544572830200195,4.780370712280273,4.760759353637695,-0.12667512893676758,-0.48021364212036133,-0.9004645347595215,4.686633110046387,-1.515674114227295
450,6,66,False,12,5.758678436279297,2.6459689140319824,0.013360857963562012,0.2197834849357605,-0.2197834849357605,-0.001070261001586914,0.0016471153984906062,-0.0016471153984906062,5.758678436279297,5.751341819763184,2.6459689140319824,2.6449804306030273,-0.06866455078125,-0.14461803436279297,-0.16362619400024414,3.176760673522949,-0.32923412322998047
460,6,66,False,22,3.7966666221618652,2.987128973007202,0.013940095901489258,-0.01089865155518055,0.01089865155518055,1.7881393432617188e-05,0.0007905120768803009,-0.0007905120768803009,3.7966666221618652,3.7936601638793945,2.987128973007202,2.987133026123047,0.006325244903564453,0.02544713020324707,0.04872941970825195,2.9507193565368652,0.19449996948242188
470,6,66,False,32,2.760571002960205,3.100342273712158,0.01279592514038086,-0.09828737378120422,0.09828737378120422,0.00014925003051757812,0.0007989917396631352,-0.0007989917396631352,2.760571002960205,2.7582225799560547,3.100342273712158,3.1005027294158936,0.021042823791503906,0.08197832107543945,0.1807103157043457,2.964296817779541,0.6623814105987549
480,6,66,False,42,1.407027006149292,3.6706161499023438,0.006970047950744629,-0.16975845396518707,0.16975845396518707,0.0004439353942871094,0.0010862478925091068,-0.0010862478925091068,1.407027006149292,1.4052789211273193,3.6706161499023438,3.671190023422241,0.12373065948486328,0.3862004280090332,0.6442317962646484,3.9065170288085938,1.5672740936279297
490,6,66,False,52,0.21926167607307434,5.21517276763916,0.0160524845123291,-0.02138080820441246,0.02138080820441246,5.245208740234375e-05,0.0021630109438794953,-0.0021630109438794953,0.21926167607307434,0.2187802493572235,5.21517276763916,5.215343475341797,0.1033468246459961,0.2995281219482422,0.48924970626831055,4.9879608154296875,0.7315521240234375
500,6,66,False,62,0.17195579409599304,4.768847942352295,0.01227724552154541,-0.05380776897072792,0.05380776897072792,9.250640869140625e-05,0.00170209139062516,-0.00170209139062516,0.17195579409599304,0.17166149616241455,4.768847942352295,4.768892765045166,0.0324244499206543,0.09346151351928711,0.1660623550415039,5.89298152923584,
