step,adapter,selected,crossfit_feasible,crossfit_utility,crossfit_utility_positive,full_batch_cur_after,full_batch_cur_before,full_batch_gain,full_batch_harm,full_batch_harm_lcb,full_batch_harm_se,full_batch_harm_ucb,full_batch_safe
5,default,True,True,0.05659365653991699,True,4.074400901794434,4.1389617919921875,0.0645608901977539,-0.05914483591914177,-0.0636830704472959,0.002315425779670477,-0.054606601390987636,True
6,default,True,True,0.042658329010009766,True,4.075186729431152,4.134733200073242,0.059546470642089844,-0.05762501060962677,-0.06096332126297057,0.0017032197210937738,-0.05428669995628297,True
7,default,True,True,0.054621100425720215,True,3.976792812347412,4.039361953735352,0.06256914138793945,-0.058986108750104904,-0.0618163100630045,0.001443980261683464,-0.05615590743720531,True
8,default,True,True,0.04890155792236328,True,3.9038009643554688,3.966135263442993,0.062334299087524414,-0.061758000403642654,-0.0639957083715126,0.0011416877387091517,-0.05952029243577272,True
9,default,True,True,0.07021105289459229,True,3.8303985595703125,3.9046359062194824,0.07423734664916992,-0.0656941682100296,-0.06919835271313786,0.001787849236279726,-0.06218998370692134,True
10,default,True,True,0.06728434562683105,True,3.842886447906494,3.9156455993652344,0.07275915145874023,-0.06930109113454819,-0.07310842948034406,0.0019425195641815662,-0.06549375278875232,True
11,default,True,True,0.06857609748840332,True,3.736497640609741,3.813014507293701,0.07651686668395996,-0.07286317646503448,-0.07609270035754889,0.0016477162716910243,-0.06963365257252008,True
12,default,True,True,0.06310546398162842,True,3.673898458480835,3.7496438026428223,0.0757453441619873,-0.07953198254108429,-0.08286857527215034,0.0017023432301357388,-0.07619538981001824,True
13,default,True,True,0.07190179824829102,True,3.6428747177124023,3.721125841140747,0.07825112342834473,-0.08398393541574478,-0.08651126445271075,0.0012894535902887583,-0.08145660637877881,True
14,default,True,True,0.07718086242675781,True,3.5001440048217773,3.592374801635742,0.09223079681396484,-0.08726771920919418,-0.09080106549430639,0.0018027276964858174,-0.08373437292408198,True
15,default,True,True,0.08559787273406982,True,3.3955745697021484,3.492249011993408,0.09667444229125977,-0.0963965356349945,-0.10003795449621976,0.0018578667659312487,-0.09275511677376926,True
16,default,True,True,0.08540969628554124,True,3.3184638023376465,3.4152731895446777,0.09680938720703125,-0.09901288896799088,-0.10200198725331575,0.001525050145573914,-0.096023790682666,True
17,default,True,True,-0.029959440231323242,False,4.744426727294922,4.742151260375977,-0.0022754669189453125,-0.08363500982522964,-0.08660242199432105,0.0015139858005568385,-0.08066759765613823,True
22,adapter_1,True,True,0.03292679786682129,True,4.430910110473633,4.473484992980957,0.04257488250732422,-0.03464016318321228,-0.030027532586827874,0.0009847788605839014,-0.024912519743666053,True
22,default,False,True,-0.09927177429199219,False,4.555812835693359,4.596559524536133,0.04074668884277344,-0.03789418935775757,-0.03940041578840464,0.0007666518213227391,-0.03533249945379793,True
23,adapter_1,True,True,0.04515886306762695,True,4.411777973175049,4.460810661315918,0.04903268814086914,-0.03429969400167465,-0.026864690580405293,0.001321542775258422,-0.020804809532128276,True
23,default,False,True,-0.057471275329589844,False,4.51169490814209,4.5634765625,0.051781654357910156,-0.03826046735048294,-0.038318946482613685,0.0009511247626505792,-0.0325467814784497,True
24,adapter_1,True,True,0.04705381393432617,True,4.454975128173828,4.507483005523682,0.052507877349853516,-0.033514559268951416,-0.02389646930154413,0.0015833672368898988,-0.017011070125736296,True
24,default,False,True,-0.1124734878540039,False,4.6098785400390625,4.664329528808594,0.05445098876953125,-0.0368381030857563,-0.03368018738459796,0.0011589224450290203,-0.02735356815624982,True
25,adapter_1,True,True,0.04552268981933594,True,4.306416034698486,4.3587541580200195,0.0523381233215332,-0.03336872160434723,-0.021247121039777994,0.0018206251552328467,-0.013489340897649527,True
25,default,False,True,-0.0713815689086914,False,4.41726016998291,4.475645065307617,0.05838489532470703,-0.03761899471282959,-0.03237115006428212,0.0013163560070097446,-0.02534667242784053,True
26,adapter_1,True,True,0.05227947235107422,True,4.282466888427734,4.33787727355957,0.05541038513183594,-0.03083466738462448,-0.01851647392846644,0.0018744774861261249,-0.010446048816666007,True
26,default,False,True,-0.024945974349975586,False,4.3564300537109375,4.424420356750488,0.06799030303955078,-0.03610682487487793,-0.03128464777953923,0.001362368231639266,-0.023872849745675922,True
27,adapter_1,True,True,0.04638028144836426,True,4.221897125244141,4.274279594421387,0.052382469177246094,-0.031065938994288445,-0.01653482981957495,0.0021347750443965197,-0.007722733234986663,True
27,default,False,True,-0.04288172721862793,False,4.306159019470215,4.3685503005981445,0.06239128112792969,-0.03598262742161751,-0.02792942904867232,0.0016401050379499793,-0.01992395139299333,True
28,adapter_1,True,True,0.04847574234008789,True,4.205780029296875,4.259215354919434,0.053435325622558594,-0.030510282143950462,-0.014265045020729304,0.002298563253134489,-0.005126625802367926,True
28,default,False,True,-0.06382155418395996,False,4.313308238983154,4.377991676330566,0.06468343734741211,-0.035090938210487366,-0.024848961485549808,0.001814372604712844,-0.01647184674628079,True
29,adapter_1,True,True,0.04703474044799805,True,4.21086311340332,4.261516571044922,0.05065345764160156,-0.02887449786067009,-0.01201977077871561,0.0022876099683344364,-0.002935213409364224,True
29,default,False,True,-0.1097564697265625,False,4.3639116287231445,4.4234209060668945,0.05950927734375,-0.033712632954120636,-0.022278938693925738,0.001818741555325687,-0.013905022041872144,True
30,adapter_1,True,True,0.0454862117767334,True,4.048269271850586,4.09777307510376,0.04950380325317383,-0.027898147702217102,-0.010413843365386128,0.002350262366235256,-0.0009273410122841597,True
30,default,False,True,-0.0015063285827636719,False,4.090576171875,4.156416416168213,0.06584024429321289,-0.03353387117385864,-0.021866998597979546,0.001864961115643382,-0.013013021126389503,True
31,adapter_1,True,True,0.04779553413391113,True,4.067557334899902,4.118683815002441,0.05112648010253906,-0.026176227256655693,-0.008050004737451672,0.002376843709498644,0.0011663760710507627,True
31,default,False,True,-0.03451037406921387,False,4.1464338302612305,4.213506698608398,0.06707286834716797,-0.03189252316951752,-0.019410024425014855,0.001888695522211492,-0.010814939597621559,True
32,adapter_1,True,True,0.047054254091702975,True,3.983106851577759,4.033547401428223,0.05044054985046387,-0.02435239776968956,-0.00586006504483521,0.0023697540163993835,0.0030607701558619735,True
32,default,False,True,0.014719963073730469,True,4.011687755584717,4.0783371925354,0.0666494369506836,-0.030750755220651627,-0.01830658433958888,0.0018397577805444598,-0.010065144617110491,True
33,adapter_1,False,True,0.0012259483337402344,True,3.3323616981506348,3.3467602729797363,0.014398574829101562,-0.024019798263907433,-0.008406452974304557,0.0021038828417658806,0.00021700575016438996,True
33,default,True,True,0.40767157077789307,True,2.9166669845581055,2.953580141067505,0.036913156509399414,-0.03318256139755249,-0.028124714512377975,0.001414420548826456,-0.01949364481493831,True
34,adapter_1,False,True,-0.4221607446670532,False,3.3429691791534424,3.358720302581787,0.015751123428344727,-0.023846235126256943,-0.01327134416438639,0.0016488004475831985,-0.005395578881725669,True
34,default,True,True,0.029671549797058105,True,2.8858299255371094,2.9265899658203125,0.040760040283203125,-0.033709317445755005,-0.03489448317326605,0.0011846021516248584,-0.026083817696198823,True
35,adapter_1,False,True,-0.48460280895233154,False,3.3151662349700928,3.3370394706726074,0.02187323570251465,-0.02349686063826084,-0.01770200696773827,0.0015058649005368352,-0.008474169997498393,True
35,default,True,True,0.03521239757537842,True,2.7877025604248047,2.8389947414398193,0.05129218101501465,-0.03352069854736328,-0.03311001324560493,0.0015653502196073532,-0.02877551888115704,True
36,adapter_1,False,True,-0.4509139060974121,False,3.3392417430877686,3.360198736190796,0.020956993103027344,-0.02223348803818226,-0.019517716793343423,0.0012841010466217995,-0.010818566353991628,True
36,default,True,True,0.03332161903381348,True,2.8484222888946533,2.8966801166534424,0.04825782775878906,-0.03220931440591812,-0.028787841009907424,0.0015497247222810984,-0.027127753091044725,True
37,adapter_1,False,True,-0.47004616260528564,False,3.3328945636749268,3.3579421043395996,0.02504754066467285,-0.022073840722441673,-0.023637941870838404,0.0013159229420125484,-0.013652117159217596,True
37,default,True,True,0.04137122631072998,True,2.8151192665100098,2.8705339431762695,0.055414676666259766,-0.03253994882106781,-0.02471675818436779,0.0019810940138995647,-0.023101030833786354,True
38,adapter_1,False,True,-0.5653752088546753,False,3.2442786693573,3.277013063430786,0.03273439407348633,-0.020918777212500572,-0.022734206181485205,0.0016760944854468107,-0.013169545326381923,True
38,default,True,True,0.058597445487976074,True,2.6124446392059326,2.685817003250122,0.07337236404418945,-0.03007097914814949,-0.021385060052853077,0.0024657126050442457,-0.019802263577003033,True
39,adapter_1,False,True,-0.5629075765609741,False,3.289884090423584,3.316354751586914,0.026470661163330078,-0.0199657641351223,-0.0194604726403486,0.001801562262699008,-0.014113964159041644,True
39,default,True,True,0.03155088424682617,True,2.683335542678833,2.7366456985473633,0.05331015586853027,-0.030124710872769356,-0.018001430466538296,0.002500836504623294,-0.016314639911288394,True
40,adapter_1,False,True,-0.48922228813171387,False,3.278812885284424,3.307107448577881,0.02829456329345703,-0.018492059782147408,-0.016374747483059764,0.001755023025907576,-0.014600624116137623,True
40,default,True,True,0.04734325408935547,True,2.7354543209075928,2.795264720916748,0.05981040000915527,-0.028783688321709633,-0.015160754746757448,0.0026448664721101522,-0.013289153152145445,True
41,adapter_1,False,True,-0.6351115703582764,False,3.2111165523529053,3.240121841430664,0.02900528907775879,-0.017830314114689827,-0.013365550187882037,0.0018703773384913802,-0.011702285858336835,True
41,default,True,True,0.050298213958740234,True,2.5193185806274414,2.580698013305664,0.061379432678222656,-0.026926297694444656,-0.012140233506215736,0.0030064620077610016,-0.010236534784780815,True
42,adapter_1,False,True,-0.6629462242126465,False,3.18404221534729,3.2162528038024902,0.032210588455200195,-0.015766046941280365,-0.01031982692074962,0.0019468750106170774,-0.00865796415018849,True
42,default,True,True,0.030846595764160156,True,2.4754343032836914,2.5302655696868896,0.05483126640319824,-0.021872447803616524,-0.009359289896674453,0.0028164766263216734,-0.007377165365032852,True
43,adapter_1,False,True,-0.5957499742507935,False,3.197511672973633,3.2284412384033203,0.0309295654296875,-0.013221289962530136,-0.0073357002658303826,0.0018550200620666146,-0.005525275893742219,True
43,default,True,True,0.02225780487060547,True,2.563972234725952,2.610196113586426,0.04622387886047363,-0.019049882888793945,-0.006568392151966691,0.002776192734017968,-0.004597778087481856,True
44,adapter_1,False,True,-0.5680869817733765,False,3.184316873550415,3.217564344406128,0.03324747085571289,-0.012435784563422203,-0.004935857844538987,0.0021446829196065664,-0.0029770983336493374,True
44,default,True,True,0.03586781024932861,True,2.5671513080596924,2.623851776123047,0.05670046806335449,-0.016219330951571465,-0.0043132409779354924,0.0031834086403250694,-0.00229303237516433,True
45,adapter_1,False,True,-0.5389224290847778,False,3.170175790786743,3.2056407928466797,0.03546500205993652,-0.011144493706524372,-0.0028081099526025355,0.0026810751296579838,-0.0008399699791334569,True
45,default,True,True,0.04597806930541992,True,2.5755066871643066,2.6374690532684326,0.06196236610412598,-0.012797145172953606,-0.0025769209349527956,0.0035821422934532166,-0.00066669677849859,True
46,adapter_1,False,True,-0.5863066911697388,False,3.12630033493042,3.156043291091919,0.029742956161499023,-0.0126809598878026,-0.0015491461870260537,0.0027764057740569115,0.000235683333594352,True
46,default,True,True,0.017376184463500977,True,2.5096898078918457,2.5480289459228516,0.03833913803100586,-0.013325509615242481,-0.001298584397882223,0.0031831669621169567,0.0005354437790811062,True
47,adapter_1,False,True,-0.5749473571777344,False,3.1230034828186035,3.1578407287597656,0.03483724594116211,-0.013021606020629406,-0.00011308093438856305,0.002998107112944126,0.001560229555470869,True
47,default,True,True,0.033527255058288574,True,2.488718032836914,2.5611867904663086,0.07246875762939453,-0.013416935689747334,-0.0003237538586836308,0.0038781589828431606,0.0013532229315023868,True
65,adapter_1,True,True,0.8014150857925415,True,3.7744665145874023,3.78747820854187,0.013011693954467773,-0.015565485693514347,-0.009849062990397214,0.003185584442690015,-0.00576747315004468,True
65,default,False,True,-0.03541994094848633,False,4.586147785186768,4.583355903625488,-0.002791881561279297,-0.009142376482486725,-0.005537043653894216,0.0033711791038513184,-0.0009739481471478934,True
66,adapter_1,True,True,0.010342836380004883,True,3.7152295112609863,3.731835126876831,0.016605615615844727,-0.01608550362288952,-0.01655168260447681,0.0028452049009501934,-0.006651927791535854,True
66,default,False,True,-0.8433017730712891,False,4.550942897796631,4.548945426940918,-0.0019974708557128906,-0.010537720285356045,-0.012578537294175476,0.003037430113181472,0.001585515830665827,True
67,adapter_1,True,True,0.01552724838256836,True,3.6826171875,3.705047130584717,0.022429943084716797,-0.015772201120853424,-0.020604133754968643,0.002635176992043853,-0.0026886029541492457,True
67,default,False,True,-0.8073439598083496,False,4.48220157623291,4.499716281890869,0.017514705657958984,-0.0105975940823555,-0.01631665773689747,0.002864257199689746,0.0056890080124139784,True
68,adapter_1,True,True,0.01796269416809082,True,3.6673378944396973,3.6938369274139404,0.026499032974243164,-0.016881875693798065,-0.018520805276930334,0.0024951277300715446,5.007464438676855e-05,True
68,default,False,True,-0.7973542213439941,False,4.457588195800781,4.486109733581543,0.02852153778076172,-0.011784838512539864,-0.012131659127771853,0.0027186821680516005,0.007935626246035098,True
69,adapter_1,True,True,0.026073694229125977,True,3.6372997760772705,3.6678357124328613,0.03053593635559082,-0.01727098599076271,-0.014391547907143832,0.0024056402035057545,0.002512141037732363,True
69,default,False,True,-0.9452321529388428,False,4.596173286437988,4.626504898071289,0.03033161163330078,-0.012208144180476665,-0.008734411504119634,0.002575867809355259,0.009315620120614767,True
70,adapter_1,True,True,0.02848970890045166,True,3.5935440063476562,3.6300745010375977,0.036530494689941406,-0.01783936284482479,-0.010913315415382385,0.00242810882627964,0.004602956771850586,True
70,default,False,True,-0.9574030637741089,False,4.554915428161621,4.606616497039795,0.05170106887817383,-0.012638160027563572,-0.004380847420543432,0.0024867169559001923,0.01125088995322585,True
71,adapter_1,True,True,0.04001021385192871,True,3.5672202110290527,3.610161542892456,0.04294133186340332,-0.018061937764286995,-0.008352421801537276,0.0024683137889951468,0.005897172372788191,True
71,default,False,True,-0.9349699020385742,False,4.530630111694336,4.596222400665283,0.06559228897094727,-0.013306436128914356,-0.0031027011014521117,0.002612865762785077,0.012419983688741922,True
72,adapter_1,True,True,0.03284144401550293,True,3.5165717601776123,3.5572080612182617,0.040636301040649414,-0.018719976767897606,-0.005563598368316889,0.002517104148864746,0.0074573571421205995,True
73,adapter_1,True,True,0.03274238109588623,True,3.5257890224456787,3.56778621673584,0.04199719429016113,-0.0194728821516037,-0.0033783399127423766,0.002572854282334447,0.008531992193311452,True
74,adapter_1,True,True,0.037453413009643555,True,3.475961208343506,3.5189123153686523,0.042951107025146484,-0.019931655377149582,-0.0012374463956803085,0.0026040866505354643,0.009652072517201304,True
80,adapter_1,True,True,0.0432281677539532,True,3.466341733932495,3.5141284465789795,0.047786712646484375,-0.01992531679570675,-0.0002139873895794153,0.002606171416118741,0.010161659875884653,True
