step,concept,occurrence,segment,adapter,decision,best_risk,best_lcb,best_ucb,best_gain,num_adapters,loss,risks,cf_reason,cf_best_reuse,cf_reuse_query_after,cf_fresh_query_after,cf_fresh_advantage,cf_capacity_cost
1,A,1,A1,default,warmup,,,,,1,4.334893226623535,{},warmup,,,,,0.0
2,A,1,A1,default,warmup,,,,,1,4.37839937210083,{},warmup,,,,,0.0
3,A,1,A1,default,warmup,,,,,1,4.288119792938232,{},warmup,,,,,0.0
4,A,1,A1,default,warmup,,,,,1,4.233612060546875,{},warmup,,,,,0.0
5,A,1,A1,default,reuse,-0.057409945875406265,-0.06226652607321739,-0.05255336567759514,0.057306766510009766,1,4.120465278625488,"{""default"": -0.057409945875406265}",reuse_lower_query_loss,default,4.083639621734619,4.0892839431762695,-0.005644321441650391,0.0
6,A,1,A1,default,reuse,-0.05749233812093735,-0.06152211055159569,-0.053462565690279004,0.038481712341308594,1,4.171109199523926,"{""default"": -0.05749233812093735}",reuse_lower_query_loss,default,4.142665386199951,4.166214942932129,-0.023549556732177734,0.0
7,A,1,A1,default,reuse,-0.05726710706949234,-0.06018969741649926,-0.05434451672248542,0.056658267974853516,1,4.046647071838379,"{""default"": -0.05726710706949234}",reuse_lower_query_loss,default,3.9759325981140137,3.9999196529388428,-0.0239870548248291,0.0
8,A,1,A1,default,reuse,-0.059430450201034546,-0.06209005263634026,-0.056770847765728834,0.04833555221557617,1,3.9873805046081543,"{""default"": -0.059430450201034546}",reuse_lower_query_loss,default,3.8592653274536133,3.9042317867279053,-0.04496645927429199,0.0
9,A,1,A1,default,reuse,-0.06530983746051788,-0.06844670444261283,-0.06217297047842294,0.07294821739196777,1,3.9149885177612305,"{""default"": -0.06530983746051788}",reuse_lower_query_loss,default,3.825894832611084,3.8387603759765625,-0.012865543365478516,0.0
10,A,1,A1,default,reuse,-0.06708354502916336,-0.07009821500629186,-0.06406887505203486,0.0717017650604248,1,3.9324488639831543,"{""default"": -0.06708354502916336}",reuse_lower_query_loss,default,3.816467761993408,3.8626508712768555,-0.046183109283447266,0.0
11,A,1,A1,default,reuse,-0.07243677973747253,-0.07600440392270684,-0.06886915555223823,0.0657188892364502,1,3.846749782562256,"{""default"": -0.07243677973747253}",reuse_lower_query_loss,default,3.7808642387390137,3.814394950866699,-0.03353071212768555,0.0
12,A,1,A1,default,reuse,-0.07588454335927963,-0.07889864906203002,-0.07287043765652924,0.0675203800201416,1,3.7404236793518066,"{""default"": -0.07588454335927963}",reuse_lower_query_loss,default,3.6958653926849365,3.8034400939941406,-0.1075747013092041,0.0
13,A,1,A1,default,reuse,-0.08193047344684601,-0.08480460807215423,-0.07905633882153779,0.07187032699584961,1,3.7557883262634277,"{""default"": -0.08193047344684601}",reuse_lower_query_loss,default,3.6512136459350586,3.721740245819092,-0.0705265998840332,0.0
14,A,1,A1,default,reuse,-0.08417527377605438,-0.08732310543302446,-0.0810274421190843,0.08086252212524414,1,3.6041579246520996,"{""default"": -0.08417527377605438}",reuse_lower_query_loss,default,3.4939632415771484,3.6627912521362305,-0.16882801055908203,0.0
15,A,1,A1,default,reuse,-0.09413609653711319,-0.09884275863878429,-0.08942943443544209,0.08288359642028809,1,3.512474536895752,"{""default"": -0.09413609653711319}",reuse_lower_query_loss,default,3.411318063735962,3.584867000579834,-0.17354893684387207,0.0
16,A,1,A1,default,reuse,-0.09683151543140411,-0.10020676221232862,-0.09345626865047961,0.08240985870361328,1,3.4726614952087402,"{""default"": -0.09683151543140411}",reuse_lower_query_loss,default,3.3200223445892334,3.495532989501953,-0.17551064491271973,0.0
17,B,1,B1,adapter_1,spawn,-0.08500969409942627,-0.08792137544602156,-0.08209801275283098,,2,4.604185581207275,"{""default"": -0.08500969409942627}",fresh_lower_query_loss,default,4.805032730102539,4.624057292938232,0.18097543716430664,0.0
18,B,1,B1,adapter_1,warmup,,,,,2,4.534073829650879,{},warmup,,,,,0.0
19,B,1,B1,adapter_1,warmup,,,,,2,4.437564849853516,{},warmup,,,,,0.0
20,B,1,B1,adapter_1,warmup,,,,,2,4.365004539489746,{},warmup,,,,,0.0
21,B,1,B1,adapter_2,spawn,-0.06909572333097458,-0.07361332681961358,-0.06457811984233558,,3,4.387153625488281,"{""adapter_1"": -0.06909572333097458, ""default"": -0.08258885145187378}",fresh_lower_query_loss,adapter_1,4.295938491821289,4.293910503387451,0.0020279884338378906,0.0
22,B,1,B1,adapter_2,warmup,,,,,3,4.283885955810547,{},warmup,,,,,0.0
23,B,1,B1,adapter_2,warmup,,,,,3,4.180948257446289,{},warmup,,,,,0.0
24,B,1,B1,adapter_2,warmup,,,,,3,4.194543838500977,{},warmup,,,,,0.0
25,B,1,B1,adapter_2,reuse,-0.06821642816066742,-0.07289743483066559,-0.06353542149066925,0.058808326721191406,3,4.082286834716797,"{""adapter_1"": -0.06922990828752518, ""adapter_2"": -0.06821642816066742, ""default"": -0.08418044447898865}",reuse_lower_query_loss,adapter_2,4.025740623474121,4.043410301208496,-0.017669677734375,0.0
26,B,1,B1,adapter_3,spawn,-0.0677093118429184,-0.07231859246268868,-0.06310003122314811,,4,4.027400016784668,"{""adapter_1"": -0.06781213730573654, ""adapter_2"": -0.0677093118429184, ""default"": -0.08501283824443817}",fresh_lower_query_loss,adapter_2,3.95068097114563,3.9471521377563477,0.0035288333892822266,0.0
27,B,1,B1,adapter_3,warmup,,,,,4,3.969675064086914,{},warmup,,,,,0.0
28,B,1,B1,adapter_3,warmup,,,,,4,3.947403907775879,{},warmup,,,,,0.0
29,B,1,B1,adapter_3,warmup,,,,,4,3.99812912940979,{},warmup,,,,,0.0
30,B,1,B1,adapter_3,reuse,-0.07360301166772842,-0.07778033739887177,-0.06942568593658507,0.05870389938354492,4,3.8057327270507812,"{""adapter_1"": -0.07034033536911011, ""adapter_2"": -0.06943459063768387, ""adapter_3"": -0.07360301166772842, ""default"": -0.08119998872280121}",reuse_lower_query_loss,adapter_3,3.6853885650634766,3.7149155139923096,-0.029526948928833008,0.0
31,B,1,B1,adapter_3,reuse,-0.07465159147977829,-0.07819017527159304,-0.07111300768796354,0.06979537010192871,4,3.8303778171539307,"{""adapter_1"": -0.06836771219968796, ""adapter_2"": -0.06599779427051544, ""adapter_3"": -0.07465159147977829, ""default"": -0.08184324204921722}",reuse_lower_query_loss,adapter_3,3.7241268157958984,3.748284339904785,-0.02415752410888672,0.0
32,B,1,B1,adapter_3,reuse,-0.07415340095758438,-0.07702537933830172,-0.07128142257686704,0.07441902160644531,4,3.7910172939300537,"{""adapter_1"": -0.06597793847322464, ""adapter_2"": -0.066765695810318, ""adapter_3"": -0.07415340095758438, ""default"": -0.08555398881435394}",reuse_lower_query_loss,adapter_3,3.6502304077148438,3.674180269241333,-0.023949861526489258,0.0
33,A,2,A2,default,reuse,-0.09740012884140015,-0.10097465688828379,-0.0938256007945165,0.09820222854614258,4,3.401934862136841,"{""adapter_1"": -0.056895069777965546, ""adapter_2"": -0.057560183107852936, ""adapter_3"": -0.0672735720872879, ""default"": -0.09740012884140015}",reuse_lower_query_loss,default,3.17633056640625,3.420445442199707,-0.24411487579345703,0.0
34,A,2,A2,default,reuse,-0.09734805673360825,-0.10199901699088514,-0.09269709647633136,0.09727740287780762,4,3.2125015258789062,"{""adapter_1"": -0.054386429488658905, ""adapter_2"": -0.0563826821744442, ""adapter_3"": -0.06619593501091003, ""default"": -0.09734805673360825}",reuse_lower_query_loss,default,3.0976738929748535,3.345940351486206,-0.24826645851135254,0.0
35,A,2,A2,default,reuse,-0.09733754396438599,-0.10314889694564044,-0.09152619098313153,0.10093522071838379,4,3.1356139183044434,"{""adapter_1"": -0.055365920066833496, ""adapter_2"": -0.05683097988367081, ""adapter_3"": -0.06730972230434418, ""default"": -0.09733754396438599}",reuse_lower_query_loss,default,2.9710311889648438,3.317117691040039,-0.3460865020751953,0.0
36,A,2,A2,default,reuse,-0.09568372368812561,-0.10141825047321618,-0.08994919690303504,0.08720970153808594,4,3.1016831398010254,"{""adapter_1"": -0.05727699398994446, ""adapter_2"": -0.05834522470831871, ""adapter_3"": -0.06819882988929749, ""default"": -0.09568372368812561}",reuse_lower_query_loss,default,2.9710769653320312,3.2454516887664795,-0.27437472343444824,0.0
37,A,2,A2,default,reuse,-0.09236342459917068,-0.09810995196923614,-0.08661689722910523,0.09392404556274414,4,2.9314465522766113,"{""adapter_1"": -0.056383177638053894, ""adapter_2"": -0.05784441530704498, ""adapter_3"": -0.06764629483222961, ""default"": -0.09236342459917068}",reuse_lower_query_loss,default,2.8420138359069824,3.2309012413024902,-0.3888874053955078,0.0
38,A,2,A2,default,reuse,-0.0870656669139862,-0.09554174803197384,-0.07858958579599858,0.09551453590393066,4,2.840942621231079,"{""adapter_1"": -0.056146204471588135, ""adapter_2"": -0.05726352334022522, ""adapter_3"": -0.06784059852361679, ""default"": -0.0870656669139862}",reuse_lower_query_loss,default,2.7152457237243652,3.1102349758148193,-0.3949892520904541,0.0
39,A,2,A2,default,reuse,-0.07620495557785034,-0.0856704942137003,-0.06673941694200039,0.049510955810546875,4,2.791627883911133,"{""adapter_1"": -0.05627211183309555, ""adapter_2"": -0.057294465601444244, ""adapter_3"": -0.06679375469684601, ""default"": -0.07620495557785034}",reuse_lower_query_loss,default,2.7598958015441895,3.145956039428711,-0.3860602378845215,0.0
40,A,2,A2,default,reuse,-0.07154041528701782,-0.0782662564702332,-0.06481457410380244,0.07492709159851074,4,2.74185848236084,"{""adapter_1"": -0.05567973852157593, ""adapter_2"": -0.05706668272614479, ""adapter_3"": -0.0670986920595169, ""default"": -0.07154041528701782}",reuse_lower_query_loss,default,2.618389368057251,2.989241600036621,-0.3708522319793701,0.0
41,A,2,A2,default,reuse,-0.06258772313594818,-0.07049662476405501,-0.05467882150784135,0.07015824317932129,4,2.5526134967803955,"{""adapter_1"": -0.05653826892375946, ""adapter_2"": -0.05788348242640495, ""adapter_3"": -0.0671825036406517, ""default"": -0.06258772313594818}",reuse_lower_query_loss,default,2.4432644844055176,2.901362895965576,-0.4580984115600586,0.0
42,A,2,A2,default,reuse,-0.04951111227273941,-0.05586175411939621,-0.04316047042608261,0.05638575553894043,4,2.4786672592163086,"{""adapter_1"": -0.05490083247423172, ""adapter_2"": -0.056012943387031555, ""adapter_3"": -0.06564121693372726, ""default"": -0.04951111227273941}",reuse_lower_query_loss,default,2.390608787536621,2.9285011291503906,-0.5378923416137695,0.0
43,A,2,A2,default,reuse,-0.03631340712308884,-0.0434268101118505,-0.029200004134327173,0.024724960327148438,4,2.5569000244140625,"{""adapter_1"": -0.05416698753833771, ""adapter_2"": -0.055618640035390854, ""adapter_3"": -0.06567967683076859, ""default"": -0.03631340712308884}",reuse_lower_query_loss,default,2.3818860054016113,2.8343162536621094,-0.45243024826049805,0.0
44,A,2,A2,default,reuse,-0.03188048303127289,-0.041017310507595536,-0.022743655554950237,0.02157449722290039,4,2.519804000854492,"{""adapter_1"": -0.0548536479473114, ""adapter_2"": -0.05659550800919533, ""adapter_3"": -0.06643863022327423, ""default"": -0.03188048303127289}",reuse_lower_query_loss,default,2.559356212615967,2.859520196914673,-0.30016398429870605,0.0
45,A,2,A2,default,reuse,-0.025868598371744156,-0.03604128209874034,-0.015695914644747972,0.030937671661376953,4,2.521361827850342,"{""adapter_1"": -0.056036897003650665, ""adapter_2"": -0.0574946403503418, ""adapter_3"": -0.06687026470899582, ""default"": -0.025868598371744156}",reuse_lower_query_loss,default,2.4931769371032715,2.78518009185791,-0.29200315475463867,0.0
46,A,2,A2,default,reuse,-0.0168433990329504,-0.027879759799689055,-0.005807038266211748,0.007974863052368164,4,2.4958481788635254,"{""adapter_1"": -0.057500071823596954, ""adapter_2"": -0.05862051993608475, ""adapter_3"": -0.06834530830383301, ""default"": -0.0168433990329504}",reuse_lower_query_loss,default,2.4765849113464355,2.76192045211792,-0.2853355407714844,0.0
47,A,2,A2,default,reuse,-0.019873138517141342,-0.03246579859405756,-0.007280478440225125,0.04785585403442383,4,2.5488791465759277,"{""adapter_1"": -0.05879183113574982, ""adapter_2"": -0.0595998577773571, ""adapter_3"": -0.06862945854663849, ""default"": -0.019873138517141342}",reuse_lower_query_loss,default,2.479177951812744,2.8601622581481934,-0.3809843063354492,0.0
48,A,2,A2,default,reuse,-0.0191245935857296,-0.031431083269417286,-0.006818103902041912,-0.015624523162841797,4,2.3873214721679688,"{""adapter_1"": -0.05664315074682236, ""adapter_2"": -0.0578162744641304, ""adapter_3"": -0.06815765798091888, ""default"": -0.0191245935857296}",reuse_lower_query_loss,default,2.2809207439422607,2.695122480392456,-0.4142017364501953,0.0
49,C,1,C1,adapter_4,spawn,-0.058248333632946014,-0.06186219044029713,-0.0546344768255949,,5,4.588262557983398,"{""adapter_1"": -0.058248333632946014, ""adapter_2"": -0.05570186674594879, ""adapter_3"": -0.062229257076978683, ""default"": -0.00978516973555088}",fresh_lower_query_loss,adapter_1,4.56112813949585,4.533628463745117,0.027499675750732422,0.0
50,C,1,C1,adapter_4,warmup,,,,,5,4.550323009490967,{},warmup,,,,,0.0
51,C,1,C1,adapter_4,warmup,,,,,5,4.458934783935547,{},warmup,,,,,0.0
52,C,1,C1,adapter_4,warmup,,,,,5,4.458711624145508,{},warmup,,,,,0.0
53,C,1,C1,adapter_4,reuse,-0.058780521154403687,-0.062391507760621606,-0.05516953454818577,0.05364179611206055,5,4.333431243896484,"{""adapter_1"": -0.05842851847410202, ""adapter_2"": -0.056043632328510284, ""adapter_3"": -0.06265000998973846, ""adapter_4"": -0.058780521154403687, ""default"": -0.007266545668244362}",reuse_lower_query_loss,adapter_4,4.311087131500244,4.3376593589782715,-0.026572227478027344,0.0
54,C,1,C1,adapter_4,reuse,-0.05754930526018143,-0.06008582103997469,-0.055012789480388166,0.04857778549194336,5,4.293125152587891,"{""adapter_1"": -0.05748678743839264, ""adapter_2"": -0.054745253175497055, ""adapter_3"": -0.060295362025499344, ""adapter_4"": -0.05754930526018143, ""default"": -0.0070939213037490845}",reuse_lower_query_loss,adapter_4,4.228072643280029,4.243514060974121,-0.015441417694091797,0.0
55,C,1,C1,adapter_4,reuse,-0.05324552580714226,-0.056220902618952094,-0.05027014899533242,0.052173614501953125,5,4.271081447601318,"{""adapter_1"": -0.05771142244338989, ""adapter_2"": -0.054150089621543884, ""adapter_3"": -0.058880843222141266, ""adapter_4"": -0.05324552580714226, ""default"": -0.006818871945142746}",reuse_lower_query_loss,adapter_4,4.163566589355469,4.177178859710693,-0.01361227035522461,0.0
56,C,1,C1,adapter_4,reuse,-0.05402257665991783,-0.0563777388073504,-0.051667414512485264,0.04887676239013672,5,4.190121650695801,"{""adapter_1"": -0.05757400393486023, ""adapter_2"": -0.05484296381473541, ""adapter_3"": -0.06077355891466141, ""adapter_4"": -0.05402257665991783, ""default"": -0.009966202080249786}",reuse_lower_query_loss,adapter_4,4.1166157722473145,4.122844219207764,-0.006228446960449219,0.0
57,C,1,C1,adapter_4,reuse,-0.05576714500784874,-0.058476380086503923,-0.053057909929193556,0.047162532806396484,5,4.151092052459717,"{""adapter_1"": -0.05828167498111725, ""adapter_2"": -0.055866580456495285, ""adapter_3"": -0.06206940859556198, ""adapter_4"": -0.05576714500784874, ""default"": -0.007308976724743843}",reuse_lower_query_loss,adapter_4,4.0818939208984375,4.093626976013184,-0.011733055114746094,0.0
58,C,1,C1,adapter_5,spawn,-0.05572988837957382,-0.05856823550537229,-0.052891541253775355,,6,4.083775520324707,"{""adapter_1"": -0.0581243634223938, ""adapter_2"": -0.05520442873239517, ""adapter_3"": -0.060954369604587555, ""adapter_4"": -0.05572988837957382, ""default"": -0.007002934813499451}",fresh_lower_query_loss,adapter_4,4.0105085372924805,4.0047078132629395,0.005800724029541016,0.0
59,C,1,C1,adapter_5,warmup,,,,,6,4.022612571716309,{},warmup,,,,,0.0
60,C,1,C1,adapter_5,warmup,,,,,6,3.947516918182373,{},warmup,,,,,0.0
61,C,1,C1,adapter_5,warmup,,,,,6,3.851580858230591,{},warmup,,,,,0.0
62,C,1,C1,adapter_5,reuse,-0.0656270980834961,-0.06910515209659934,-0.062149044070392845,0.059012413024902344,6,3.8496272563934326,"{""adapter_1"": -0.05822804570198059, ""adapter_2"": -0.05610722303390503, ""adapter_3"": -0.0615084208548069, ""adapter_4"": -0.05083996430039406, ""adapter_5"": -0.0656270980834961, ""default"": -0.0077761393040418625}",reuse_lower_query_loss,adapter_5,3.6910555362701416,3.7704596519470215,-0.07940411567687988,0.0
63,C,1,C1,adapter_5,reuse,-0.07160844653844833,-0.07533758439589291,-0.06787930868100375,0.06542062759399414,6,3.724468946456909,"{""adapter_1"": -0.05814603716135025, ""adapter_2"": -0.05552732199430466, ""adapter_3"": -0.06130525842308998, ""adapter_4"": -0.05468623712658882, ""adapter_5"": -0.07160844653844833, ""default"": -0.007892286404967308}",reuse_lower_query_loss,adapter_5,3.712728977203369,3.786827564239502,-0.07409858703613281,0.0
64,C,1,C1,adapter_5,reuse,-0.075078584253788,-0.07821503595914692,-0.07194213254842907,0.06674814224243164,6,3.748753547668457,"{""adapter_1"": -0.057877905666828156, ""adapter_2"": -0.05489698424935341, ""adapter_3"": -0.06029284745454788, ""adapter_4"": -0.05554715171456337, ""adapter_5"": -0.075078584253788, ""default"": -0.007087716832756996}",reuse_lower_query_loss,adapter_5,3.6401755809783936,3.707848310470581,-0.0676727294921875,0.0
65,B,2,B2,adapter_3,reuse,-0.07798886299133301,-0.08172795516904444,-0.07424977081362158,0.07168960571289062,6,3.6098761558532715,"{""adapter_1"": -0.06801455467939377, ""adapter_2"": -0.06659267842769623, ""adapter_3"": -0.07798886299133301, ""adapter_4"": -0.04689896106719971, ""adapter_5"": -0.06342247873544693, ""default"": -0.008353032171726227}",reuse_lower_query_loss,adapter_3,3.4091286659240723,3.475095272064209,-0.06596660614013672,0.0
66,B,2,B2,adapter_3,reuse,-0.07902206480503082,-0.08296599405817688,-0.07507813555188476,0.07382488250732422,6,3.534593105316162,"{""adapter_1"": -0.07028878480195999, ""adapter_2"": -0.06973344832658768, ""adapter_3"": -0.07902206480503082, ""adapter_4"": -0.046611081808805466, ""adapter_5"": -0.06247733533382416, ""default"": -0.007055800408124924}",reuse_lower_query_loss,adapter_3,3.475268840789795,3.565000534057617,-0.08973169326782227,0.0
67,B,2,B2,adapter_3,reuse,-0.08125011622905731,-0.08412784231361002,-0.0783723901445046,0.0771639347076416,6,3.3290297985076904,"{""adapter_1"": -0.0697784423828125, ""adapter_2"": -0.0698789432644844, ""adapter_3"": -0.08125011622905731, ""adapter_4"": -0.047587890177965164, ""adapter_5"": -0.06461626291275024, ""default"": -0.007858363911509514}",reuse_lower_query_loss,adapter_3,3.2425014972686768,3.3682332038879395,-0.1257317066192627,0.0
68,B,2,B2,adapter_3,reuse,-0.08545298874378204,-0.08962094519287347,-0.08128503229469061,0.07124948501586914,6,3.22800350189209,"{""adapter_1"": -0.06926696747541428, ""adapter_2"": -0.06911040097475052, ""adapter_3"": -0.08545298874378204, ""adapter_4"": -0.04653336480259895, ""adapter_5"": -0.06376919150352478, ""default"": -0.007587183266878128}",reuse_lower_query_loss,adapter_3,3.141047954559326,3.2956085205078125,-0.15456056594848633,0.0
69,B,2,B2,adapter_3,reuse,-0.08611087501049042,-0.08974279772490262,-0.08247895229607821,0.08906245231628418,6,3.271747589111328,"{""adapter_1"": -0.07003366202116013, ""adapter_2"": -0.06867529451847076, ""adapter_3"": -0.08611087501049042, ""adapter_4"": -0.04695550352334976, ""adapter_5"": -0.0643431693315506, ""default"": -0.010087912902235985}",reuse_lower_query_loss,adapter_3,3.114000082015991,3.2699406147003174,-0.15594053268432617,0.0
70,B,2,B2,adapter_3,reuse,-0.0894443467259407,-0.09459410043433308,-0.08429459301754832,0.07530641555786133,6,3.1567904949188232,"{""adapter_1"": -0.07025384902954102, ""adapter_2"": -0.06873078644275665, ""adapter_3"": -0.0894443467259407, ""adapter_4"": -0.04724883288145065, ""adapter_5"": -0.06246760115027428, ""default"": -0.007065111771225929}",reuse_lower_query_loss,adapter_3,3.0819482803344727,3.2597556114196777,-0.17780733108520508,0.0
71,B,2,B2,adapter_3,reuse,-0.08784456551074982,-0.09339857469312847,-0.08229055632837116,0.10312223434448242,6,2.9838147163391113,"{""adapter_1"": -0.07058484107255936, ""adapter_2"": -0.069426029920578, ""adapter_3"": -0.08784456551074982, ""adapter_4"": -0.047006696462631226, ""adapter_5"": -0.06415645778179169, ""default"": -0.006453387439250946}",reuse_lower_query_loss,adapter_3,2.8703317642211914,3.0883002281188965,-0.21796846389770508,0.0
72,B,2,B2,adapter_3,reuse,-0.08380492776632309,-0.08976687241345643,-0.07784298311918975,0.07556033134460449,6,3.082156181335449,"{""adapter_1"": -0.06792037934064865, ""adapter_2"": -0.06732528656721115, ""adapter_3"": -0.08380492776632309, ""adapter_4"": -0.04763629660010338, ""adapter_5"": -0.06529594957828522, ""default"": -0.010800780728459358}",reuse_lower_query_loss,adapter_3,2.9731245040893555,3.1830966472625732,-0.20997214317321777,0.0
73,B,2,B2,adapter_3,reuse,-0.07864871621131897,-0.08456358673051,-0.07273384569212794,0.06322431564331055,6,2.9857518672943115,"{""adapter_1"": -0.06751727312803268, ""adapter_2"": -0.06738725304603577, ""adapter_3"": -0.07864871621131897, ""adapter_4"": -0.04673682898283005, ""adapter_5"": -0.06363499909639359, ""default"": -0.00795729085803032}",reuse_lower_query_loss,adapter_3,2.851095676422119,3.1267130374908447,-0.2756173610687256,0.0
74,B,2,B2,adapter_3,reuse,-0.07322924584150314,-0.07792944422923029,-0.068529047453776,0.06924319267272949,6,2.9697978496551514,"{""adapter_1"": -0.06924878060817719, ""adapter_2"": -0.06829340755939484, ""adapter_3"": -0.07322924584150314, ""adapter_4"": -0.04684392735362053, ""adapter_5"": -0.06288045644760132, ""default"": -0.0068709589540958405}",reuse_lower_query_loss,adapter_3,2.8522465229034424,3.1067259311676025,-0.25447940826416016,0.0
75,B,2,B2,adapter_3,reuse,-0.06556899845600128,-0.07040989351458847,-0.060728103397414086,0.0604395866394043,6,2.927452564239502,"{""adapter_1"": -0.0668017640709877, ""adapter_2"": -0.06679864972829819, ""adapter_3"": -0.06556899845600128, ""adapter_4"": -0.04716522619128227, ""adapter_5"": -0.06415892392396927, ""default"": -0.00715501606464386}",reuse_lower_query_loss,adapter_3,2.9151196479797363,3.118058443069458,-0.20293879508972168,0.0
76,B,2,B2,adapter_3,reuse,-0.06243610382080078,-0.06683335874229669,-0.05803884889930487,0.0634007453918457,6,2.7416720390319824,"{""adapter_1"": -0.06765931099653244, ""adapter_2"": -0.06605453789234161, ""adapter_3"": -0.06243610382080078, ""adapter_4"": -0.0471498928964138, ""adapter_5"": -0.06496562063694, ""default"": -0.008069530129432678}",reuse_lower_query_loss,adapter_3,2.705936908721924,2.987553119659424,-0.2816162109375,0.0
77,B,2,B2,adapter_3,reuse,-0.05471181869506836,-0.06061340264044702,-0.0488102347496897,0.05679130554199219,6,2.6104135513305664,"{""adapter_1"": -0.06826890259981155, ""adapter_2"": -0.06757143139839172, ""adapter_3"": -0.05471181869506836, ""adapter_4"": -0.04756978154182434, ""adapter_5"": -0.06489455699920654, ""default"": -0.00889970175921917}",reuse_lower_query_loss,adapter_3,2.5797977447509766,2.8723320960998535,-0.29253435134887695,0.0
78,B,2,B2,adapter_3,reuse,-0.04935795068740845,-0.056066848579794167,-0.04264905279502273,0.05177164077758789,6,2.5864264965057373,"{""adapter_1"": -0.07074888795614243, ""adapter_2"": -0.06777513027191162, ""adapter_3"": -0.04935795068740845, ""adapter_4"": -0.04787103831768036, ""adapter_5"": -0.06542245298624039, ""default"": -0.0088808573782444}",reuse_lower_query_loss,adapter_3,2.533195972442627,2.8712973594665527,-0.3381013870239258,0.0
79,B,2,B2,adapter_3,reuse,-0.04155775159597397,-0.0496782892011106,-0.033437213990837336,0.025523662567138672,6,2.579286575317383,"{""adapter_1"": -0.06600338220596313, ""adapter_2"": -0.06617054343223572, ""adapter_3"": -0.04155775159597397, ""adapter_4"": -0.04724852368235588, ""adapter_5"": -0.06442411243915558, ""default"": -0.008535999804735184}",reuse_lower_query_loss,adapter_3,2.521495819091797,2.8500025272369385,-0.3285067081451416,0.0
80,B,2,B2,adapter_3,reuse,-0.036067258566617966,-0.044859751351177694,-0.027274765782058237,0.05135083198547363,6,2.5319571495056152,"{""adapter_1"": -0.06766418367624283, ""adapter_2"": -0.06637778878211975, ""adapter_3"": -0.036067258566617966, ""adapter_4"": -0.047658681869506836, ""adapter_5"": -0.06497891247272491, ""default"": -0.0070686135441064835}",reuse_lower_query_loss,adapter_3,2.454662799835205,2.7503902912139893,-0.2957274913787842,0.0
