step,true_phase,strict_label_count,sentinel_size,crosses_boundary,distance_to_boundary,current_loss,memory_loss_before,novelty,grad_cos,grad_conflict,virtual_interference,cable_lambda,cable_risk,cable_cur_before,cable_cur_after,cable_mem_before,cable_mem_after,adamw_I1,adamw_I3,adamw_I5,eval_memory_loss_before,future_harm
80,1,11,64,False,4,7.168976783752441,0.9605606198310852,0.02250838279724121,-0.015116136521100998,0.015116136521100998,0.00011736154556274414,0.003632833841587746,-0.003632833841587746,7.168976783752441,7.143470764160156,0.9605606198310852,0.9604883193969727,0.006691873073577881,0.0801815390586853,0.2797974944114685,0.8227288722991943,1.4750239849090576
90,1,11,64,False,14,3.898831844329834,2.625638008117676,0.010696768760681152,0.06753464043140411,-0.06753464043140411,-0.00018739700317382812,0.00044426867006719384,-0.00044426867006719384,3.898831844329834,3.897165536880493,2.625638008117676,2.625593662261963,0.15128183364868164,0.35293149948120117,0.44997596740722656,2.297752857208252,1.2740700244903564
100,1,11,64,False,24,2.454378604888916,3.3344123363494873,0.019245028495788574,-0.08528061211109161,0.08528061211109161,0.0003361701965332031,0.0008530176720232818,-0.0008530176720232818,2.454378604888916,2.452188014984131,3.3344123363494873,3.3345441818237305,0.09022879600524902,0.3415236473083496,0.5867812633514404,3.5718228816986084,1.473329782485962
110,1,11,64,False,34,1.5543783903121948,3.752182960510254,0.01627814769744873,0.08177434653043747,-0.08177434653043747,-0.0005259513854980469,0.0022020363866158688,-0.0022020363866158688,1.5543783903121948,1.5512781143188477,3.752182960510254,3.7514028549194336,0.026513338088989258,0.06856870651245117,0.12395477294921875,5.04515266418457,0.17008113861083984
120,1,11,64,False,28,1.4275543689727783,3.1935009956359863,0.008193612098693848,0.11385346204042435,-0.11385346204042435,-0.0007812976837158203,0.004306860862933304,-0.004306860862933304,1.4275543689727783,1.421857237815857,3.1935009956359863,3.1924877166748047,-0.026173830032348633,-0.06344103813171387,-0.07533407211303711,5.21523380279541,-0.013782501220703125
130,1,11,64,False,18,1.0128934383392334,2.9735844135284424,0.011020660400390625,-0.10271423310041428,0.10271423310041428,0.00048613548278808594,0.002036420673772299,-0.002036420673772299,1.0128934383392334,1.010698914527893,2.9735844135284424,2.9739723205566406,0.008826017379760742,0.0484158992767334,0.1267380714416504,5.201451301574707,0.21763134002685547
140,1,11,64,True,8,0.9613230228424072,2.975721836090088,0.01212620735168457,0.14048951864242554,-0.14048951864242554,-0.0007669925689697266,0.003351496516317609,-0.003351496516317609,0.9613230228424072,0.9583622217178345,2.975721836090088,2.9749112129211426,-0.021228551864624023,-0.04699373245239258,-0.02593851089477539,5.4190826416015625,-0.04770851135253906
150,2,22,64,False,2,9.985546112060547,3.051473617553711,0.011878252029418945,0.4920544922351837,-0.4920544922351837,-0.009611845016479492,0.0071857257502276894,-0.0071857257502276894,9.985546112060547,9.945174217224121,3.051473617553711,3.0418448448181152,-0.08117866516113281,-0.29242658615112305,-0.5369279384613037,3.044170379638672,-0.9743661880493164
160,2,22,64,False,12,5.398642539978027,2.4004244804382324,0.018752098083496094,0.11407820135354996,-0.11407820135354996,-0.0007574558258056641,0.0024724685104674515,-0.0024724685104674515,5.398642539978027,5.386871337890625,2.4004244804382324,2.39972186088562,-0.04016590118408203,-0.032448768615722656,0.06076693534851074,2.0698041915893555,0.583343505859375
170,2,22,64,False,22,3.5886106491088867,2.7074334621429443,0.018080949783325195,0.010759664699435234,-0.010759664699435234,-2.4080276489257812e-05,0.0007983207861370634,-0.0007983207861370634,3.5886106491088867,3.585813045501709,2.7074334621429443,2.7073826789855957,0.05215620994567871,0.1327817440032959,0.18345093727111816,2.6531476974487305,0.5445108413696289
180,2,22,64,False,32,1.8625195026397705,2.793661117553711,0.013437628746032715,-0.007698370143771172,0.007698370143771172,2.002716064453125e-05,0.0015026179176486076,-0.0015026179176486076,1.8625195026397705,1.859708309173584,2.793661117553711,2.79367995262146,0.031085491180419922,0.1630394458770752,0.3913745880126953,3.1976585388183594,1.564704418182373
190,2,22,64,False,27,0.9145033955574036,3.585263729095459,0.00932002067565918,-0.07536756992340088,0.07536756992340088,0.00029754638671875,0.0021181260783299516,-0.0021181260783299516,0.9145033955574036,0.9124518632888794,3.585263729095459,3.5857136249542236,0.09355974197387695,0.28084397315979004,0.47663259506225586,4.762362957000732,1.0074191093444824
200,2,22,64,False,17,0.5862764120101929,3.8379788398742676,0.013279259204864502,0.0038597965613007545,-0.0038597965613007545,-1.33514404296875e-05,0.0020952862465780653,-0.0020952862465780653,0.5862764120101929,0.585060715675354,3.8379788398742676,3.837895393371582,0.02631235122680664,0.07448339462280273,0.1151435375213623,5.769782066345215,0.34171390533447266
210,2,22,64,True,7,0.4670901596546173,4.32656192779541,0.009209632873535156,-0.04539572820067406,0.04539572820067406,0.000274658203125,0.005363468083879774,-0.005363468083879774,0.4670901596546173,0.46456199884414673,4.32656192779541,4.326775550842285,0.018785953521728516,0.06548213958740234,0.13464069366455078,6.1114959716796875,-0.07209110260009766
220,3,33,64,False,3,10.897468566894531,4.294787883758545,0.017230987548828125,0.5120992064476013,-0.5120992064476013,-0.010744571685791016,0.005105374260150675,-0.005105374260150675,10.897468566894531,10.867977142333984,4.294787883758545,4.284456253051758,-0.11799049377441406,-0.4066009521484375,-0.7319788932800293,4.162338733673096,-1.3593034744262695
230,3,33,64,False,13,6.24468994140625,2.973982572555542,0.023902058601379395,0.4199329912662506,-0.4199329912662506,-0.0034210681915283203,0.0034745100771368387,-0.0034745100771368387,6.24468994140625,6.23007345199585,2.973982572555542,2.970602512359619,-0.11740517616271973,-0.28943419456481934,-0.3820803165435791,2.803035259246826,-0.25048184394836426
240,3,33,64,False,23,3.8100292682647705,2.776878833770752,0.012911021709442139,0.04935963451862335,-0.04935963451862335,-8.487701416015625e-05,0.0008737188602341295,-0.0008737188602341295,3.8100292682647705,3.8068082332611084,2.776878833770752,2.7768001556396484,0.0006766319274902344,0.015084266662597656,0.03715252876281738,2.552553415298462,0.3500173091888428
250,3,33,64,False,33,2.522425651550293,3.0205249786376953,0.016004562377929688,-0.025944523513317108,0.025944523513317108,3.6716461181640625e-05,0.0008413339166506439,-0.0008413339166506439,2.522425651550293,2.520270824432373,3.0205249786376953,3.020564079284668,0.009690284729003906,0.038710832595825195,0.08930611610412598,2.9025707244873047,0.5893604755401611
260,3,33,64,False,34,1.4565445184707642,3.276327133178711,0.012582242488861084,-0.11704786866903305,0.11704786866903305,0.0002808570861816406,0.0014434239521768921,-0.0014434239521768921,1.4565445184707642,1.4542796611785889,3.276327133178711,3.276693105697632,0.08589553833007812,0.27390575408935547,0.4787890911102295,3.491931200027466,1.1466786861419678
270,3,33,64,False,24,1.2290008068084717,4.053140640258789,0.021931171417236328,-0.08535775542259216,0.08535775542259216,0.00038051605224609375,0.002262323568426705,-0.002262323568426705,1.2290008068084717,1.2261583805084229,4.053140640258789,4.053345680236816,0.07661008834838867,0.23102378845214844,0.38873910903930664,4.638609886169434,0.8549160957336426
280,3,33,64,False,14,1.2082353830337524,4.179047107696533,0.007727146148681641,0.16672296822071075,-0.16672296822071075,-0.000835418701171875,0.002708140996835251,-0.002708140996835251,1.2082353830337524,1.2052087783813477,4.179047107696533,4.178195953369141,0.02742147445678711,0.06411409378051758,0.08513593673706055,5.493525981903076,0.3264737129211426
290,3,33,64,True,4,0.43857869505882263,5.068355560302734,0.012383460998535156,-0.005390092730522156,0.005390092730522156,2.2411346435546875e-05,0.002132794928758064,-0.002132794928758064,0.43857869505882263,0.4376220107078552,5.068355560302734,5.068602085113525,0.018425941467285156,0.044875144958496094,0.07097625732421875,5.819999694824219,-0.5918216705322266
300,4,44,64,False,6,10.78575325012207,4.979214668273926,0.013324379920959473,0.546657383441925,-0.546657383441925,-0.011684894561767578,0.004782857974209076,-0.004782857974209076,10.78575325012207,10.756501197814941,4.979214668273926,4.968875885009766,-0.20439577102661133,-0.6674466133117676,-1.1713523864746094,4.264636039733887,-1.5322341918945312
310,4,44,64,False,16,4.892810344696045,2.9067177772521973,0.013638079166412354,-0.09749101102352142,0.09749101102352142,0.00032806396484375,0.001312751151459124,-0.001312751151459124,4.892810344696045,4.885656356811523,2.9067177772521973,2.9071526527404785,0.06218719482421875,0.3257570266723633,0.5787825584411621,2.7324018478393555,0.9308679103851318
320,4,44,64,False,26,3.305903434753418,3.7550392150878906,0.017312943935394287,0.21439070999622345,-0.21439070999622345,-0.000438690185546875,0.0007889182655292926,-0.0007889182655292926,3.305903434753418,3.30360746383667,3.7550392150878906,3.7546844482421875,0.02099609375,0.06625509262084961,0.1480846405029297,3.6632697582244873,0.595130205154419
330,4,44,64,False,31,1.4656425714492798,3.8095459938049316,0.011307716369628906,0.013350114226341248,-0.013350114226341248,-5.9604644775390625e-05,0.001943116930915978,-0.001943116930915978,1.4656425714492798,1.4627642631530762,3.8095459938049316,3.8096251487731934,0.06715250015258789,0.1890425682067871,0.2970871925354004,4.258399963378906,0.5036821365356445
340,4,44,64,False,21,0.9831181764602661,4.302903175354004,0.010194540023803711,-0.11349720507860184,0.11349720507860184,0.0006113052368164062,0.0012627798214747132,-0.0012627798214747132,0.9831181764602661,0.9817426800727844,4.302903175354004,4.30349063873291,0.04023170471191406,0.1296854019165039,0.2550039291381836,4.762082099914551,0.4586348533630371
350,4,44,64,False,11,0.8318889737129211,4.864262580871582,0.01513683795928955,-0.12618672847747803,0.12618672847747803,0.000988006591796875,0.002468154090370378,-0.002468154090370378,0.8318889737129211,0.8296823501586914,4.864262580871582,4.865161895751953,0.036841392517089844,0.11873149871826172,0.20768165588378906,5.220716953277588,0.11671018600463867
360,4,44,64,True,1,0.26552337408065796,3.8260152339935303,0.011658251285552979,-0.05468840152025223,0.05468840152025223,0.0003008842468261719,0.005907511129904619,-0.005907511129904619,0.26552337408065796,0.2639349400997162,3.8260152339935303,3.826303005218506,-0.00705409049987793,0.0065767765045166016,0.08983588218688965,5.337427139282227,-2.0098166465759277
370,5,55,64,False,9,7.087946891784668,2.8112664222717285,0.010705351829528809,0.2803134024143219,-0.2803134024143219,-0.002040863037109375,0.0027145370790004897,-0.0027145370790004897,7.087946891784668,7.074832439422607,2.8112664222717285,2.8088321685791016,-0.10701346397399902,-0.20984172821044922,-0.22987937927246094,2.9783248901367188,-0.20791959762573242
380,5,55,64,False,19,4.402609348297119,2.5287156105041504,0.019346952438354492,-0.005446875933557749,0.005446875933557749,1.1444091796875e-05,0.0010065132764706108,-0.0010065132764706108,4.402609348297119,4.398123741149902,2.5287156105041504,2.5287468433380127,0.023758888244628906,0.0782315731048584,0.13639473915100098,2.7704052925109863,0.3045387268066406
390,5,55,64,False,29,3.296628475189209,2.918107032775879,0.011465370655059814,-0.011674396693706512,0.011674396693706512,1.9550323486328125e-05,0.0006947886120031166,-0.0006947886120031166,3.296628475189209,3.294304370880127,2.918107032775879,2.9181368350982666,0.016905784606933594,0.0540766716003418,0.10104560852050781,3.074944019317627,0.5814523696899414
400,5,55,64,False,32,1.5619266033172607,3.344522714614868,0.008506417274475098,-0.16969628632068634,0.16969628632068634,0.00036597251892089844,0.0011620208855001035,-0.0011620208855001035,1.5619266033172607,1.5599257946014404,3.344522714614868,3.344921112060547,0.0702357292175293,0.24648022651672363,0.462263822555542,3.6563963890075684,1.3793768882751465
410,5,55,64,False,22,0.9181123971939087,4.46967887878418,0.013736188411712646,-0.1753367781639099,0.1753367781639099,0.0006198883056640625,0.0011990640240487904,-0.0011990640240487904,0.9181123971939087,0.9168729186058044,4.46967887878418,4.4703545570373535,0.12712764739990234,0.38658809661865234,0.6492500305175781,5.035773277282715,0.9552979469299316
420,5,55,64,False,12,0.5823564529418945,5.643475532531738,0.01724916696548462,0.03537619486451149,-0.03537619486451149,-0.0001983642578125,0.00387506334417842,-0.00387506334417842,0.5823564529418945,0.5801365971565247,5.643475532531738,5.643117427825928,0.045998573303222656,0.1239633560180664,0.19941282272338867,5.9910712242126465,0.1756730079650879
430,5,55,64,True,2,0.19502343237400055,5.474616050720215,0.010116398334503174,-0.01598820835351944,0.01598820835351944,4.57763671875e-05,0.0024321111762340974,-0.0024321111762340974,0.19502343237400055,0.1945478767156601,5.474616050720215,5.474650859832764,0.009566783905029297,0.02771759033203125,0.050031185150146484,6.166744232177734,-1.0142097473144531
440,6,66,66,False,8,9.749736785888672,4.257546424865723,0.01319587230682373,0.4341076612472534,-0.4341076612472534,-0.007039070129394531,0.004460326162964101,-0.004460326162964101,9.749736785888672,9.721385955810547,4.257546424865723,4.250917434692383,-0.16275691986083984,-0.4793739318847656,-0.7654147148132324,4.065008163452148,-1.1927969455718994
450,6,66,66,False,18,5.024215221405029,3.515000104904175,0.024036049842834473,0.16312779486179352,-0.16312779486179352,-0.0008966922760009766,0.0019643152369782646,-0.0019643152369782646,5.024215221405029,5.015597343444824,3.515000104904175,3.5141232013702393,-0.08637881278991699,-0.2061901092529297,-0.26590895652770996,2.872211217880249,0.20688319206237793
460,6,66,66,False,28,3.3489575386047363,3.29237699508667,0.008197665214538574,-0.00897262617945671,0.00897262617945671,1.9311904907226562e-05,0.0007572667722481885,-0.0007572667722481885,3.3489575386047363,3.3464064598083496,3.29237699508667,3.292391777038574,0.03182530403137207,0.0957193374633789,0.16681742668151855,3.079094409942627,0.5355088710784912
470,6,66,66,False,38,1.8677388429641724,3.741024971008301,0.01576244831085205,-0.12926389276981354,0.12926389276981354,0.00038909912109375,0.0015340137771853168,-0.0015340137771853168,1.8677388429641724,1.8646641969680786,3.741024971008301,3.741445302963257,0.069305419921875,0.23214268684387207,0.4284334182739258,3.614603281021118,1.0615570545196533
480,6,66,66,False,48,0.9402146339416504,4.143411159515381,0.014739751815795898,-0.04506310448050499,0.04506310448050499,0.00020074844360351562,0.0022918474544025846,-0.0022918474544025846,0.9402146339416504,0.9379558563232422,4.143411159515381,4.1438703536987305,0.09156179428100586,0.2702326774597168,0.45061492919921875,4.6761603355407715,0.9188046455383301
490,6,66,66,False,58,0.7672978639602661,5.055060386657715,0.013586342334747314,0.18186813592910767,-0.18186813592910767,-0.0009236335754394531,0.0016627259866061062,-0.0016627259866061062,0.7672978639602661,0.7660912871360779,5.055060386657715,5.054603576660156,0.05504608154296875,0.1279287338256836,0.16574764251708984,5.594964981079102,0.4267911911010742
500,6,66,66,False,68,0.4826688766479492,5.901662826538086,0.010070323944091797,-0.08087903261184692,0.08087903261184692,0.0004220008850097656,0.002129677740788982,-0.002129677740788982,0.4826688766479492,0.4816204011440277,5.901662826538086,5.901914596557617,0.03214263916015625,0.11576557159423828,0.22033023834228516,6.021756172180176,
