step,concept,occurrence,segment,adapter,decision,best_risk,best_lcb,best_ucb,best_gain,num_adapters,loss,risks,shadow_status,shadow_best_reuse,shadow_reuse_query_before,shadow_reuse_query_after,shadow_reuse_query_gain,shadow_reuse_harm,shadow_reuse_lcb,shadow_fresh_query_before,shadow_fresh_query_after,shadow_fresh_query_gain,shadow_fresh_advantage,shadow_profiles
1,A,1,A1,default,warmup,,,,,1,4.334893226623535,{},warmup,,,,,,,,,,,{}
2,A,1,A1,default,warmup,,,,,1,4.37839937210083,{},warmup,,,,,,,,,,,{}
3,A,1,A1,default,warmup,,,,,1,4.288119792938232,{},warmup,,,,,,,,,,,{}
4,A,1,A1,default,warmup,,,,,1,4.233612060546875,{},warmup,,,,,,,,,,,{}
5,A,1,A1,default,reuse,-0.05914483591914177,-0.0636830704472959,-0.054606601390987636,0.06456136703491211,1,4.120465278625488,"{""default"": -0.05914483591914177}",ok,default,4.140946388244629,4.083639621734619,0.057306766510009766,-0.057409945875406265,-0.06226652607321739,4.324832916259766,4.2750725746154785,0.04976034164428711,-0.19143295288085938,"{""default"": {""harm"": -0.057409945875406265, ""harm_lcb"": -0.06226652607321739, ""harm_se"": 0.0024778470396995544, ""harm_ucb"": -0.05255336567759514, ""query_after"": 4.083639621734619, ""query_before"": 4.140946388244629, ""query_gain"": 0.057306766510009766, ""support_loss"": 4.175883769989014}}"
6,A,1,A1,default,reuse,-0.057815149426460266,-0.061134003452025354,-0.05449629540089518,0.05954599380493164,1,4.171109199523926,"{""default"": -0.057815149426460266}",ok,default,4.18114709854126,4.142665386199951,0.038481712341308594,-0.05747320130467415,-0.06161271038465202,4.36229133605957,4.345760345458984,0.016530990600585938,-0.2030949592590332,"{""default"": {""harm"": -0.05747320130467415, ""harm_lcb"": -0.06161271038465202, ""harm_se"": 0.0021119944285601377, ""harm_ucb"": -0.05333369222469628, ""query_after"": 4.142665386199951, ""query_before"": 4.18114709854126, ""query_gain"": 0.038481712341308594, ""support_loss"": 4.1038312911987305}}"
7,A,1,A1,default,reuse,-0.060259535908699036,-0.06316471999976785,-0.05735435181763023,0.06256890296936035,1,4.046647071838379,"{""default"": -0.060259535908699036}",ok,default,4.032590866088867,3.9759325981140137,0.056658267974853516,-0.05859893560409546,-0.06143720811698586,4.347503185272217,4.307277679443359,0.04022550582885742,-0.3313450813293457,"{""default"": {""harm"": -0.05859893560409546, ""harm_lcb"": -0.06143720811698586, ""harm_se"": 0.0014480982208624482, ""harm_ucb"": -0.05576066309120506, ""query_after"": 3.9759325981140137, ""query_before"": 4.032590866088867, ""query_gain"": 0.056658267974853516, ""support_loss"": 4.091907501220703}}"
8,A,1,A1,default,reuse,-0.06112097203731537,-0.06320653789676726,-0.05903540617786348,0.062334299087524414,1,3.9873805046081543,"{""default"": -0.06112097203731537}",ok,default,3.9076008796691895,3.8592653274536133,0.04833555221557617,-0.05838651955127716,-0.06098409150727093,4.328071117401123,4.317406177520752,0.010664939880371094,-0.45814085006713867,"{""default"": {""harm"": -0.05838651955127716, ""harm_lcb"": -0.06098409150727093, ""harm_se"": 0.0013252918142825365, ""harm_ucb"": -0.05578894759528339, ""query_after"": 3.8592653274536133, ""query_before"": 3.9076008796691895, ""query_gain"": 0.04833555221557617, ""support_loss"": 4.046514511108398}}"
9,A,1,A1,default,reuse,-0.06736824661493301,-0.07075653787702323,-0.0639799553528428,0.07423734664916992,1,3.9149885177612305,"{""default"": -0.06736824661493301}",ok,default,3.8988430500030518,3.825894832611084,0.07294821739196777,-0.06686897575855255,-0.06996204313822091,4.38564395904541,4.3111724853515625,0.07447147369384766,-0.4852776527404785,"{""default"": {""harm"": -0.06686897575855255, ""harm_lcb"": -0.06996204313822091, ""harm_se"": 0.0015780956018716097, ""harm_ucb"": -0.0637759083788842, ""query_after"": 3.825894832611084, ""query_before"": 3.8988430500030518, ""query_gain"": 0.07294821739196777, ""support_loss"": 3.913773536682129}}"
10,A,1,A1,default,reuse,-0.0672675296664238,-0.07124920757487416,-0.06328585175797344,0.07275938987731934,1,3.9324488639831543,"{""default"": -0.0672675296664238}",ok,default,3.888169527053833,3.816467761993408,0.0717017650604248,-0.06527649611234665,-0.06857159516774118,4.40778923034668,4.359138488769531,0.04865074157714844,-0.542670726776123,"{""default"": {""harm"": -0.06527649611234665, ""harm_lcb"": -0.06857159516774118, ""harm_se"": 0.001681172987446189, ""harm_ucb"": -0.06198139705695212, ""query_after"": 3.816467761993408, ""query_before"": 3.888169527053833, ""query_gain"": 0.0717017650604248, ""support_loss"": 3.940253734588623}}"
11,A,1,A1,default,reuse,-0.074959397315979,-0.07803248646203428,-0.07188630816992372,0.07651662826538086,1,3.846749782562256,"{""default"": -0.074959397315979}",ok,default,3.846583127975464,3.7808642387390137,0.0657188892364502,-0.07418379932641983,-0.07764717513229698,4.363959789276123,4.307868003845215,0.0560917854309082,-0.5270037651062012,"{""default"": {""harm"": -0.07418379932641983, ""harm_lcb"": -0.07764717513229698, ""harm_se"": 0.0017670284723863006, ""harm_ucb"": -0.07072042352054268, ""query_after"": 3.7808642387390137, ""query_before"": 3.846583127975464, ""query_gain"": 0.0657188892364502, ""support_loss"": 3.7949156761169434}}"
12,A,1,A1,default,reuse,-0.07958389818668365,-0.08254990252200514,-0.07661789385136217,0.0757455825805664,1,3.7404236793518066,"{""default"": -0.07958389818668365}",ok,default,3.763385772705078,3.6958653926849365,0.0675203800201416,-0.07544268667697906,-0.07813363680150359,4.365758895874023,4.355303764343262,0.010455131530761719,-0.6594383716583252,"{""default"": {""harm"": -0.07544268667697906, ""harm_lcb"": -0.07813363680150359, ""harm_se"": 0.0013729337370023131, ""harm_ucb"": -0.07275173655245454, ""query_after"": 3.6958653926849365, ""query_before"": 3.763385772705078, ""query_gain"": 0.0675203800201416, ""support_loss"": 3.7665836811065674}}"
13,A,1,A1,default,reuse,-0.0831582322716713,-0.08571366048417986,-0.08060280405916273,0.07825112342834473,1,3.7557883262634277,"{""default"": -0.0831582322716713}",ok,default,3.723083972930908,3.6512136459350586,0.07187032699584961,-0.0814766138792038,-0.08435717297252268,4.320021152496338,4.269947052001953,0.050074100494384766,-0.6187334060668945,"{""default"": {""harm"": -0.0814766138792038, ""harm_lcb"": -0.08435717297252268, ""harm_se"": 0.0014696730067953467, ""harm_ucb"": -0.07859605478588491, ""query_after"": 3.6512136459350586, ""query_before"": 3.723083972930908, ""query_gain"": 0.07187032699584961, ""support_loss"": 3.6910619735717773}}"
14,A,1,A1,default,reuse,-0.08409774303436279,-0.08689727981109172,-0.08129820625763387,0.09223079681396484,1,3.6041579246520996,"{""default"": -0.08409774303436279}",ok,default,3.5748257637023926,3.4939632415771484,0.08086252212524414,-0.08248016238212585,-0.08515400721225888,4.442174911499023,4.430638313293457,0.011536598205566406,-0.9366750717163086,"{""default"": {""harm"": -0.08248016238212585, ""harm_lcb"": -0.08515400721225888, ""harm_se"": 0.0013642065459862351, ""harm_ucb"": -0.07980631755199283, ""query_after"": 3.4939632415771484, ""query_before"": 3.5748257637023926, ""query_gain"": 0.08086252212524414, ""support_loss"": 3.635244846343994}}"
15,A,1,A1,default,reuse,-0.09553217887878418,-0.09950158695690334,-0.09156277080066502,0.09667444229125977,1,3.512474536895752,"{""default"": -0.09553217887878418}",ok,default,3.49420166015625,3.411318063735962,0.08288359642028809,-0.09334782510995865,-0.09805130829103291,4.322835445404053,4.31008243560791,0.012753009796142578,-0.8987643718719482,"{""default"": {""harm"": -0.09334782510995865, ""harm_lcb"": -0.09805130829103291, ""harm_se"": 0.0023997363168746233, ""harm_ucb"": -0.08864434192888439, ""query_after"": 3.411318063735962, ""query_before"": 3.49420166015625, ""query_gain"": 0.08288359642028809, ""support_loss"": 3.5214242935180664}}"
16,A,1,A1,default,reuse,-0.09707294404506683,-0.10044237489812076,-0.09370351319201291,0.09680938720703125,1,3.4726614952087402,"{""default"": -0.09707294404506683}",ok,default,3.4024322032928467,3.3200223445892334,0.08240985870361328,-0.0937516987323761,-0.09788363745436073,4.311233043670654,4.295568943023682,0.015664100646972656,-0.9755465984344482,"{""default"": {""harm"": -0.0937516987323761, ""harm_lcb"": -0.09788363745436073, ""harm_se"": 0.0021081320010125637, ""harm_ucb"": -0.08961976001039147, ""query_after"": 3.3200223445892334, ""query_before"": 3.4024322032928467, ""query_gain"": 0.08240985870361328, ""support_loss"": 3.4822781085968018}}"
17,B,1,B1,default,reuse,-0.07974515855312347,-0.08291256708558649,-0.07657775002066046,-0.0022754669189453125,1,4.679004669189453,"{""default"": -0.07974515855312347}",ok,default,4.767435550689697,4.805032730102539,-0.0375971794128418,-0.08087228238582611,-0.08397818204481154,4.358351707458496,4.326761245727539,0.03159046173095703,0.478271484375,"{""default"": {""harm"": -0.08087228238582611, ""harm_lcb"": -0.08397818204481154, ""harm_se"": 0.0015846426831558347, ""harm_ucb"": -0.07776638272684068, ""query_after"": 4.805032730102539, ""query_before"": 4.767435550689697, ""query_gain"": -0.0375971794128418, ""support_loss"": 4.723278045654297}}"
18,B,1,B1,default,reuse,-0.0617561936378479,-0.06554591945838183,-0.05796646781731397,0.002810955047607422,1,4.692197799682617,"{""default"": -0.0617561936378479}",ok,default,4.656314849853516,4.664549827575684,-0.008234977722167969,-0.06185876950621605,-0.06587053124792874,4.348309516906738,4.312531471252441,0.035778045654296875,0.3520183563232422,"{""default"": {""harm"": -0.06185876950621605, ""harm_lcb"": -0.06587053124792874, ""harm_se"": 0.0020468172151595354, ""harm_ucb"": -0.05784700776450336, ""query_after"": 4.664549827575684, ""query_before"": 4.656314849853516, ""query_gain"": -0.008234977722167969, ""support_loss"": 4.734202861785889}}"
19,B,1,B1,default,reuse,-0.048317886888980865,-0.0511238469928503,-0.04551192678511143,0.026536941528320312,1,4.667726516723633,"{""default"": -0.048317886888980865}",ok,default,4.65240478515625,4.6413679122924805,0.011036872863769531,-0.04956630617380142,-0.05239745669066906,4.3394904136657715,4.316208839416504,0.023281574249267578,0.32515907287597656,"{""default"": {""harm"": -0.04956630617380142, ""harm_lcb"": -0.05239745669066906, ""harm_se"": 0.001444464549422264, ""harm_ucb"": -0.046735155656933786, ""query_after"": 4.6413679122924805, ""query_before"": 4.65240478515625, ""query_gain"": 0.011036872863769531, ""support_loss"": 4.672950744628906}}"
20,B,1,B1,default,reuse,-0.03711267560720444,-0.03948528896085918,-0.0347400622535497,0.037629127502441406,1,4.625082492828369,"{""default"": -0.03711267560720444}",ok,default,4.638647079467773,4.611806392669678,0.026840686798095703,-0.03648753836750984,-0.03892236610874534,4.345396995544434,4.311939239501953,0.03345775604248047,0.2998671531677246,"{""default"": {""harm"": -0.03648753836750984, ""harm_lcb"": -0.03892236610874534, ""harm_se"": 0.0012422590516507626, ""harm_ucb"": -0.034052710626274345, ""query_after"": 4.611806392669678, ""query_before"": 4.638647079467773, ""query_gain"": 0.026840686798095703, ""support_loss"": 4.697347640991211}}"
21,B,1,B1,default,reuse,-0.03156247362494469,-0.034177522799000146,-0.028947424450889228,0.0509037971496582,1,4.697420120239258,"{""default"": -0.03156247362494469}",ok,default,4.643187522888184,4.604186058044434,0.03900146484375,-0.03223690018057823,-0.035046545523218814,4.366905689239502,4.312429428100586,0.054476261138916016,0.29175662994384766,"{""default"": {""harm"": -0.03223690018057823, ""harm_lcb"": -0.035046545523218814, ""harm_se"": 0.0014334925217553973, ""harm_ucb"": -0.029427254837937653, ""query_after"": 4.604186058044434, ""query_before"": 4.643187522888184, ""query_gain"": 0.03900146484375, ""support_loss"": 4.7590107917785645}}"
22,B,1,B1,default,reuse,-0.028037767857313156,-0.033170913690701125,-0.022904622023925184,0.05826282501220703,1,4.602974891662598,"{""default"": -0.028037767857313156}",ok,default,4.611215591430664,4.575374603271484,0.03584098815917969,-0.02802930399775505,-0.03271910130046308,4.351049423217773,4.338486194610596,0.012563228607177734,0.23688840866088867,"{""default"": {""harm"": -0.02802930399775505, ""harm_lcb"": -0.03271910130046308, ""harm_se"": 0.0023927537258714437, ""harm_ucb"": -0.023339506695047023, ""query_after"": 4.575374603271484, ""query_before"": 4.611215591430664, ""query_gain"": 0.03584098815917969, ""support_loss"": 4.532651901245117}}"
23,B,1,B1,default,reuse,-0.022756852209568024,-0.029160868981853126,-0.01635283543728292,0.06911468505859375,1,4.502786636352539,"{""default"": -0.022756852209568024}",ok,default,4.556493759155273,4.494623184204102,0.061870574951171875,-0.022849712520837784,-0.02909724982455373,4.373249530792236,4.31981086730957,0.053438663482666016,0.17481231689453125,"{""default"": {""harm"": -0.022849712520837784, ""harm_lcb"": -0.02909724982455373, ""harm_se"": 0.003187519032508135, ""harm_ucb"": -0.016602175217121838, ""query_after"": 4.494623184204102, ""query_before"": 4.556493759155273, ""query_gain"": 0.061870574951171875, ""support_loss"": 4.554209232330322}}"
24,B,1,B1,default,reuse,-0.022734493017196655,-0.0305160142108798,-0.014952971823513508,0.07629966735839844,1,4.554387092590332,"{""default"": -0.022734493017196655}",ok,default,4.546756744384766,4.482696533203125,0.06406021118164062,-0.022452671080827713,-0.029943738598376513,4.391057968139648,4.354999542236328,0.03605842590332031,0.12769699096679688,"{""default"": {""harm"": -0.022452671080827713, ""harm_lcb"": -0.029943738598376513, ""harm_se"": 0.0038219732232391834, ""harm_ucb"": -0.014961603563278913, ""query_after"": 4.482696533203125, ""query_before"": 4.546756744384766, ""query_gain"": 0.06406021118164062, ""support_loss"": 4.613066673278809}}"
25,B,1,B1,default,reuse,-0.023313216865062714,-0.03252143817022443,-0.014104995559901,0.07671165466308594,1,4.3932108879089355,"{""default"": -0.023313216865062714}",ok,default,4.4340691566467285,4.368414878845215,0.06565427780151367,-0.02292550355195999,-0.031748096141964194,4.3545684814453125,4.318213939666748,0.03635454177856445,0.0502009391784668,"{""default"": {""harm"": -0.02292550355195999, ""harm_lcb"": -0.031748096141964194, ""harm_se"": 0.004501322750002146, ""harm_ucb"": -0.014102910961955786, ""query_after"": 4.368414878845215, ""query_before"": 4.4340691566467285, ""query_gain"": 0.06565427780151367, ""support_loss"": 4.403907299041748}}"
26,B,1,B1,default,reuse,-0.030347201973199844,-0.040445760171860454,-0.020248643774539235,0.08241701126098633,1,4.325643539428711,"{""default"": -0.030347201973199844}",ok,default,4.384580612182617,4.300601005554199,0.08397960662841797,-0.030131060630083084,-0.04002812746912241,4.38037633895874,4.30381965637207,0.07655668258666992,-0.0032186508178710938,"{""default"": {""harm"": -0.030131060630083084, ""harm_lcb"": -0.04002812746912241, ""harm_se"": 0.005049523897469044, ""harm_ucb"": -0.020233993791043757, ""query_after"": 4.300601005554199, ""query_before"": 4.384580612182617, ""query_gain"": 0.08397960662841797, ""support_loss"": 4.327411651611328}}"
27,B,1,B1,default,reuse,-0.02471323311328888,-0.03577098747715354,-0.01365547874942422,0.07668828964233398,1,4.259284019470215,"{""default"": -0.02471323311328888}",ok,default,4.335760116577148,4.270459175109863,0.06530094146728516,-0.024768639355897903,-0.03572562750428915,4.367588043212891,4.335576057434082,0.032011985778808594,-0.06511688232421875,"{""default"": {""harm"": -0.024768639355897903, ""harm_lcb"": -0.03572562750428915, ""harm_se"": 0.00559030007570982, ""harm_ucb"": -0.013811651207506657, ""query_after"": 4.270459175109863, ""query_before"": 4.335760116577148, ""query_gain"": 0.06530094146728516, ""support_loss"": 4.227541923522949}}"
28,B,1,B1,default,reuse,-0.01626536250114441,-0.026748150251805783,-0.0057825747504830355,0.08055400848388672,1,4.267367362976074,"{""default"": -0.01626536250114441}",ok,default,4.195427417755127,4.121552467346191,0.07387495040893555,-0.015571251511573792,-0.02582559872418642,4.3425188064575195,4.307925224304199,0.03459358215332031,-0.1863727569580078,"{""default"": {""harm"": -0.015571251511573792, ""harm_lcb"": -0.02582559872418642, ""harm_se"": 0.005231809802353382, ""harm_ucb"": -0.005316904298961162, ""query_after"": 4.121552467346191, ""query_before"": 4.195427417755127, ""query_gain"": 0.07387495040893555, ""support_loss"": 4.384931564331055}}"
29,B,1,B1,default,reuse,-0.02575390785932541,-0.037546597085893155,-0.013961218632757663,0.0765695571899414,1,4.303020477294922,"{""default"": -0.02575390785932541}",ok,default,4.294637680053711,4.224114894866943,0.07052278518676758,-0.025625169277191162,-0.037293685283511874,4.37569522857666,4.319103240966797,0.05659198760986328,-0.09498834609985352,"{""default"": {""harm"": -0.025625169277191162, ""harm_lcb"": -0.037293685283511874, ""harm_se"": 0.005953324493020773, ""harm_ucb"": -0.013956653270870447, ""query_after"": 4.224114894866943, ""query_before"": 4.294637680053711, ""query_gain"": 0.07052278518676758, ""support_loss"": 4.300718307495117}}"
30,B,1,B1,default,reuse,-0.023431330919265747,-0.034859307687729595,-0.012003354150801898,0.07363295555114746,1,4.0636749267578125,"{""default"": -0.023431330919265747}",ok,default,4.005324840545654,3.9431686401367188,0.06215620040893555,-0.023666486144065857,-0.03523431899026036,4.3197784423828125,4.285831451416016,0.033946990966796875,-0.3426628112792969,"{""default"": {""harm"": -0.023666486144065857, ""harm_lcb"": -0.03523431899026036, ""harm_se"": 0.005901955533772707, ""harm_ucb"": -0.012098653297871352, ""query_after"": 3.9431686401367188, ""query_before"": 4.005324840545654, ""query_gain"": 0.06215620040893555, ""support_loss"": 4.068173408508301}}"
31,B,1,B1,default,reuse,-0.02629520744085312,-0.038236235342919825,-0.014354179538786411,0.07844948768615723,1,4.118075370788574,"{""default"": -0.02629520744085312}",ok,default,4.049046516418457,3.980865478515625,0.06818103790283203,-0.026323258876800537,-0.03848499404266477,4.324366569519043,4.276409149169922,0.047957420349121094,-0.2955436706542969,"{""default"": {""harm"": -0.026323258876800537, ""harm_lcb"": -0.03848499404266477, ""harm_se"": 0.006204966921359301, ""harm_ucb"": -0.014161523710936309, ""query_after"": 3.980865478515625, ""query_before"": 4.049046516418457, ""query_gain"": 0.06818103790283203, ""support_loss"": 4.100437164306641}}"
32,B,1,B1,default,reuse,-0.025998391211032867,-0.03763000143691897,-0.014366780985146762,0.07269954681396484,1,3.9929964542388916,"{""default"": -0.025998391211032867}",ok,default,3.9425411224365234,3.876331329345703,0.06620979309082031,-0.02639099583029747,-0.037988077849149704,4.315426349639893,4.254289627075195,0.061136722564697266,-0.3779582977294922,"{""default"": {""harm"": -0.02639099583029747, ""harm_lcb"": -0.037988077849149704, ""harm_se"": 0.005916878581047058, ""harm_ucb"": -0.014793913811445236, ""query_after"": 3.876331329345703, ""query_before"": 3.9425411224365234, ""query_gain"": 0.06620979309082031, ""support_loss"": 3.9903156757354736}}"
33,A,2,A2,default,reuse,-0.02810852602124214,-0.03702710047364235,-0.019189951568841936,0.004451751708984375,1,3.2027628421783447,"{""default"": -0.02810852602124214}",ok,default,3.124408006668091,3.141110420227051,-0.01670241355895996,-0.027545563876628876,-0.036851350571960206,4.39405632019043,4.362335205078125,0.03172111511230469,-1.2212247848510742,"{""default"": {""harm"": -0.027545563876628876, ""harm_lcb"": -0.036851350571960206, ""harm_se"": 0.004747850354760885, ""harm_ucb"": -0.01823977718129754, ""query_after"": 3.141110420227051, ""query_before"": 3.124408006668091, ""query_gain"": -0.01670241355895996, ""support_loss"": 3.188913345336914}}"
34,A,2,A2,default,reuse,-0.027830712497234344,-0.034375332845374945,-0.021286092149093747,0.011806488037109375,1,3.1649270057678223,"{""default"": -0.027830712497234344}",ok,default,3.1425294876098633,3.142822027206421,-0.0002925395965576172,-0.026807449758052826,-0.03392969357781112,4.327495098114014,4.277432918548584,0.05006217956542969,-1.134610891342163,"{""default"": {""harm"": -0.026807449758052826, ""harm_lcb"": -0.03392969357781112, ""harm_se"": 0.0036337978672236204, ""harm_ucb"": -0.01968520593829453, ""query_after"": 3.142822027206421, ""query_before"": 3.1425294876098633, ""query_gain"": -0.0002925395965576172, ""support_loss"": 3.1465671062469482}}"
35,A,2,A2,default,reuse,-0.02554095908999443,-0.030565546108409763,-0.0205163720715791,0.023348331451416016,1,3.153304100036621,"{""default"": -0.02554095908999443}",ok,default,3.033559799194336,3.0240185260772705,0.00954127311706543,-0.02362314611673355,-0.029000419909134507,4.408145904541016,4.378565788269043,0.029580116271972656,-1.3545472621917725,"{""default"": {""harm"": -0.02362314611673355, ""harm_lcb"": -0.029000419909134507, ""harm_se"": 0.0027435070369392633, ""harm_ucb"": -0.018245872324332595, ""query_after"": 3.0240185260772705, ""query_before"": 3.033559799194336, ""query_gain"": 0.00954127311706543, ""support_loss"": 3.1367383003234863}}"
36,A,2,A2,default,reuse,-0.028629593551158905,-0.031824707658961414,-0.025434479443356396,0.027818918228149414,1,3.1908109188079834,"{""default"": -0.028629593551158905}",ok,default,3.1328065395355225,3.1150286197662354,0.01777791976928711,-0.026976551860570908,-0.030412858924828468,4.335301399230957,4.301461219787598,0.033840179443359375,-1.1864326000213623,"{""default"": {""harm"": -0.026976551860570908, ""harm_lcb"": -0.030412858924828468, ""harm_se"": 0.0017532178899273276, ""harm_ucb"": -0.023540244796313347, ""query_after"": 3.1150286197662354, ""query_before"": 3.1328065395355225, ""query_gain"": 0.01777791976928711, ""support_loss"": 3.181347370147705}}"
37,A,2,A2,default,reuse,-0.029410552233457565,-0.03245954141020775,-0.026361563056707383,0.036759138107299805,1,3.1146788597106934,"{""default"": -0.029410552233457565}",ok,default,3.105952024459839,3.0804402828216553,0.025511741638183594,-0.027817528694868088,-0.030926237404346465,4.374898910522461,4.34870719909668,0.02619171142578125,-1.2682669162750244,"{""default"": {""harm"": -0.027817528694868088, ""harm_lcb"": -0.030926237404346465, ""harm_se"": 0.001586075872182846, ""harm_ucb"": -0.02470881998538971, ""query_after"": 3.0804402828216553, ""query_before"": 3.105952024459839, ""query_gain"": 0.025511741638183594, ""support_loss"": 3.150554656982422}}"
38,A,2,A2,default,reuse,-0.033483684062957764,-0.038242461569607256,-0.02872490655630827,0.05130410194396973,1,3.0207443237304688,"{""default"": -0.033483684062957764}",ok,default,2.965859889984131,2.923793315887451,0.04206657409667969,-0.032488495111465454,-0.037036653384566305,4.390390872955322,4.332178592681885,0.0582122802734375,-1.4083852767944336,"{""default"": {""harm"": -0.032488495111465454, ""harm_lcb"": -0.037036653384566305, ""harm_se"": 0.002320488914847374, ""harm_ucb"": -0.027940336838364603, ""query_after"": 2.923793315887451, ""query_before"": 2.965859889984131, ""query_gain"": 0.04206657409667969, ""support_loss"": 3.046896457672119}}"
39,A,2,A2,default,reuse,-0.029740318655967712,-0.034232326038181785,-0.025248311273753644,0.04232382774353027,1,3.1229968070983887,"{""default"": -0.029740318655967712}",ok,default,3.151632308959961,3.134796619415283,0.016835689544677734,-0.02927691861987114,-0.03414830411784351,4.375082969665527,4.347105026245117,0.027977943420410156,-1.212308406829834,"{""default"": {""harm"": -0.02927691861987114, ""harm_lcb"": -0.03414830411784351, ""harm_se"": 0.002485400764271617, ""harm_ucb"": -0.02440553312189877, ""query_after"": 3.134796619415283, ""query_before"": 3.151632308959961, ""query_gain"": 0.016835689544677734, ""support_loss"": 2.905013084411621}}"
40,A,2,A2,default,reuse,-0.032895978540182114,-0.03906721718609333,-0.026724739894270898,0.04921460151672363,1,3.0989415645599365,"{""default"": -0.032895978540182114}",ok,default,3.083606719970703,3.039334297180176,0.044272422790527344,-0.032873060554265976,-0.03878047525882721,4.352613925933838,4.295679092407227,0.05693483352661133,-1.2563447952270508,"{""default"": {""harm"": -0.032873060554265976, ""harm_lcb"": -0.03878047525882721, ""harm_se"": 0.0030139870941638947, ""harm_ucb"": -0.02696564584970474, ""query_after"": 3.039334297180176, ""query_before"": 3.083606719970703, ""query_gain"": 0.044272422790527344, ""support_loss"": 3.1653215885162354}}"
41,A,2,A2,default,reuse,-0.0261986143887043,-0.032792208641767503,-0.019605020135641096,0.0549776554107666,1,2.952350616455078,"{""default"": -0.0261986143887043}",ok,default,2.9281716346740723,2.8815698623657227,0.04660177230834961,-0.025185003876686096,-0.03149398662149906,4.336947917938232,4.284043312072754,0.052904605865478516,-1.4024734497070312,"{""default"": {""harm"": -0.025185003876686096, ""harm_lcb"": -0.03149398662149906, ""harm_se"": 0.0032188687473535538, ""harm_ucb"": -0.01887602113187313, ""query_after"": 2.8815698623657227, ""query_before"": 2.9281716346740723, ""query_gain"": 0.04660177230834961, ""support_loss"": 3.0047662258148193}}"
42,A,2,A2,default,reuse,-0.02725633978843689,-0.0354424299672246,-0.019070249609649183,0.05665731430053711,1,2.8769583702087402,"{""default"": -0.02725633978843689}",ok,default,2.7938392162323,2.7434794902801514,0.05035972595214844,-0.025448113679885864,-0.03250813854858279,4.424058437347412,4.398037910461426,0.026020526885986328,-1.6545584201812744,"{""default"": {""harm"": -0.025448113679885864, ""harm_lcb"": -0.03250813854858279, ""harm_se"": 0.003602053504437208, ""harm_ucb"": -0.018388088811188936, ""query_after"": 2.7434794902801514, ""query_before"": 2.7938392162323, ""query_gain"": 0.05035972595214844, ""support_loss"": 2.9446797370910645}}"
43,A,2,A2,default,reuse,-0.02186517044901848,-0.03008633553981781,-0.013644005358219146,0.05123734474182129,1,2.9685616493225098,"{""default"": -0.02186517044901848}",ok,default,2.893289566040039,2.8528265953063965,0.04046297073364258,-0.021664172410964966,-0.029697828646749257,4.324972152709961,4.303321838378906,0.021650314331054688,-1.4504952430725098,"{""default"": {""harm"": -0.021664172410964966, ""harm_lcb"": -0.029697828646749257, ""harm_se"": 0.004098804201930761, ""harm_ucb"": -0.013630516175180674, ""query_after"": 2.8528265953063965, ""query_before"": 2.893289566040039, ""query_gain"": 0.04046297073364258, ""support_loss"": 2.9705958366394043}}"
44,A,2,A2,default,reuse,-0.032567620277404785,-0.04203916536644101,-0.023096075188368557,0.05695962905883789,1,2.927097797393799,"{""default"": -0.032567620277404785}",ok,default,2.9659109115600586,2.930105209350586,0.035805702209472656,-0.03073006495833397,-0.04020390182733535,4.3301825523376465,4.297153472900391,0.03302907943725586,-1.3670482635498047,"{""default"": {""harm"": -0.03073006495833397, ""harm_lcb"": -0.04020390182733535, ""harm_se"": 0.004833590239286423, ""harm_ucb"": -0.02125622808933258, ""query_after"": 2.930105209350586, ""query_before"": 2.9659109115600586, ""query_gain"": 0.035805702209472656, ""support_loss"": 2.8466644287109375}}"
45,A,2,A2,default,reuse,-0.019492514431476593,-0.029991243332624436,-0.00899378553032875,0.058319091796875,1,2.893561840057373,"{""default"": -0.019492514431476593}",ok,default,2.8248939514160156,2.77573823928833,0.04915571212768555,-0.018389564007520676,-0.028339489642530677,4.373729228973389,4.330849647521973,0.042879581451416016,-1.5551114082336426,"{""default"": {""harm"": -0.018389564007520676, ""harm_lcb"": -0.028339489642530677, ""harm_se"": 0.0050764926709234715, ""harm_ucb"": -0.008439638372510673, ""query_after"": 2.77573823928833, ""query_before"": 2.8248939514160156, ""query_gain"": 0.04915571212768555, ""support_loss"": 2.9338083267211914}}"
46,A,2,A2,default,reuse,-0.026702452450990677,-0.0366166259534657,-0.01678827894851565,0.05264425277709961,1,2.783768653869629,"{""default"": -0.026702452450990677}",ok,default,2.7838754653930664,2.7512073516845703,0.032668113708496094,-0.025844380259513855,-0.03582356510683894,4.372345924377441,4.330660343170166,0.04168558120727539,-1.5794529914855957,"{""default"": {""harm"": -0.025844380259513855, ""harm_lcb"": -0.03582356510683894, ""harm_se"": 0.005091420840471983, ""harm_ucb"": -0.015865195412188768, ""query_after"": 2.7512073516845703, ""query_before"": 2.7838754653930664, ""query_gain"": 0.032668113708496094, ""support_loss"": 2.777496337890625}}"
47,A,2,A2,default,reuse,-0.0165768601000309,-0.02796605823561549,-0.005187661964446307,0.06642413139343262,1,2.837841510772705,"{""default"": -0.0165768601000309}",ok,default,2.8470418453216553,2.798463821411133,0.04857802391052246,-0.01574241742491722,-0.026646475587040183,4.365196228027344,4.348623275756836,0.016572952270507812,-1.5501594543457031,"{""default"": {""harm"": -0.01574241742491722, ""harm_lcb"": -0.026646475587040183, ""harm_se"": 0.005563294980674982, ""harm_ucb"": -0.004838359262794257, ""query_after"": 2.798463821411133, ""query_before"": 2.8470418453216553, ""query_gain"": 0.04857802391052246, ""support_loss"": 2.70289945602417}}"
48,A,2,A2,default,reuse,-0.013466961681842804,-0.027062070593237876,0.00012814722955226815,0.05513191223144531,1,2.681304693222046,"{""default"": -0.013466961681842804}",ok,default,2.5962724685668945,2.561225652694702,0.03504681587219238,-0.013359222561120987,-0.026284552160650492,4.355382442474365,4.355752468109131,-0.000370025634765625,-1.7945268154144287,"{""default"": {""harm"": -0.013359222561120987, ""harm_lcb"": -0.026284552160650492, ""harm_se"": 0.006594555918127298, ""harm_ucb"": -0.00043389296159148175, ""query_after"": 2.561225652694702, ""query_before"": 2.5962724685668945, ""query_gain"": 0.03504681587219238, ""support_loss"": 2.6716232299804688}}"
49,C,1,C1,default,reuse,-0.02046523243188858,-0.03035532170906663,-0.010575143154710531,-0.03808879852294922,1,6.549066543579102,"{""default"": -0.02046523243188858}",ok,default,6.572591781616211,6.64639949798584,-0.0738077163696289,-0.020924456417560577,-0.031050526928156616,4.381356239318848,4.337859153747559,0.04349708557128906,2.3085403442382812,"{""default"": {""harm"": -0.020924456417560577, ""harm_lcb"": -0.031050526928156616, ""harm_se"": 0.005166362505406141, ""harm_ucb"": -0.01079838590696454, ""query_after"": 6.64639949798584, ""query_before"": 6.572591781616211, ""query_gain"": -0.0738077163696289, ""support_loss"": 6.499382972717285}}"
50,C,1,C1,default,reuse,-0.0015922002494335175,-0.009953334592282773,0.006768934093415738,0.03531932830810547,1,6.777484893798828,"{""default"": -0.0015922002494335175}",ok,default,6.780024528503418,6.757707118988037,0.02231740951538086,-0.0018592923879623413,-0.01017375783994794,4.377915859222412,4.316434860229492,0.06148099899291992,2.441272258758545,"{""default"": {""harm"": -0.0018592923879623413, ""harm_lcb"": -0.01017375783994794, ""harm_se"": 0.0042420742101967335, ""harm_ucb"": 0.006455173064023257, ""query_after"": 6.757707118988037, ""query_before"": 6.780024528503418, ""query_gain"": 0.02231740951538086, ""support_loss"": 6.804409503936768}}"
51,C,1,C1,default,reuse,-0.004472080618143082,-0.010571626527234913,0.0016274652909487484,0.0963139533996582,1,6.642502784729004,"{""default"": -0.004472080618143082}",ok,default,6.907097816467285,6.823764801025391,0.08333301544189453,-0.0047081224620342255,-0.010848062476143241,4.3423614501953125,4.299875259399414,0.04248619079589844,2.5238895416259766,"{""default"": {""harm"": -0.0047081224620342255, ""harm_lcb"": -0.010848062476143241, ""harm_se"": 0.003132622456178069, ""harm_ucb"": 0.0014318175520747897, ""query_after"": 6.823764801025391, ""query_before"": 6.907097816467285, ""query_gain"": 0.08333301544189453, ""support_loss"": 6.443070411682129}}"
52,C,1,C1,default,reuse,-0.001204129308462143,-0.007926748674362898,0.005518490057438612,0.1374673843383789,1,6.6608686447143555,"{""default"": -0.001204129308462143}",ok,default,6.510612487792969,6.393960952758789,0.11665153503417969,-0.0010195709764957428,-0.007599359788000583,4.334629058837891,4.315561294555664,0.019067764282226562,2.078399658203125,"{""default"": {""harm"": -0.0010195709764957428, ""harm_lcb"": -0.007599359788000583, ""harm_se"": 0.003357035107910633, ""harm_ucb"": 0.005560217835009098, ""query_after"": 6.393960952758789, ""query_before"": 6.510612487792969, ""query_gain"": 0.11665153503417969, ""support_loss"": 6.563546180725098}}"
53,C,1,C1,default,reuse,-0.0056344978511333466,-0.015419691875576973,0.00415069617331028,0.1750049591064453,1,6.545260429382324,"{""default"": -0.0056344978511333466}",ok,default,6.7684326171875,6.611575603485107,0.15685701370239258,-0.005172044038772583,-0.014186914321035147,4.340909004211426,4.3097124099731445,0.03119659423828125,2.301863193511963,"{""default"": {""harm"": -0.005172044038772583, ""harm_lcb"": -0.014186914321035147, ""harm_se"": 0.004599423613399267, ""harm_ucb"": 0.0038428262434899805, ""query_after"": 6.611575603485107, ""query_before"": 6.7684326171875, ""query_gain"": 0.15685701370239258, ""support_loss"": 6.430656433105469}}"
54,C,1,C1,default,reuse,-0.011742256581783295,-0.02914048809558153,0.005655974932014942,0.18691635131835938,1,6.428451061248779,"{""default"": -0.011742256581783295}",ok,default,6.450603485107422,6.277088165283203,0.17351531982421875,-0.011143572628498077,-0.028037778660655023,4.368364334106445,4.33878231048584,0.02958202362060547,1.9383058547973633,"{""default"": {""harm"": -0.011143572628498077, ""harm_lcb"": -0.028037778660655023, ""harm_se"": 0.008619492873549461, ""harm_ucb"": 0.005750633403658868, ""query_after"": 6.277088165283203, ""query_before"": 6.450603485107422, ""query_gain"": 0.17351531982421875, ""support_loss"": 6.303977012634277}}"
55,C,1,C1,default,reuse,-0.014558639377355576,-0.030207968056201934,0.0010906893014907826,0.20409393310546875,1,6.280287742614746,"{""default"": -0.014558639377355576}",ok,default,6.1398420333862305,5.957938194274902,0.18190383911132812,-0.014535266906023026,-0.029953026324510572,4.364418983459473,4.328028678894043,0.03639030456542969,1.6299095153808594,"{""default"": {""harm"": -0.014535266906023026, ""harm_lcb"": -0.029953026324510572, ""harm_se"": 0.007866203784942627, ""harm_ucb"": 0.0008824925124645226, ""query_after"": 5.957938194274902, ""query_before"": 6.1398420333862305, ""query_gain"": 0.18190383911132812, ""support_loss"": 6.46421480178833}}"
56,C,1,C1,default,reuse,-0.010258324444293976,-0.028710070140659807,0.008193421252071856,0.1942462921142578,1,5.914237022399902,"{""default"": -0.010258324444293976}",ok,default,5.934840202331543,5.7540669441223145,0.18077325820922852,-0.009568609297275543,-0.0273370960727334,4.407547950744629,4.371576309204102,0.035971641540527344,1.382490634918213,"{""default"": {""harm"": -0.009568609297275543, ""harm_lcb"": -0.0273370960727334, ""harm_se"": 0.009065554477274418, ""harm_ucb"": 0.008199877478182314, ""query_after"": 5.7540669441223145, ""query_before"": 5.934840202331543, ""query_gain"": 0.18077325820922852, ""support_loss"": 5.869283676147461}}"
57,C,1,C1,default,reuse,-0.025823209434747696,-0.047940306253731246,-0.003706112615764142,0.2024388313293457,1,5.687933444976807,"{""default"": -0.025823209434747696}",ok,default,5.770521640777588,5.584689140319824,0.18583250045776367,-0.02572805806994438,-0.047267396338284015,4.3380537033081055,4.30866003036499,0.029393672943115234,1.276029109954834,"{""default"": {""harm"": -0.02572805806994438, ""harm_lcb"": -0.047267396338284015, ""harm_se"": 0.010989458300173283, ""harm_ucb"": -0.004188719801604748, ""query_after"": 5.584689140319824, ""query_before"": 5.770521640777588, ""query_gain"": 0.18583250045776367, ""support_loss"": 5.682187080383301}}"
58,C,1,C1,default,reuse,-0.0026374757289886475,-0.021667399816215037,0.016392448358237742,0.19917535781860352,1,5.646496295928955,"{""default"": -0.0026374757289886475}",ok,default,5.726923942565918,5.5452423095703125,0.18168163299560547,-0.0023976415395736694,-0.021097403280436994,4.448052406311035,4.408299922943115,0.03975248336791992,1.1369423866271973,"{""default"": {""harm"": -0.0023976415395736694, ""harm_lcb"": -0.021097403280436994, ""harm_se"": 0.009540694765746593, ""harm_ucb"": 0.016302120201289655, ""query_after"": 5.5452423095703125, ""query_before"": 5.726923942565918, ""query_gain"": 0.18168163299560547, ""support_loss"": 5.637396812438965}}"
59,C,1,C1,default,reuse,0.0039003081619739532,-0.013479514271020888,0.021280130594968794,0.19241619110107422,1,5.489645957946777,"{""default"": 0.0039003081619739532}",ok,default,5.56771183013916,5.3888092041015625,0.17890262603759766,0.0036382749676704407,-0.013353562168776988,4.362361431121826,4.33355188369751,0.028809547424316406,1.0552573204040527,"{""default"": {""harm"": 0.0036382749676704407, ""harm_lcb"": -0.013353562168776988, ""harm_se"": 0.00866930466145277, ""harm_ucb"": 0.02063011210411787, ""query_after"": 5.3888092041015625, ""query_before"": 5.56771183013916, ""query_gain"": 0.17890262603759766, ""support_loss"": 5.3590288162231445}}"
60,C,1,C1,default,reuse,0.00729755312204361,-0.010943655483424665,0.025538761727511884,0.1739501953125,1,5.235842704772949,"{""default"": 0.00729755312204361}",ok,default,5.164342403411865,5.006613254547119,0.1577291488647461,0.007336515933275223,-0.010790853910148144,4.372986793518066,4.33847713470459,0.03450965881347656,0.6681361198425293,"{""default"": {""harm"": 0.007336515933275223, ""harm_lcb"": -0.010790853910148144, ""harm_se"": 0.009248658083379269, ""harm_ucb"": 0.02546388577669859, ""query_after"": 5.006613254547119, ""query_before"": 5.164342403411865, ""query_gain"": 0.1577291488647461, ""support_loss"": 5.290014743804932}}"
61,C,1,C1,default,reuse,0.0007646307349205017,-0.01706200938671827,0.018591270856559275,0.1586294174194336,1,4.994535446166992,"{""default"": 0.0007646307349205017}",ok,default,5.114619255065918,4.969177722930908,0.14544153213500977,0.000685613602399826,-0.016874984726309775,4.444025039672852,4.413627624511719,0.030397415161132812,0.5555500984191895,"{""default"": {""harm"": 0.000685613602399826, ""harm_lcb"": -0.016874984726309775, ""harm_se"": 0.008959488943219185, ""harm_ucb"": 0.018246211931109427, ""query_after"": 4.969177722930908, ""query_before"": 5.114619255065918, ""query_gain"": 0.14544153213500977, ""support_loss"": 5.048828125}}"
62,C,1,C1,default,reuse,0.0011251196265220642,-0.016941981241106987,0.019192220494151115,0.1580643653869629,1,4.901391506195068,"{""default"": 0.0011251196265220642}",ok,default,4.899752616882324,4.762347221374512,0.1374053955078125,0.0014477670192718506,-0.016022098362445832,4.343364715576172,4.341763496398926,0.0016012191772460938,0.42058372497558594,"{""default"": {""harm"": 0.0014477670192718506, ""harm_lcb"": -0.016022098362445832, ""harm_se"": 0.008913196623325348, ""harm_ucb"": 0.018917632400989533, ""query_after"": 4.762347221374512, ""query_before"": 4.899752616882324, ""query_gain"": 0.1374053955078125, ""support_loss"": 5.196477890014648}}"
63,C,1,C1,default,reuse,0.003332950174808502,-0.015077691338956357,0.02174359168857336,0.14153718948364258,1,4.728610992431641,"{""default"": 0.003332950174808502}",ok,default,4.815317630767822,4.681344032287598,0.1339735984802246,0.0031682513654232025,-0.014929433949291707,4.355288505554199,4.342347145080566,0.012941360473632812,0.33899688720703125,"{""default"": {""harm"": 0.0031682513654232025, ""harm_lcb"": -0.014929433949291707, ""harm_se"": 0.009233512915670872, ""harm_ucb"": 0.02126593668013811, ""query_after"": 4.681344032287598, ""query_before"": 4.815317630767822, ""query_gain"": 0.1339735984802246, ""support_loss"": 4.865879058837891}}"
64,C,1,C1,default,reuse,0.0050895847380161285,-0.01273684363812208,0.022916013114154338,0.12205362319946289,1,4.690639972686768,"{""default"": 0.0050895847380161285}",ok,default,4.640578746795654,4.5264410972595215,0.11413764953613281,0.004862233996391296,-0.012632670290768148,4.316147327423096,4.288479328155518,0.027667999267578125,0.2379617691040039,"{""default"": {""harm"": 0.004862233996391296, ""harm_lcb"": -0.012632670290768148, ""harm_se"": 0.008925971575081348, ""harm_ucb"": 0.02235713828355074, ""query_after"": 4.5264410972595215, ""query_before"": 4.640578746795654, ""query_gain"": 0.11413764953613281, ""support_loss"": 4.727936744689941}}"
65,B,2,B2,default,reuse,-0.002838321030139923,-0.018351126797497272,0.012674484737217426,0.009441375732421875,1,3.914947509765625,"{""default"": -0.002838321030139923}",ok,default,3.8812944889068604,3.8866238594055176,-0.0053293704986572266,-0.002278316766023636,-0.017907065972685814,4.357763290405273,4.316631317138672,0.04113197326660156,-0.4300074577331543,"{""default"": {""harm"": -0.002278316766023636, ""harm_lcb"": -0.017907065972685814, ""harm_se"": 0.007973851636052132, ""harm_ucb"": 0.013350432440638542, ""query_after"": 3.8866238594055176, ""query_before"": 3.8812944889068604, ""query_gain"": -0.0053293704986572266, ""support_loss"": 3.933413028717041}}"
66,B,2,B2,default,reuse,0.00935874879360199,-0.0034730577468872065,0.022190555334091186,0.008728504180908203,1,3.867199420928955,"{""default"": 0.00935874879360199}",ok,default,3.8755087852478027,3.874009370803833,0.0014994144439697266,0.009708750993013382,-0.0030996083840727807,4.366945266723633,4.336367130279541,0.030578136444091797,-0.462357759475708,"{""default"": {""harm"": 0.009708750993013382, ""harm_lcb"": -0.0030996083840727807, ""harm_se"": 0.006534877233207226, ""harm_ucb"": 0.022517110370099545, ""query_after"": 3.874009370803833, ""query_before"": 3.8755087852478027, ""query_gain"": 0.0014994144439697266, ""support_loss"": 3.8967037200927734}}"
67,B,2,B2,default,reuse,0.0006664283573627472,-0.010837547704577446,0.01217040441930294,0.016258716583251953,1,3.8625574111938477,"{""default"": 0.0006664283573627472}",ok,default,3.914480447769165,3.9071874618530273,0.007292985916137695,0.0006253160536289215,-0.01091120857745409,4.382774353027344,4.352648735046387,0.03012561798095703,-0.4454612731933594,"{""default"": {""harm"": 0.0006253160536289215, ""harm_lcb"": -0.01091120857745409, ""harm_se"": 0.00588598195463419, ""harm_ucb"": 0.012161840684711933, ""query_after"": 3.9071874618530273, ""query_before"": 3.914480447769165, ""query_gain"": 0.007292985916137695, ""support_loss"": 3.855550527572632}}"
68,B,2,B2,default,reuse,0.006156139075756073,-0.003570144977420569,0.015882423128932715,0.02236199378967285,1,3.823618173599243,"{""default"": 0.006156139075756073}",ok,default,3.8385894298553467,3.828184127807617,0.010405302047729492,0.0060037970542907715,-0.003721528667956591,4.31559944152832,4.292751312255859,0.022848129272460938,-0.4645671844482422,"{""default"": {""harm"": 0.0060037970542907715, ""harm_lcb"": -0.003721528667956591, ""harm_se"": 0.004961900878697634, ""harm_ucb"": 0.015729122776538134, ""query_after"": 3.828184127807617, ""query_before"": 3.8385894298553467, ""query_gain"": 0.010405302047729492, ""support_loss"": 3.949671745300293}}"
69,B,2,B2,adapter_1,spawn,0.010304037481546402,0.0016343662142753596,0.018973708748817444,,2,4.364019393920898,"{""default"": 0.010304037481546402}",ok,,,,,,,4.350697994232178,4.308249473571777,0.04244852066040039,,"{""default"": {""harm"": 0.01121588796377182, ""harm_lcb"": 0.002574241030961275, ""harm_se"": 0.004409003537148237, ""harm_ucb"": 0.019857534896582367, ""query_after"": 3.8175594806671143, ""query_before"": 3.8370304107666016, ""query_gain"": 0.019470930099487305, ""support_loss"": 3.8644518852233887}}"
70,B,2,B2,adapter_1,warmup,,,,,2,4.305130958557129,{},warmup,,,,,,,,,,,{}
71,B,2,B2,adapter_1,warmup,,,,,2,4.222696304321289,{},warmup,,,,,,,,,,,{}
72,B,2,B2,adapter_1,warmup,,,,,2,4.162318229675293,{},warmup,,,,,,,,,,,{}
73,B,2,B2,default,reuse,0.003367967903614044,-0.0056282103620469565,0.012364146169275045,0.02902388572692871,2,3.856327533721924,"{""adapter_1"": -0.06684298813343048, ""default"": 0.003367967903614044}",ok,default,3.8216605186462402,3.800628662109375,0.021031856536865234,0.0035469047725200653,-0.005283968709409236,4.325194835662842,4.31187105178833,0.013323783874511719,-0.5112423896789551,"{""adapter_1"": {""harm"": -0.06626980751752853, ""harm_lcb"": -0.07025059554725885, ""harm_se"": 0.0020310143008828163, ""harm_ucb"": -0.06228901948779821, ""query_after"": 4.131044387817383, ""query_before"": 4.16883659362793, ""query_gain"": 0.037792205810546875, ""support_loss"": 4.173394203186035}, ""default"": {""harm"": 0.0035469047725200653, ""harm_lcb"": -0.005283968709409236, ""harm_se"": 0.004505547694861889, ""harm_ucb"": 0.012377778254449367, ""query_after"": 3.800628662109375, ""query_before"": 3.8216605186462402, ""query_gain"": 0.021031856536865234, ""support_loss"": 3.845355987548828}}"
74,B,2,B2,default,reuse,-9.163841605186462e-05,-0.008522792980074882,0.008339516147971153,0.026876449584960938,2,3.8219985961914062,"{""adapter_1"": -0.06844668090343475, ""default"": -9.163841605186462e-05}",ok,default,3.82724666595459,3.808037757873535,0.019208908081054688,0.0003172457218170166,-0.008081320114433766,4.345605373382568,4.3121843338012695,0.03342103958129883,-0.5041465759277344,"{""adapter_1"": {""harm"": -0.06693548709154129, ""harm_lcb"": -0.07040459485724568, ""harm_se"": 0.001769952941685915, ""harm_ucb"": -0.0634663793258369, ""query_after"": 4.092522144317627, ""query_before"": 4.144738674163818, ""query_gain"": 0.052216529846191406, ""support_loss"": 4.17172908782959}, ""default"": {""harm"": 0.0003172457218170166, ""harm_lcb"": -0.008081320114433766, ""harm_se"": 0.004284982569515705, ""harm_ucb"": 0.008715811558067799, ""query_after"": 3.808037757873535, ""query_before"": 3.82724666595459, ""query_gain"": 0.019208908081054688, ""support_loss"": 3.833075523376465}}"
75,B,2,B2,default,reuse,-0.006613392382860184,-0.014410197585821152,0.0011834128201007842,0.035515546798706055,2,3.825688362121582,"{""adapter_1"": -0.0668531134724617, ""default"": -0.006613392382860184}",ok,default,3.8156161308288574,3.789414167404175,0.026201963424682617,-0.007090866565704346,-0.01497331278398633,4.389739036560059,4.358633995056152,0.03110504150390625,-0.5692198276519775,"{""adapter_1"": {""harm"": -0.0654248297214508, ""harm_lcb"": -0.06982335831038654, ""harm_se"": 0.002244147239252925, ""harm_ucb"": -0.06102630113251507, ""query_after"": 4.110567092895508, ""query_before"": 4.16329288482666, ""query_gain"": 0.052725791931152344, ""support_loss"": 4.182496070861816}, ""default"": {""harm"": -0.007090866565704346, ""harm_lcb"": -0.01497331278398633, ""harm_se"": 0.004021656233817339, ""harm_ucb"": 0.0007915796525776383, ""query_after"": 3.789414167404175, ""query_before"": 3.8156161308288574, ""query_gain"": 0.026201963424682617, ""support_loss"": 3.789372682571411}}"
76,B,2,B2,default,reuse,-0.005251873284578323,-0.012250809576362372,0.0017470630072057248,0.03483867645263672,2,3.79287052154541,"{""adapter_1"": -0.06893882155418396, ""default"": -0.005251873284578323}",ok,default,3.7661967277526855,3.742143154144287,0.024053573608398438,-0.004206884652376175,-0.010917235556989908,4.345463752746582,4.316795349121094,0.02866840362548828,-0.5746521949768066,"{""adapter_1"": {""harm"": -0.06522485613822937, ""harm_lcb"": -0.0691120248194784, ""harm_se"": 0.0019832493271678686, ""harm_ucb"": -0.061337687456980344, ""query_after"": 4.027859687805176, ""query_before"": 4.087414741516113, ""query_gain"": 0.0595550537109375, ""support_loss"": 4.202591896057129}, ""default"": {""harm"": -0.004206884652376175, ""harm_lcb"": -0.010917235556989908, ""harm_se"": 0.0034236484207212925, ""harm_ucb"": 0.0025034662522375583, ""query_after"": 3.742143154144287, ""query_before"": 3.7661967277526855, ""query_gain"": 0.024053573608398438, ""support_loss"": 3.799525737762451}}"
77,B,2,B2,default,reuse,-0.0019037425518035889,-0.009359730137512089,0.00555224503390491,0.04279184341430664,2,3.763774871826172,"{""adapter_1"": -0.06829783320426941, ""default"": -0.0019037425518035889}",ok,default,3.7345821857452393,3.6992034912109375,0.03537869453430176,-0.0014033019542694092,-0.008755277777090668,4.369986057281494,4.324530601501465,0.0454554557800293,-0.6253271102905273,"{""adapter_1"": {""harm"": -0.06570445001125336, ""harm_lcb"": -0.07005049400962889, ""harm_se"": 0.0022173693869262934, ""harm_ucb"": -0.06135840601287782, ""query_after"": 4.074575901031494, ""query_before"": 4.137275695800781, ""query_gain"": 0.06269979476928711, ""support_loss"": 4.102079391479492}, ""default"": {""harm"": -0.0014033019542694092, ""harm_lcb"": -0.008755277777090668, ""harm_se"": 0.0037510080728679895, ""harm_ucb"": 0.00594867386855185, ""query_after"": 3.6992034912109375, ""query_before"": 3.7345821857452393, ""query_gain"": 0.03537869453430176, ""support_loss"": 3.7358527183532715}}"
78,B,2,B2,default,reuse,-0.0055520422756671906,-0.012686684615910052,0.001582600064575672,0.0439913272857666,2,3.6914663314819336,"{""adapter_1"": -0.07043269276618958, ""default"": -0.0055520422756671906}",ok,default,3.6903998851776123,3.655655860900879,0.0347440242767334,-0.0047433748841285706,-0.011863876366987824,4.366685390472412,4.337052822113037,0.029632568359375,-0.6813969612121582,"{""adapter_1"": {""harm"": -0.06747903674840927, ""harm_lcb"": -0.07224437699653208, ""harm_se"": 0.002431296044960618, ""harm_ucb"": -0.06271369650028646, ""query_after"": 4.054871559143066, ""query_before"": 4.115033149719238, ""query_gain"": 0.060161590576171875, ""support_loss"": 4.100919246673584}, ""default"": {""harm"": -0.0047433748841285706, ""harm_lcb"": -0.011863876366987824, ""harm_se"": 0.00363290891982615, ""harm_ucb"": 0.0023771265987306833, ""query_after"": 3.655655860900879, ""query_before"": 3.6903998851776123, ""query_gain"": 0.0347440242767334, ""support_loss"": 3.7296371459960938}}"
79,B,2,B2,default,reuse,-0.008168205618858337,-0.015818972140550613,-0.0005174390971660614,0.047745704650878906,2,3.661818742752075,"{""adapter_1"": -0.06634004414081573, ""default"": -0.008168205618858337}",ok,default,3.6509766578674316,3.612415313720703,0.038561344146728516,-0.007631577551364899,-0.015107278004288674,4.352104187011719,4.323975563049316,0.028128623962402344,-0.7115602493286133,"{""adapter_1"": {""harm"": -0.06337759643793106, ""harm_lcb"": -0.06695884535089135, ""harm_se"": 0.0018271678127348423, ""harm_ucb"": -0.05979634752497077, ""query_after"": 4.126682281494141, ""query_before"": 4.175108432769775, ""query_gain"": 0.048426151275634766, ""support_loss"": 4.192225456237793}, ""default"": {""harm"": -0.007631577551364899, ""harm_lcb"": -0.015107278004288674, ""harm_se"": 0.003814132884144783, ""harm_ucb"": -0.00015587709844112375, ""query_after"": 3.612415313720703, ""query_before"": 3.6509766578674316, ""query_gain"": 0.038561344146728516, ""support_loss"": 3.6940717697143555}}"
80,B,2,B2,default,reuse,-0.010618805885314941,-0.018182758577167987,-0.0030548531934618955,0.05768299102783203,2,3.616290807723999,"{""adapter_1"": -0.06513869762420654, ""default"": -0.010618805885314941}",ok,default,3.5808279514312744,3.5305049419403076,0.0503230094909668,-0.010507777333259583,-0.018084893384948373,4.338736057281494,4.269258499145508,0.06947755813598633,-0.7387535572052002,"{""adapter_1"": {""harm"": -0.06421174108982086, ""harm_lcb"": -0.06826079422608018, ""harm_se"": 0.0020658434368669987, ""harm_ucb"": -0.06016268795356154, ""query_after"": 4.1076459884643555, ""query_before"": 4.168459892272949, ""query_gain"": 0.06081390380859375, ""support_loss"": 4.215350151062012}, ""default"": {""harm"": -0.010507777333259583, ""harm_lcb"": -0.018084893384948373, ""harm_se"": 0.0038658755365759134, ""harm_ucb"": -0.002930661281570792, ""query_after"": 3.5305049419403076, ""query_before"": 3.5808279514312744, ""query_gain"": 0.0503230094909668, ""support_loss"": 3.580195903778076}}"
