step,concept,occurrence,segment,domain,adapter,decision,best_risk,best_lcb,best_ucb,best_gain,num_adapters,loss,risks,cf_reason,cf_best_reuse,cf_reuse_query_after,cf_fresh_query_after,cf_fresh_advantage
1,A,1,A1,home,default,warmup,,,,,1,0.6470941305160522,{},warmup,,,,
2,A,1,A1,home,default,warmup,,,,,1,0.7439970970153809,{},warmup,,,,
3,A,1,A1,home,default,warmup,,,,,1,0.674517035484314,{},warmup,,,,
4,A,1,A1,home,default,warmup,,,,,1,0.7518686056137085,{},warmup,,,,
5,A,1,A1,home,default,reuse,-0.009572253562510014,-0.023273847643285987,0.004129340518265962,-0.0056999921798706055,1,0.6971882581710815,"{""default"": -0.009572253562510014}",reuse_lower_query_loss,default,0.6552233695983887,0.6901217699050903,-0.03489840030670166
6,A,1,A1,home,default,reuse,-0.009419454261660576,-0.022896012160927057,0.004057103637605905,0.023613929748535156,1,0.724783182144165,"{""default"": -0.009419454261660576}",reuse_lower_query_loss,default,0.6740405559539795,0.6805287003517151,-0.006488144397735596
7,A,1,A1,home,adapter_1,spawn,-0.010348804295063019,-0.017818848313763735,-0.0028787602763623004,,2,0.6524859666824341,"{""default"": -0.010348804295063019}",fresh_lower_query_loss,default,0.6802960634231567,0.6306477785110474,0.049648284912109375
8,A,1,A1,home,adapter_1,warmup,,,,,2,0.8027315139770508,{},warmup,,,,
9,A,1,A1,home,adapter_1,warmup,,,,,2,0.7123619318008423,{},warmup,,,,
10,A,1,A1,home,adapter_1,warmup,,,,,2,0.697521448135376,{},warmup,,,,
11,A,1,A1,home,adapter_2,spawn,-0.008993483148515224,-0.019946648012846707,0.00195968171581626,,3,0.6703886985778809,"{""adapter_1"": -0.008993483148515224, ""default"": -0.01220287848263979}",fresh_lower_query_loss,adapter_1,0.6406092643737793,0.6321789026260376,0.0084303617477417
12,A,1,A1,home,adapter_2,warmup,,,,,3,0.7549638748168945,{},warmup,,,,
13,A,1,A1,home,adapter_2,warmup,,,,,3,0.6935868263244629,{},warmup,,,,
14,A,1,A1,home,adapter_2,warmup,,,,,3,0.6448673009872437,{},warmup,,,,
15,A,1,A1,home,default,reuse,-0.013800405897200108,-0.02832841893658042,0.0007276071421802033,0.00711369514465332,3,0.6728345155715942,"{""adapter_1"": -0.009231667034327984, ""adapter_2"": -0.005193076096475124, ""default"": -0.013800405897200108}",reuse_lower_query_loss,default,0.6484651565551758,0.6890608072280884,-0.0405956506729126
16,A,1,A1,home,default,reuse,-0.009840071201324463,-0.018467788565903902,-0.0012123538367450233,0.010721325874328613,3,0.6698764562606812,"{""adapter_1"": -0.008374305441975594, ""adapter_2"": -0.004999799653887749, ""default"": -0.009840071201324463}",reuse_lower_query_loss,default,0.6677485704421997,0.735222339630127,-0.06747376918792725
17,B,1,B1,apparel,adapter_2,reuse,-0.004515715409070253,-0.006416954186279327,-0.00261447663186118,0.0030663013458251953,3,0.6609122157096863,"{""adapter_1"": -0.008275414817035198, ""adapter_2"": -0.004515715409070253, ""default"": -0.005792474374175072}",reuse_lower_query_loss,adapter_2,0.6405682563781738,0.6675445437431335,-0.026976287364959717
18,B,1,B1,apparel,default,reuse,-0.005655651446431875,-0.018227508440613747,0.006916205547749996,-0.0011034607887268066,3,0.6802880764007568,"{""adapter_1"": -0.009206539951264858, ""adapter_2"": -0.003738055005669594, ""default"": -0.005655651446431875}",reuse_lower_query_loss,default,0.6887091398239136,0.694611668586731,-0.005902528762817383
19,B,1,B1,apparel,default,reuse,-0.00419266615062952,-0.009919423153623938,0.0015340908523648975,0.009739041328430176,3,0.6644099950790405,"{""adapter_1"": -0.006859149783849716, ""adapter_2"": -0.0035357503220438957, ""default"": -0.00419266615062952}",reuse_lower_query_loss,default,0.6373136043548584,0.7803363800048828,-0.14302277565002441
20,B,1,B1,apparel,adapter_2,reuse,-0.003932349383831024,-0.008611938180401922,0.0007472394127398729,-0.0023690462112426758,3,0.6586176753044128,"{""adapter_1"": -0.008964787237346172, ""adapter_2"": -0.003932349383831024, ""default"": -0.0016004648059606552}",reuse_lower_query_loss,adapter_2,0.6133228540420532,0.6879739761352539,-0.07465112209320068
21,B,1,B1,apparel,default,reuse,-0.0016485489904880524,-0.011348968148231506,0.008051870167255401,-0.0035555362701416016,3,0.6770353317260742,"{""adapter_1"": -0.00907883420586586, ""adapter_2"": -0.00538239860907197, ""default"": -0.0016485489904880524}",reuse_lower_query_loss,default,0.6899646520614624,0.7055104374885559,-0.015545785427093506
22,B,1,B1,apparel,adapter_2,reuse,-0.005391623359173536,-0.007680045058950782,-0.003103201659396291,-0.00023120641708374023,3,0.6434856653213501,"{""adapter_1"": -0.008393144235014915, ""adapter_2"": -0.005391623359173536, ""default"": -0.002088394947350025}",reuse_lower_query_loss,adapter_2,0.6054506301879883,0.651454746723175,-0.04600411653518677
23,B,1,B1,apparel,adapter_3,spawn,-0.008915088139474392,-0.023744814787060024,0.005914638508111239,,4,0.7119473218917847,"{""adapter_1"": -0.008915088139474392, ""adapter_2"": -0.005545361898839474, ""default"": 0.0028257821686565876}",fresh_lower_query_loss,adapter_1,0.6869381666183472,0.6858886480331421,0.0010495185852050781
24,B,1,B1,apparel,adapter_3,warmup,,,,,4,0.7026065587997437,{},warmup,,,,
25,B,1,B1,apparel,adapter_3,warmup,,,,,4,0.7107350826263428,{},warmup,,,,
26,B,1,B1,apparel,adapter_3,warmup,,,,,4,0.6968107223510742,{},warmup,,,,
27,B,1,B1,apparel,adapter_2,reuse,-0.0030907844193279743,-0.007829673821106553,0.0016481049824506044,0.01081627607345581,4,0.6191109418869019,"{""adapter_1"": -0.007400063797831535, ""adapter_2"": -0.0030907844193279743, ""adapter_3"": -0.00527418777346611, ""default"": -0.002808353863656521}",reuse_lower_query_loss,adapter_2,0.5667693018913269,0.6277985572814941,-0.061029255390167236
28,B,1,B1,apparel,default,reuse,0.0022094310261309147,-0.007755692824721336,0.012174554876983166,0.0062983036041259766,4,0.6094807386398315,"{""adapter_1"": -0.009222242049872875, ""adapter_2"": -0.005245991982519627, ""adapter_3"": -0.004117975011467934, ""default"": 0.0022094310261309147}",reuse_lower_query_loss,default,0.624642014503479,0.6873084306716919,-0.06266641616821289
29,B,1,B1,apparel,adapter_2,reuse,-0.004682441242039204,-0.009511753730475903,0.0001468712463974951,0.004836142063140869,4,0.6524437665939331,"{""adapter_1"": -0.007596204988658428, ""adapter_2"": -0.004682441242039204, ""adapter_3"": -0.00480265635997057, ""default"": -0.0026111043989658356}",reuse_lower_query_loss,adapter_2,0.6400576233863831,0.6687266230583191,-0.028668999671936035
30,B,1,B1,apparel,default,reuse,-0.0017868992872536182,-0.01124302163720131,0.007669223062694073,0.0015826821327209473,4,0.6309118270874023,"{""adapter_1"": -0.008883792906999588, ""adapter_2"": -0.004355879966169596, ""adapter_3"": -0.004072071984410286, ""default"": -0.0017868992872536182}",reuse_lower_query_loss,default,0.654606819152832,0.694615364074707,-0.040008544921875
31,B,1,B1,apparel,default,reuse,-0.0017356318421661854,-0.0056524887029081585,0.002181225018575788,0.008302927017211914,4,0.6809333562850952,"{""adapter_1"": -0.005409326404333115, ""adapter_2"": -0.00010424153879284859, ""adapter_3"": -0.0042184339836239815, ""default"": -0.0017356318421661854}",reuse_lower_query_loss,default,0.5244818925857544,0.8147428035736084,-0.290260910987854
32,B,1,B1,apparel,default,reuse,-0.0029184771701693535,-0.004651305601000785,-0.0011856487393379213,0.0029053092002868652,4,0.6497571468353271,"{""adapter_1"": -0.00817780289798975, ""adapter_2"": -0.00338812917470932, ""adapter_3"": -0.004243616014719009, ""default"": -0.0029184771701693535}",reuse_lower_query_loss,default,0.6232726573944092,0.7147852778434753,-0.09151262044906616
33,A,2,A2,home,adapter_2,reuse,-0.000616531353443861,-0.009678519573062658,0.008445456866174936,0.007203638553619385,4,0.5775024890899658,"{""adapter_1"": -0.006597737781703472, ""adapter_2"": -0.000616531353443861, ""adapter_3"": -0.00453090388327837, ""default"": -0.006349129602313042}",reuse_lower_query_loss,adapter_2,0.5972391366958618,0.6586499214172363,-0.06141078472137451
34,A,2,A2,home,adapter_2,reuse,-0.005511807277798653,-0.008499485864304006,-0.002524128691293299,0.009815752506256104,4,0.6561199426651001,"{""adapter_1"": -0.009659457951784134, ""adapter_2"": -0.005511807277798653, ""adapter_3"": -0.003823871724307537, ""default"": 0.001872123684734106}",reuse_lower_query_loss,adapter_2,0.4970300793647766,0.7042877674102783,-0.2072576880455017
35,A,2,A2,home,adapter_2,reuse,-0.0072982399724423885,-0.011096740225329995,-0.003499739719554782,0.008835375308990479,4,0.5870956778526306,"{""adapter_1"": -0.0069012148305773735, ""adapter_2"": -0.0072982399724423885, ""adapter_3"": -0.004569758661091328, ""default"": -0.006379448343068361}",reuse_lower_query_loss,adapter_2,0.5401394367218018,0.6271093487739563,-0.08696991205215454
36,A,2,A2,home,adapter_2,reuse,-0.007394431624561548,-0.009217790497932582,-0.005571072751190513,0.007146358489990234,4,0.6503029465675354,"{""adapter_1"": -0.0085210045799613, ""adapter_2"": -0.007394431624561548, ""adapter_3"": -0.004492373205721378, ""default"": -0.005148244556039572}",reuse_lower_query_loss,adapter_2,0.5975996851921082,0.6719890832901001,-0.07438939809799194
37,A,2,A2,home,adapter_1,reuse,-0.009186724200844765,-0.024229754321277143,0.005856305919587612,0.003856837749481201,4,0.7372821569442749,"{""adapter_1"": -0.009186724200844765, ""adapter_2"": -0.007848941721022129, ""adapter_3"": -0.0036768559366464615, ""default"": 0.0032640849240124226}",reuse_lower_query_loss,adapter_1,0.6817348003387451,0.6909357309341431,-0.00920093059539795
38,A,2,A2,home,default,reuse,-0.005710864905267954,-0.007786982534453273,-0.003634747276082635,0.009390294551849365,4,0.7054962515830994,"{""adapter_1"": -0.006541809998452663, ""adapter_2"": -0.007592330686748028, ""adapter_3"": -0.0042364997789263725, ""default"": -0.005710864905267954}",reuse_lower_query_loss,default,0.6349066495895386,0.7019598484039307,-0.06705319881439209
39,A,2,A2,home,default,reuse,-0.006284642964601517,-0.008627148298546671,-0.003942137630656361,0.006956160068511963,4,0.5996267795562744,"{""adapter_1"": -0.0083753177896142, ""adapter_2"": -0.008161846548318863, ""adapter_3"": -0.004515588283538818, ""default"": -0.006284642964601517}",reuse_lower_query_loss,default,0.5873603224754333,0.6957910656929016,-0.10843074321746826
40,A,2,A2,home,adapter_2,reuse,-0.00550925824791193,-0.010213715275749564,-0.0008048012200742964,0.0035456418991088867,4,0.5531144142150879,"{""adapter_1"": -0.005657129921019077, ""adapter_2"": -0.00550925824791193, ""adapter_3"": -0.004124416969716549, ""default"": -0.011294782161712646}",reuse_lower_query_loss,adapter_2,0.5827473402023315,0.6579070091247559,-0.07515966892242432
41,A,2,A2,home,default,reuse,-0.0035325121134519577,-0.005982370134443044,-0.0010826540924608707,0.003246009349822998,4,0.5521405935287476,"{""adapter_1"": -0.008189970627427101, ""adapter_2"": -0.006389046087861061, ""adapter_3"": -0.003797757439315319, ""default"": -0.0035325121134519577}",reuse_lower_query_loss,default,0.628669798374176,0.698756992816925,-0.07008719444274902
42,A,2,A2,home,default,reuse,-0.009002288803458214,-0.013631180068477989,-0.004373397538438439,-0.001256793737411499,4,0.5403118133544922,"{""adapter_1"": -0.007581205107271671, ""adapter_2"": -0.006651821546256542, ""adapter_3"": -0.004190051928162575, ""default"": -0.009002288803458214}",reuse_lower_query_loss,default,0.41695448756217957,0.7449074983596802,-0.3279530107975006
43,A,2,A2,home,adapter_2,reuse,-0.006609395146369934,-0.008231562252622098,-0.00498722804011777,0.006844282150268555,4,0.740237832069397,"{""adapter_1"": -0.008368290960788727, ""adapter_2"": -0.006609395146369934, ""adapter_3"": -0.003738243132829666, ""default"": -0.00540202809497714}",reuse_lower_query_loss,adapter_2,0.5841662883758545,0.6974508166313171,-0.11328452825546265
44,A,2,A2,home,default,reuse,-0.005206039175391197,-0.008502976400777698,-0.0019091019500046967,0.0034404993057250977,4,0.5631927251815796,"{""adapter_1"": -0.00830114632844925, ""adapter_2"": -0.008836698718369007, ""adapter_3"": -0.003708772361278534, ""default"": -0.005206039175391197}",reuse_lower_query_loss,default,0.6413813829421997,0.6922707557678223,-0.05088937282562256
45,A,2,A2,home,adapter_2,reuse,-0.009076004847884178,-0.013624925678595901,-0.004527084017172456,-0.0037200450897216797,4,0.6735767126083374,"{""adapter_1"": -0.008164523169398308, ""adapter_2"": -0.009076004847884178, ""adapter_3"": -0.003820255398750305, ""default"": -0.005517630837857723}",reuse_lower_query_loss,adapter_2,0.5713094472885132,0.7057522535324097,-0.13444280624389648
46,A,2,A2,home,default,reuse,-0.009995035827159882,-0.014197704391553998,-0.005792367262765765,0.008029401302337646,4,0.752144992351532,"{""adapter_1"": -0.006607352755963802, ""adapter_2"": -0.008826041594147682, ""adapter_3"": -0.004251795820891857, ""default"": -0.009995035827159882}",reuse_lower_query_loss,default,0.6869747638702393,0.705621063709259,-0.018646299839019775
47,A,2,A2,home,adapter_2,reuse,-0.008886875584721565,-0.011088418425060809,-0.006685332744382322,0.007844388484954834,4,0.5439590215682983,"{""adapter_1"": -0.006341550499200821, ""adapter_2"": -0.008886875584721565, ""adapter_3"": -0.004505183547735214, ""default"": -0.0106111541390419}",reuse_lower_query_loss,adapter_2,0.5866956114768982,0.6624560356140137,-0.07576042413711548
48,A,2,A2,home,default,reuse,-0.009199772030115128,-0.01472321136854589,-0.003676332691684365,0.008444368839263916,4,0.5837810039520264,"{""adapter_1"": -0.008081390522420406, ""adapter_2"": -0.009366989135742188, ""adapter_3"": -0.004168609157204628, ""default"": -0.009199772030115128}",reuse_lower_query_loss,default,0.5427654981613159,0.7073673009872437,-0.16460180282592773
49,C,1,C1,drugstore,default,reuse,-0.009983602911233902,-0.018152798172086475,-0.0018144076503813274,0.021736621856689453,4,0.6841856837272644,"{""adapter_1"": -0.005651010200381279, ""adapter_2"": -0.006520156282931566, ""adapter_3"": -0.003808167763054371, ""default"": -0.009983602911233902}",reuse_lower_query_loss,default,0.5099937915802002,0.7115515470504761,-0.20155775547027588
50,C,1,C1,drugstore,default,reuse,-0.010652029886841774,-0.020023036934435367,-0.001281022839248181,0.0144730806350708,4,0.6587486267089844,"{""adapter_1"": -0.0065401578322052956, ""adapter_2"": -0.00861533172428608, ""adapter_3"": -0.003930727019906044, ""default"": -0.010652029886841774}",reuse_lower_query_loss,default,0.5671507716178894,0.6917541027069092,-0.12460333108901978
51,C,1,C1,drugstore,default,reuse,-0.012173673138022423,-0.024392646215856073,4.529993981122922e-05,0.01364058256149292,4,0.6270097494125366,"{""adapter_1"": -0.006865784525871277, ""adapter_2"": -0.009259562939405441, ""adapter_3"": -0.0048693520948290825, ""default"": -0.012173673138022423}",reuse_lower_query_loss,default,0.6047160625457764,0.7091266512870789,-0.10441058874130249
52,C,1,C1,drugstore,adapter_2,reuse,-0.0076856305822730064,-0.011447513238526882,-0.003923747926019132,0.0023528337478637695,4,0.6622535586357117,"{""adapter_1"": -0.006748971529304981, ""adapter_2"": -0.0076856305822730064, ""adapter_3"": -0.003921461291611195, ""default"": -0.010672160424292088}",reuse_lower_query_loss,adapter_2,0.619659423828125,0.6645687818527222,-0.04490935802459717
53,C,1,C1,drugstore,adapter_2,reuse,-0.012374348007142544,-0.018807362960651518,-0.005941333053633571,6.574392318725586e-05,4,0.6457933187484741,"{""adapter_1"": -0.007807118818163872, ""adapter_2"": -0.012374348007142544, ""adapter_3"": -0.003979572094976902, ""default"": -0.010801826603710651}",reuse_lower_query_loss,adapter_2,0.5283310413360596,0.6795496344566345,-0.15121859312057495
54,C,1,C1,drugstore,default,reuse,-0.01118439994752407,-0.02598409980535507,0.0036152999103069294,0.007277429103851318,4,0.6137992143630981,"{""adapter_1"": -0.006795698776841164, ""adapter_2"": -0.010360395535826683, ""adapter_3"": -0.004471654072403908, ""default"": -0.01118439994752407}",reuse_lower_query_loss,default,0.5812718272209167,0.6960180401802063,-0.11474621295928955
55,C,1,C1,drugstore,default,reuse,-0.007470974698662758,-0.019839593432843687,0.00489764403551817,0.006097555160522461,4,0.6012285351753235,"{""adapter_1"": -0.008041126653552055, ""adapter_2"": -0.014073075726628304, ""adapter_3"": -0.004177575930953026, ""default"": -0.007470974698662758}",reuse_lower_query_loss,default,0.611635148525238,0.6917511224746704,-0.08011597394943237
56,C,1,C1,drugstore,default,reuse,-0.007332544773817062,-0.017387101892381907,0.0027220123447477818,-0.018469572067260742,4,0.570999026298523,"{""adapter_1"": -0.007973767817020416, ""adapter_2"": -0.014385632239282131, ""adapter_3"": -0.004177548922598362, ""default"": -0.007332544773817062}",reuse_lower_query_loss,default,0.6357078552246094,0.700371265411377,-0.06466341018676758
57,C,1,C1,drugstore,default,reuse,-0.004798009060323238,-0.016267470605671408,0.0066714524850249295,0.014296889305114746,4,0.5688626766204834,"{""adapter_1"": -0.005853284150362015, ""adapter_2"": -0.00612275954335928, ""adapter_3"": -0.004236159846186638, ""default"": -0.004798009060323238}",reuse_lower_query_loss,default,0.5648863315582275,0.7076239585876465,-0.14273762702941895
58,C,1,C1,drugstore,default,reuse,-0.007382772862911224,-0.016567883789539335,0.0018023380637168882,0.010476261377334595,4,0.507726788520813,"{""adapter_1"": -0.00793363805860281, ""adapter_2"": -0.014009461738169193, ""adapter_3"": -0.004470190033316612, ""default"": -0.007382772862911224}",reuse_lower_query_loss,default,0.45223119854927063,0.7110506296157837,-0.25881943106651306
59,C,1,C1,drugstore,default,reuse,-0.007598903961479664,-0.013861523568630218,-0.0013362843543291095,0.01435309648513794,4,0.5182980298995972,"{""adapter_1"": -0.008357197977602482, ""adapter_2"": -0.013991549611091614, ""adapter_3"": -0.0041079167276620865, ""default"": -0.007598903961479664}",reuse_lower_query_loss,default,0.5016614198684692,0.6930717825889587,-0.1914103627204895
60,C,1,C1,drugstore,default,reuse,-0.006018702872097492,-0.013155960086733103,0.0011185543425381184,0.0117417573928833,4,0.5014325976371765,"{""adapter_1"": -0.006482904776930809, ""adapter_2"": -0.010975684970617294, ""adapter_3"": -0.004237643443048, ""default"": -0.006018702872097492}",reuse_lower_query_loss,default,0.4109160900115967,0.6988057494163513,-0.28788965940475464
61,C,1,C1,drugstore,default,reuse,-0.013238266110420227,-0.017829586695879696,-0.008646945524960757,0.016027212142944336,4,0.5218789577484131,"{""adapter_1"": -0.008290252648293972, ""adapter_2"": -0.014438838697969913, ""adapter_3"": -0.0037464499473571777, ""default"": -0.013238266110420227}",reuse_lower_query_loss,default,0.47826483845710754,0.6992633938789368,-0.22099855542182922
62,C,1,C1,drugstore,default,reuse,-0.015324937179684639,-0.02122211964800954,-0.009427754711359738,0.004581868648529053,4,0.5507750511169434,"{""adapter_1"": -0.008553334511816502, ""adapter_2"": -0.014082549139857292, ""adapter_3"": -0.004461136646568775, ""default"": -0.015324937179684639}",reuse_lower_query_loss,default,0.6175565719604492,0.6928231716156006,-0.07526659965515137
63,C,1,C1,drugstore,default,reuse,-0.021038493141531944,-0.03076693845912814,-0.011310047823935748,0.015223950147628784,4,0.4959474205970764,"{""adapter_1"": -0.008426554501056671, ""adapter_2"": -0.014626018702983856, ""adapter_3"": -0.0037124650552868843, ""default"": -0.021038493141531944}",reuse_lower_query_loss,default,0.4407508373260498,0.6927585005760193,-0.2520076632499695
64,C,1,C1,drugstore,default,reuse,-0.023072656244039536,-0.03664447588846087,-0.009500836599618197,0.005936294794082642,4,0.5125989317893982,"{""adapter_1"": -0.007938181981444359, ""adapter_2"": -0.014285236597061157, ""adapter_3"": -0.0040006209164857864, ""default"": -0.023072656244039536}",reuse_lower_query_loss,default,0.39479613304138184,0.6845237612724304,-0.2897276282310486
65,B,2,B2,apparel,default,reuse,-0.020867155864834785,-0.03552934436127543,-0.006204967368394137,0.05345267057418823,4,0.6076660752296448,"{""adapter_1"": -0.006438496522605419, ""adapter_2"": -0.012242073193192482, ""adapter_3"": -0.0045449212193489075, ""default"": -0.020867155864834785}",reuse_lower_query_loss,default,0.6565329432487488,0.7847707271575928,-0.128237783908844
66,B,2,B2,apparel,default,reuse,-0.02086576633155346,-0.040675868541002275,-0.0010556641221046437,0.03835010528564453,4,0.4474145472049713,"{""adapter_1"": -0.007312914356589317, ""adapter_2"": -0.013467413373291492, ""adapter_3"": -0.004331712611019611, ""default"": -0.02086576633155346}",reuse_lower_query_loss,default,0.40993553400039673,0.705175518989563,-0.29523998498916626
67,B,2,B2,apparel,default,reuse,-0.007131556980311871,-0.024740411378443242,0.010477297417819501,0.03748041391372681,4,0.37881559133529663,"{""adapter_1"": -0.006918402388691902, ""adapter_2"": -0.012081237509846687, ""adapter_3"": -0.005184991285204887, ""default"": -0.007131556980311871}",reuse_lower_query_loss,default,0.42336606979370117,0.8111152052879333,-0.3877491354942322
68,B,2,B2,apparel,default,reuse,-0.003350165206938982,-0.02352967021986842,0.016829339805990457,-0.02425140142440796,4,0.30168259143829346,"{""adapter_1"": -0.00781073234975338, ""adapter_2"": -0.013887417502701283, ""adapter_3"": -0.004478381015360355, ""default"": -0.003350165206938982}",reuse_lower_query_loss,default,0.39037811756134033,0.6499083042144775,-0.2595301866531372
69,B,2,B2,apparel,default,reuse,-0.0033962128218263388,-0.017070124829187988,0.01027769918553531,-0.0008087158203125,4,0.4721601605415344,"{""adapter_1"": -0.007868202403187752, ""adapter_2"": -0.014262963086366653, ""adapter_3"": -0.003911823965609074, ""default"": -0.0033962128218263388}",reuse_lower_query_loss,default,0.5096435546875,0.6816833019256592,-0.17203974723815918
70,B,2,B2,apparel,default,reuse,-0.0019282205030322075,-0.012834679055958986,0.00897823804989457,0.0009011924266815186,4,0.3255707025527954,"{""adapter_1"": -0.00813317485153675, ""adapter_2"": -0.014495307579636574, ""adapter_3"": -0.004718225449323654, ""default"": -0.0019282205030322075}",reuse_lower_query_loss,default,0.33464810252189636,0.689595103263855,-0.3549470007419586
71,B,2,B2,apparel,default,reuse,0.0014778682962059975,-0.008909668661653995,0.01186540525406599,0.019748687744140625,4,0.35616618394851685,"{""adapter_1"": -0.006187240593135357, ""adapter_2"": -0.011975828558206558, ""adapter_3"": -0.004647056572139263, ""default"": 0.0014778682962059975}",reuse_lower_query_loss,default,0.24775993824005127,0.7738744020462036,-0.5261144638061523
72,B,2,B2,apparel,default,reuse,-0.0020434758625924587,-0.01352421011775732,0.009437258392572402,-0.0005140900611877441,4,0.4454590082168579,"{""adapter_1"": -0.006981780752539635, ""adapter_2"": -0.012303421273827553, ""adapter_3"": -0.004381265491247177, ""default"": -0.0020434758625924587}",reuse_lower_query_loss,default,0.5987585186958313,0.6791548728942871,-0.08039635419845581
73,B,2,B2,apparel,adapter_2,reuse,-0.01450352743268013,-0.02337763715535402,-0.005629417710006237,-0.008879750967025757,4,0.6532747745513916,"{""adapter_1"": -0.007983803749084473, ""adapter_2"": -0.01450352743268013, ""adapter_3"": -0.0034705456346273422, ""default"": 0.007230105344206095}",reuse_lower_query_loss,adapter_2,0.43444564938545227,0.7221987843513489,-0.2877531349658966
74,B,2,B2,apparel,default,reuse,-0.013570671901106834,-0.02052981144748628,-0.006611532354727388,0.019510477781295776,4,0.5848739147186279,"{""adapter_1"": -0.007497753947973251, ""adapter_2"": -0.015868254005908966, ""adapter_3"": -0.004033850505948067, ""default"": -0.013570671901106834}",reuse_lower_query_loss,default,0.4660899043083191,0.6623674631118774,-0.19627755880355835
75,B,2,B2,apparel,adapter_1,reuse,-0.007123641669750214,-0.015150219034403563,0.0009029356949031356,0.0023953914642333984,4,0.6752830743789673,"{""adapter_1"": -0.007123641669750214, ""adapter_2"": -0.013906225562095642, ""adapter_3"": -0.0045982953161001205, ""default"": -0.02227593958377838}",reuse_lower_query_loss,adapter_1,0.6897947788238525,0.7133479714393616,-0.023553192615509033
76,B,2,B2,apparel,default,reuse,-0.016199227422475815,-0.02386126847937703,-0.008537186365574599,0.0011471211910247803,4,0.4651029109954834,"{""adapter_1"": -0.0072932131588459015, ""adapter_2"": -0.016488760709762573, ""adapter_3"": -0.003434242680668831, ""default"": -0.016199227422475815}",reuse_lower_query_loss,default,0.29439935088157654,0.6969811916351318,-0.4025818407535553
77,B,2,B2,apparel,default,reuse,-0.01325146947056055,-0.022660619001835584,-0.0038423199392855177,-0.006000816822052002,4,0.5717471837997437,"{""adapter_1"": -0.005905120633542538, ""adapter_2"": -0.015557002276182175, ""adapter_3"": -0.004724543541669846, ""default"": -0.01325146947056055}",reuse_lower_query_loss,default,0.49818509817123413,0.7187424898147583,-0.22055739164352417
78,B,2,B2,apparel,default,reuse,-0.011692865751683712,-0.02342868397012353,4.295246675610487e-05,0.002777695655822754,4,0.4449221193790436,"{""adapter_1"": -0.005358828231692314, ""adapter_2"": -0.010974295437335968, ""adapter_3"": -0.00450647808611393, ""default"": -0.011692865751683712}",reuse_lower_query_loss,default,0.2882792353630066,0.7015196084976196,-0.41324037313461304
79,B,2,B2,apparel,default,reuse,-0.01233710628002882,-0.023456702195107936,-0.001217510364949704,0.01303679496049881,4,0.47210389375686646,"{""adapter_1"": -0.0055252183228731155, ""adapter_2"": -0.013442626222968102, ""adapter_3"": -0.003920100629329681, ""default"": -0.01233710628002882}",reuse_lower_query_loss,default,0.101911760866642,0.6558619737625122,-0.5539502128958702
80,B,2,B2,apparel,default,reuse,-0.011628393083810806,-0.025143372751772405,0.001886586584150791,0.020294710993766785,4,0.27343010902404785,"{""adapter_1"": -0.007377524860203266, ""adapter_2"": -0.0168638676404953, ""adapter_3"": -0.0035339221358299255, ""default"": -0.011628393083810806}",reuse_lower_query_loss,default,0.24632348120212555,0.6844918727874756,-0.43816839158535004
