step,segment,concept,occurrence,adapter,decision,reason,loss,num_adapters,train_executed,lora_parameters,private_head_parameters,unwrapped_shared_head_parameters,total_unique_parameters,currently_trainable_parameters,optimizer_state_bytes,replay_items,elapsed_seconds,gpu_peak_allocated_bytes,component_audit_seconds,live_training_seconds,evaluation_seconds,statusquo_loss,fresh_utility,best_reuse_utility,fresh_advantage,fresh_positive,fresh_feasible_both,info
1,B1,B,1,default,single_update,fixed_single_adapter,4.371562957763672,1,True,1769472,649805,0,69431962,2419277,19354328,16,2.0316968238912523,425587712,0.0,0.3787253189366311,0.0,,,,,,,"{""decision"": ""single_update"", ""reason"": ""fixed_single_adapter""}"
2,B1,B,1,default,single_update,fixed_single_adapter,4.259896755218506,1,True,1769472,649805,0,69431962,2419277,19354328,32,2.0554265179671347,441731072,0.0,0.3979847659356892,0.0,,,,,,,"{""decision"": ""single_update"", ""reason"": ""fixed_single_adapter""}"
3,B1,B,1,default,single_update,fixed_single_adapter,3.7988696098327637,1,True,1769472,649805,0,69431962,2419277,19354328,48,2.079483067849651,465894400,0.0,0.41883221291936934,0.0,,,,,,,"{""decision"": ""single_update"", ""reason"": ""fixed_single_adapter""}"
4,B1,B,1,default,single_update,fixed_single_adapter,3.5053741931915283,1,True,1769472,649805,0,69431962,2419277,19354328,64,2.103583427844569,466454528,0.0,0.44019427080638707,0.0,,,,,,,"{""decision"": ""single_update"", ""reason"": ""fixed_single_adapter""}"
5,B1,B,1,default,single_update,fixed_single_adapter,3.379140853881836,1,True,1769472,649805,0,69431962,2419277,19354328,80,2.1286469579208642,466454528,0.0,0.4625493267085403,0.0,,,,,,,"{""decision"": ""single_update"", ""reason"": ""fixed_single_adapter""}"
6,B1,B,1,default,single_update,fixed_single_adapter,3.046116828918457,1,True,1769472,649805,0,69431962,2419277,19354328,96,2.1564947918523103,490713088,0.0,0.487691817805171,0.0,,,,,,,"{""decision"": ""single_update"", ""reason"": ""fixed_single_adapter""}"
7,B1,B,1,default,single_update,fixed_single_adapter,2.457789897918701,1,True,1769472,649805,0,69431962,2419277,19354328,112,2.18334418698214,490713088,0.0,0.5114787628408521,0.0,,,,,,,"{""decision"": ""single_update"", ""reason"": ""fixed_single_adapter""}"
8,B1,B,1,default,single_update,fixed_single_adapter,2.7905893325805664,1,True,1769472,649805,0,69431962,2419277,19354328,128,2.2113300138153136,499310592,0.0,0.5365063108038157,0.0,,,,,,,"{""decision"": ""single_update"", ""reason"": ""fixed_single_adapter""}"
9,B1,B,1,default,single_update,fixed_single_adapter,2.342024803161621,1,True,1769472,649805,0,69431962,2419277,19354328,144,2.237772809807211,499310592,0.0,0.5596457326319069,0.0,,,,,,,"{""decision"": ""single_update"", ""reason"": ""fixed_single_adapter""}"
10,B1,B,1,default,single_update,fixed_single_adapter,2.3812732696533203,1,True,1769472,649805,0,69431962,2419277,19354328,160,2.2657416169531643,499310592,0.0,0.5848059246782213,0.0,,,,,,,"{""decision"": ""single_update"", ""reason"": ""fixed_single_adapter""}"
11,B1,B,1,default,single_update,fixed_single_adapter,2.143115997314453,1,True,1769472,649805,0,69431962,2419277,19354328,176,2.291672432795167,499310592,0.0,0.6077069826424122,0.0,,,,,,,"{""decision"": ""single_update"", ""reason"": ""fixed_single_adapter""}"
12,B1,B,1,default,single_update,fixed_single_adapter,2.429969310760498,1,True,1769472,649805,0,69431962,2419277,19354328,192,2.3168454149272293,499310592,0.0,0.6301325506065041,0.0,,,,,,,"{""decision"": ""single_update"", ""reason"": ""fixed_single_adapter""}"
13,B1,B,1,default,single_update,fixed_single_adapter,2.5792274475097656,1,True,1769472,649805,0,69431962,2419277,19354328,208,2.343497205991298,499310592,0.0,0.653540427563712,0.0,,,,,,,"{""decision"": ""single_update"", ""reason"": ""fixed_single_adapter""}"
14,B1,B,1,default,single_update,fixed_single_adapter,2.104160785675049,1,True,1769472,649805,0,69431962,2419277,19354328,224,2.379976787837222,520709120,0.0,0.6855788035318255,0.0,,,,,,,"{""decision"": ""single_update"", ""reason"": ""fixed_single_adapter""}"
15,B1,B,1,default,single_update,fixed_single_adapter,2.308310031890869,1,True,1769472,649805,0,69431962,2419277,19354328,240,2.414625964825973,520709120,0.0,0.7155743394978344,0.0,,,,,,,"{""decision"": ""single_update"", ""reason"": ""fixed_single_adapter""}"
16,B1,B,1,default,single_update,fixed_single_adapter,2.239995002746582,1,True,1769472,649805,0,69431962,2419277,19354328,253,2.4436290417797863,520709120,0.0,0.7398359635844827,0.0,,,,,,,"{""decision"": ""single_update"", ""reason"": ""fixed_single_adapter""}"
17,A1,A,1,default,single_update,fixed_single_adapter,8.8427734375,1,True,1769472,649805,0,69431962,2419277,19354328,269,3.4838519049808383,520709120,0.0,0.7644871254451573,1.0111706061288714,,,,,,,"{""decision"": ""single_update"", ""reason"": ""fixed_single_adapter""}"
18,A1,A,1,default,single_update,fixed_single_adapter,7.451727867126465,1,True,1769472,649805,0,69431962,2419277,19354328,285,3.511333111906424,520709120,0.0,0.7885359653737396,1.0111706061288714,,,,,,,"{""decision"": ""single_update"", ""reason"": ""fixed_single_adapter""}"
19,A1,A,1,default,single_update,fixed_single_adapter,5.481572151184082,1,True,1769472,649805,0,69431962,2419277,19354328,301,3.538813228951767,520709120,0.0,0.8128722205292434,1.0111706061288714,,,,,,,"{""decision"": ""single_update"", ""reason"": ""fixed_single_adapter""}"
20,A1,A,1,default,single_update,fixed_single_adapter,4.391714096069336,1,True,1769472,649805,0,69431962,2419277,19354328,317,3.568889166926965,520709120,0.0,0.8399570896290243,1.0111706061288714,,,,,,,"{""decision"": ""single_update"", ""reason"": ""fixed_single_adapter""}"
21,A1,A,1,default,single_update,fixed_single_adapter,4.164517879486084,1,True,1769472,649805,0,69431962,2419277,19354328,333,3.5964191048406065,520709120,0.0,0.864215133478865,1.0111706061288714,,,,,,,"{""decision"": ""single_update"", ""reason"": ""fixed_single_adapter""}"
22,A1,A,1,default,single_update,fixed_single_adapter,4.142391204833984,1,True,1769472,649805,0,69431962,2419277,19354328,349,3.622606335906312,520709120,0.0,0.8872146224603057,1.0111706061288714,,,,,,,"{""decision"": ""single_update"", ""reason"": ""fixed_single_adapter""}"
23,A1,A,1,default,single_update,fixed_single_adapter,3.792708396911621,1,True,1769472,649805,0,69431962,2419277,19354328,365,3.6498001569416374,520709120,0.0,0.9113349644467235,1.0111706061288714,,,,,,,"{""decision"": ""single_update"", ""reason"": ""fixed_single_adapter""}"
24,A1,A,1,default,single_update,fixed_single_adapter,3.6470086574554443,1,True,1769472,649805,0,69431962,2419277,19354328,381,3.6764292779844254,520709120,0.0,0.9342638023663312,1.0111706061288714,,,,,,,"{""decision"": ""single_update"", ""reason"": ""fixed_single_adapter""}"
25,A1,A,1,default,single_update,fixed_single_adapter,3.0816376209259033,1,True,1769472,649805,0,69431962,2419277,19354328,397,3.7029765758197755,520709120,0.0,0.9575682175345719,1.0111706061288714,,,,,,,"{""decision"": ""single_update"", ""reason"": ""fixed_single_adapter""}"
26,A1,A,1,default,single_update,fixed_single_adapter,3.1897220611572266,1,True,1769472,649805,0,69431962,2419277,19354328,413,3.7312861687969416,520709120,0.0,0.9827321895863861,1.0111706061288714,,,,,,,"{""decision"": ""single_update"", ""reason"": ""fixed_single_adapter""}"
27,A1,A,1,default,single_update,fixed_single_adapter,2.9340672492980957,1,True,1769472,649805,0,69431962,2419277,19354328,429,3.7574618707876652,520709120,0.0,1.0056032966822386,1.0111706061288714,,,,,,,"{""decision"": ""single_update"", ""reason"": ""fixed_single_adapter""}"
28,A1,A,1,default,single_update,fixed_single_adapter,2.980818510055542,1,True,1769472,649805,0,69431962,2419277,19354328,445,3.784279374871403,520709120,0.0,1.0290421145036817,1.0111706061288714,,,,,,,"{""decision"": ""single_update"", ""reason"": ""fixed_single_adapter""}"
29,A1,A,1,default,single_update,fixed_single_adapter,2.7694859504699707,1,True,1769472,649805,0,69431962,2419277,19354328,461,3.8105281579773873,520709120,0.0,1.051867930451408,1.0111706061288714,,,,,,,"{""decision"": ""single_update"", ""reason"": ""fixed_single_adapter""}"
30,A1,A,1,default,single_update,fixed_single_adapter,2.7365622520446777,1,True,1769472,649805,0,69431962,2419277,19354328,477,3.8438066279049963,520709120,0.0,1.0803791973739862,1.0111706061288714,,,,,,,"{""decision"": ""single_update"", ""reason"": ""fixed_single_adapter""}"
31,A1,A,1,default,single_update,fixed_single_adapter,2.5045166015625,1,True,1769472,649805,0,69431962,2419277,19354328,493,3.8788190518971533,520709120,0.0,1.1099189643282443,1.0111706061288714,,,,,,,"{""decision"": ""single_update"", ""reason"": ""fixed_single_adapter""}"
32,A1,A,1,default,single_update,fixed_single_adapter,2.55741286277771,1,True,1769472,649805,0,69431962,2419277,19354328,506,3.9139126469381154,520709120,0.0,1.140055362135172,1.0111706061288714,,,,,,,"{""decision"": ""single_update"", ""reason"": ""fixed_single_adapter""}"
33,B2,B,2,default,single_update,fixed_single_adapter,7.575443267822266,1,True,1769472,649805,0,69431962,2419277,19354328,512,4.853008894948289,520709120,0.0,1.162505801068619,1.922994450200349,,,,,,,"{""decision"": ""single_update"", ""reason"": ""fixed_single_adapter""}"
34,B2,B,2,default,single_update,fixed_single_adapter,7.13789176940918,1,True,1769472,649805,0,69431962,2419277,19354328,512,4.8786473458167166,520709120,0.0,1.1847961670719087,1.922994450200349,,,,,,,"{""decision"": ""single_update"", ""reason"": ""fixed_single_adapter""}"
35,B2,B,2,default,single_update,fixed_single_adapter,6.1513752937316895,1,True,1769472,649805,0,69431962,2419277,19354328,512,4.905171923805028,520709120,0.0,1.207969358889386,1.922994450200349,,,,,,,"{""decision"": ""single_update"", ""reason"": ""fixed_single_adapter""}"
36,B2,B,2,default,single_update,fixed_single_adapter,4.937301158905029,1,True,1769472,649805,0,69431962,2419277,19354328,512,4.930882555898279,520709120,0.0,1.2303363159298897,1.922994450200349,,,,,,,"{""decision"": ""single_update"", ""reason"": ""fixed_single_adapter""}"
37,B2,B,2,default,single_update,fixed_single_adapter,4.225663661956787,1,True,1769472,649805,0,69431962,2419277,19354328,512,4.958866582950577,520709120,0.0,1.2550469590350986,1.922994450200349,,,,,,,"{""decision"": ""single_update"", ""reason"": ""fixed_single_adapter""}"
38,B2,B,2,default,single_update,fixed_single_adapter,3.860921859741211,1,True,1769472,649805,0,69431962,2419277,19354328,512,4.986994402948767,520709120,0.0,1.2797310210298747,1.922994450200349,,,,,,,"{""decision"": ""single_update"", ""reason"": ""fixed_single_adapter""}"
39,B2,B,2,default,single_update,fixed_single_adapter,3.5837135314941406,1,True,1769472,649805,0,69431962,2419277,19354328,512,5.017153741791844,520709120,0.0,1.3061873279511929,1.922994450200349,,,,,,,"{""decision"": ""single_update"", ""reason"": ""fixed_single_adapter""}"
40,B2,B,2,default,single_update,fixed_single_adapter,3.3972301483154297,1,True,1769472,649805,0,69431962,2419277,19354328,512,5.043440724955872,520709120,0.0,1.3290086237248033,1.922994450200349,,,,,,,"{""decision"": ""single_update"", ""reason"": ""fixed_single_adapter""}"
41,B2,B,2,default,single_update,fixed_single_adapter,3.1297526359558105,1,True,1769472,649805,0,69431962,2419277,19354328,512,5.07080551981926,520709120,0.0,1.3529302505776286,1.922994450200349,,,,,,,"{""decision"": ""single_update"", ""reason"": ""fixed_single_adapter""}"
42,B2,B,2,default,single_update,fixed_single_adapter,2.9270684719085693,1,True,1769472,649805,0,69431962,2419277,19354328,512,5.096462990855798,520709120,0.0,1.3752412567846477,1.922994450200349,,,,,,,"{""decision"": ""single_update"", ""reason"": ""fixed_single_adapter""}"
43,B2,B,2,default,single_update,fixed_single_adapter,2.9122743606567383,1,True,1769472,649805,0,69431962,2419277,19354328,512,5.122684833826497,520709120,0.0,1.3980144017841667,1.922994450200349,,,,,,,"{""decision"": ""single_update"", ""reason"": ""fixed_single_adapter""}"
44,B2,B,2,default,single_update,fixed_single_adapter,2.6618707180023193,1,True,1769472,649805,0,69431962,2419277,19354328,512,5.1479228269308805,520709120,0.0,1.4199087796732783,1.922994450200349,,,,,,,"{""decision"": ""single_update"", ""reason"": ""fixed_single_adapter""}"
45,B2,B,2,default,single_update,fixed_single_adapter,2.5834202766418457,1,True,1769472,649805,0,69431962,2419277,19354328,512,5.175221329787746,520709120,0.0,1.4436995044816285,1.922994450200349,,,,,,,"{""decision"": ""single_update"", ""reason"": ""fixed_single_adapter""}"
46,B2,B,2,default,single_update,fixed_single_adapter,2.353776216506958,1,True,1769472,649805,0,69431962,2419277,19354328,512,5.203150245826691,520709120,0.0,1.4673580673988909,1.922994450200349,,,,,,,"{""decision"": ""single_update"", ""reason"": ""fixed_single_adapter""}"
47,B2,B,2,default,single_update,fixed_single_adapter,2.5495262145996094,1,True,1769472,649805,0,69431962,2419277,19354328,512,5.235871254932135,520709120,0.0,1.4950005074497312,1.922994450200349,,,,,,,"{""decision"": ""single_update"", ""reason"": ""fixed_single_adapter""}"
48,B2,B,2,default,single_update,fixed_single_adapter,2.5361671447753906,1,True,1769472,649805,0,69431962,2419277,19354328,512,5.263512754812837,520709120,0.0,1.5183353635948151,1.922994450200349,,,,,,,"{""decision"": ""single_update"", ""reason"": ""fixed_single_adapter""}"
49,C1,C,1,default,single_update,fixed_single_adapter,10.118417739868164,1,True,1769472,649805,0,69431962,2419277,19354328,512,6.44409463996999,520709120,0.0,1.5420565376989543,3.074678691336885,,,,,,,"{""decision"": ""single_update"", ""reason"": ""fixed_single_adapter""}"
50,C1,C,1,default,single_update,fixed_single_adapter,10.191340446472168,1,True,1769472,649805,0,69431962,2419277,19354328,512,6.473450323799625,520709120,0.0,1.5676416975911707,3.074678691336885,,,,,,,"{""decision"": ""single_update"", ""reason"": ""fixed_single_adapter""}"
51,C1,C,1,default,single_update,fixed_single_adapter,9.485240936279297,1,True,1769472,649805,0,69431962,2419277,19354328,512,6.501926800003275,520709120,0.0,1.592304109595716,3.074678691336885,,,,,,,"{""decision"": ""single_update"", ""reason"": ""fixed_single_adapter""}"
52,C1,C,1,default,single_update,fixed_single_adapter,8.248947143554688,1,True,1769472,649805,0,69431962,2419277,19354328,512,6.531511737965047,520709120,0.0,1.6179945915937424,3.074678691336885,,,,,,,"{""decision"": ""single_update"", ""reason"": ""fixed_single_adapter""}"
53,C1,C,1,default,single_update,fixed_single_adapter,6.976285934448242,1,True,1769472,649805,0,69431962,2419277,19354328,512,6.560094746993855,520709120,0.0,1.6425347914919257,3.074678691336885,,,,,,,"{""decision"": ""single_update"", ""reason"": ""fixed_single_adapter""}"
54,C1,C,1,default,single_update,fixed_single_adapter,5.8312087059021,1,True,1769472,649805,0,69431962,2419277,19354328,512,6.58617716585286,520709120,0.0,1.6649402386974543,3.074678691336885,,,,,,,"{""decision"": ""single_update"", ""reason"": ""fixed_single_adapter""}"
55,C1,C,1,default,single_update,fixed_single_adapter,5.076197624206543,1,True,1769472,649805,0,69431962,2419277,19354328,512,6.613813355797902,520709120,0.0,1.6887045826297253,3.074678691336885,,,,,,,"{""decision"": ""single_update"", ""reason"": ""fixed_single_adapter""}"
56,C1,C,1,default,single_update,fixed_single_adapter,4.536275386810303,1,True,1769472,649805,0,69431962,2419277,19354328,512,6.640352194895968,520709120,0.0,1.7110821194946766,3.074678691336885,,,,,,,"{""decision"": ""single_update"", ""reason"": ""fixed_single_adapter""}"
57,C1,C,1,default,single_update,fixed_single_adapter,5.6608686447143555,1,True,1769472,649805,0,69431962,2419277,19354328,512,6.672014942858368,520709120,0.0,1.7375849764794111,3.074678691336885,,,,,,,"{""decision"": ""single_update"", ""reason"": ""fixed_single_adapter""}"
58,C1,C,1,default,single_update,fixed_single_adapter,4.1485748291015625,1,True,1769472,649805,0,69431962,2419277,19354328,512,6.7004175977781415,520709120,0.0,1.7612765994854271,3.074678691336885,,,,,,,"{""decision"": ""single_update"", ""reason"": ""fixed_single_adapter""}"
59,C1,C,1,default,single_update,fixed_single_adapter,4.091577053070068,1,True,1769472,649805,0,69431962,2419277,19354328,512,6.726990417810157,520709120,0.0,1.783931072568521,3.074678691336885,,,,,,,"{""decision"": ""single_update"", ""reason"": ""fixed_single_adapter""}"
60,C1,C,1,default,single_update,fixed_single_adapter,3.980158567428589,1,True,1769472,649805,0,69431962,2419277,19354328,512,6.753446783870459,520709120,0.0,1.8066573364194483,3.074678691336885,,,,,,,"{""decision"": ""single_update"", ""reason"": ""fixed_single_adapter""}"
61,C1,C,1,default,single_update,fixed_single_adapter,3.933457374572754,1,True,1769472,649805,0,69431962,2419277,19354328,512,6.78228963795118,520709120,0.0,1.831693155458197,3.074678691336885,,,,,,,"{""decision"": ""single_update"", ""reason"": ""fixed_single_adapter""}"
62,C1,C,1,default,single_update,fixed_single_adapter,3.783916711807251,1,True,1769472,649805,0,69431962,2419277,19354328,512,6.809762574965134,520709120,0.0,1.8552637465763837,3.074678691336885,,,,,,,"{""decision"": ""single_update"", ""reason"": ""fixed_single_adapter""}"
63,C1,C,1,default,single_update,fixed_single_adapter,3.672771692276001,1,True,1769472,649805,0,69431962,2419277,19354328,512,6.836108238901943,520709120,0.0,1.8779109485913068,3.074678691336885,,,,,,,"{""decision"": ""single_update"", ""reason"": ""fixed_single_adapter""}"
64,C1,C,1,default,single_update,fixed_single_adapter,3.463984489440918,1,True,1769472,649805,0,69431962,2419277,19354328,512,6.864396282006055,520709120,0.0,1.9016301415394992,3.074678691336885,,,,,,,"{""decision"": ""single_update"", ""reason"": ""fixed_single_adapter""}"
65,A2,A,2,default,single_update,fixed_single_adapter,4.781072616577148,1,True,1769472,649805,0,69431962,2419277,19354328,512,7.829774812795222,520709120,0.0,1.9272334014531225,4.0083359524142,,,,,,,"{""decision"": ""single_update"", ""reason"": ""fixed_single_adapter""}"
66,A2,A,2,default,single_update,fixed_single_adapter,4.790497779846191,1,True,1769472,649805,0,69431962,2419277,19354328,512,7.860430171946064,520709120,0.0,1.9535538055934012,4.0083359524142,,,,,,,"{""decision"": ""single_update"", ""reason"": ""fixed_single_adapter""}"
67,A2,A,2,default,single_update,fixed_single_adapter,4.916259765625,1,True,1769472,649805,0,69431962,2419277,19354328,512,7.88834191695787,520709120,0.0,1.9774695336818695,4.0083359524142,,,,,,,"{""decision"": ""single_update"", ""reason"": ""fixed_single_adapter""}"
68,A2,A,2,default,single_update,fixed_single_adapter,4.8681745529174805,1,True,1769472,649805,0,69431962,2419277,19354328,512,7.918380423914641,520709120,0.0,2.0031776055693626,4.0083359524142,,,,,,,"{""decision"": ""single_update"", ""reason"": ""fixed_single_adapter""}"
69,A2,A,2,default,single_update,fixed_single_adapter,4.740123271942139,1,True,1769472,649805,0,69431962,2419277,19354328,512,7.945209077792242,520709120,0.0,2.0259122997522354,4.0083359524142,,,,,,,"{""decision"": ""single_update"", ""reason"": ""fixed_single_adapter""}"
70,A2,A,2,default,single_update,fixed_single_adapter,4.49766731262207,1,True,1769472,649805,0,69431962,2419277,19354328,512,7.973916168790311,520709120,0.0,2.0507710156962276,4.0083359524142,,,,,,,"{""decision"": ""single_update"", ""reason"": ""fixed_single_adapter""}"
71,A2,A,2,default,single_update,fixed_single_adapter,4.408217906951904,1,True,1769472,649805,0,69431962,2419277,19354328,512,8.001829423941672,520709120,0.0,2.0738518768921494,4.0083359524142,,,,,,,"{""decision"": ""single_update"", ""reason"": ""fixed_single_adapter""}"
72,A2,A,2,default,single_update,fixed_single_adapter,4.3741044998168945,1,True,1769472,649805,0,69431962,2419277,19354328,512,8.028759310953319,520709120,0.0,2.096921357093379,4.0083359524142,,,,,,,"{""decision"": ""single_update"", ""reason"": ""fixed_single_adapter""}"
73,A2,A,2,default,single_update,fixed_single_adapter,4.132736682891846,1,True,1769472,649805,0,69431962,2419277,19354328,512,8.056906760903075,520709120,0.0,2.119922327110544,4.0083359524142,,,,,,,"{""decision"": ""single_update"", ""reason"": ""fixed_single_adapter""}"
74,A2,A,2,default,single_update,fixed_single_adapter,4.044652938842773,1,True,1769472,649805,0,69431962,2419277,19354328,512,8.086802564794198,520709120,0.0,2.145004087127745,4.0083359524142,,,,,,,"{""decision"": ""single_update"", ""reason"": ""fixed_single_adapter""}"
75,A2,A,2,default,single_update,fixed_single_adapter,3.807239532470703,1,True,1769472,649805,0,69431962,2419277,19354328,512,8.116581935901195,520709120,0.0,2.1692967221606523,4.0083359524142,,,,,,,"{""decision"": ""single_update"", ""reason"": ""fixed_single_adapter""}"
76,A2,A,2,default,single_update,fixed_single_adapter,3.674924373626709,1,True,1769472,649805,0,69431962,2419277,19354328,512,8.140218297950923,546783744,0.0,2.188532488187775,4.0083359524142,,,,,,,"{""decision"": ""single_update"", ""reason"": ""fixed_single_adapter""}"
77,A2,A,2,default,single_update,fixed_single_adapter,3.516897201538086,1,True,1769472,649805,0,69431962,2419277,19354328,512,8.161168376915157,546783744,0.0,2.2052712850272655,4.0083359524142,,,,,,,"{""decision"": ""single_update"", ""reason"": ""fixed_single_adapter""}"
78,A2,A,2,default,single_update,fixed_single_adapter,3.3570492267608643,1,True,1769472,649805,0,69431962,2419277,19354328,512,8.182528654811904,546783744,0.0,2.222437750082463,4.0083359524142,,,,,,,"{""decision"": ""single_update"", ""reason"": ""fixed_single_adapter""}"
79,A2,A,2,default,single_update,fixed_single_adapter,3.255923271179199,1,True,1769472,649805,0,69431962,2419277,19354328,512,8.207823108881712,546783744,0.0,2.2421077452600002,4.0083359524142,,,,,,,"{""decision"": ""single_update"", ""reason"": ""fixed_single_adapter""}"
80,A2,A,2,default,single_update,fixed_single_adapter,3.101848840713501,1,True,1769472,649805,0,69431962,2419277,19354328,512,8.231649384833872,546783744,0.0,2.259909993270412,4.0083359524142,,,,,,,"{""decision"": ""single_update"", ""reason"": ""fixed_single_adapter""}"
