step,true_phase,distance_to_boundary,current_loss,memory_loss_before,novelty,grad_cos,grad_conflict,virtual_interference,adamw_I1,adamw_I3,adamw_I5,eval_memory_loss_before,future_harm
10,0,65,3.8391332626342773,3.7791829109191895,0.007347822189331055,0.6630101799964905,-0.6630101799964905,-0.0007953643798828125,-0.07146525382995605,-0.22846078872680664,-0.40566349029541016,3.8235836029052734,-0.881838321685791
20,0,55,2.80220890045166,2.810934543609619,0.010292589664459229,0.4113576412200928,-0.4113576412200928,-0.0008451938629150391,-0.09564018249511719,-0.26427555084228516,-0.38222837448120117,2.927615165710449,-0.6077470779418945
30,0,45,2.4481239318847656,2.370425224304199,0.0098646879196167,0.5385249257087708,-0.5385249257087708,-0.0015120506286621094,-0.02382969856262207,-0.0757899284362793,-0.11990213394165039,2.2629523277282715,-0.09781360626220703
40,0,35,2.124253511428833,2.134519100189209,0.007782459259033203,-0.16829118132591248,0.16829118132591248,0.00041794776916503906,-0.022396087646484375,-0.049956321716308594,-0.04518723487854004,2.1175332069396973,-0.2452695369720459
50,0,25,1.7615368366241455,1.8528501987457275,0.00869673490524292,-0.1159157007932663,0.1159157007932663,0.00030219554901123047,-0.007475852966308594,-0.005133986473083496,0.030709505081176758,1.8151711225509644,-0.21740996837615967
60,0,15,1.705733299255371,1.6661596298217773,0.008479833602905273,0.22259235382080078,-0.22259235382080078,-0.000925898551940918,-0.029825687408447266,-0.08571350574493408,-0.11828005313873291,1.604292869567871,-0.36635899543762207
70,0,5,1.3982819318771362,1.29024338722229,0.010921359062194824,0.7904213070869446,-0.7904213070869446,-0.0026314258575439453,-0.021332740783691406,-0.08168673515319824,-0.14434456825256348,1.158747673034668,-0.15810513496398926
80,1,5,6.919040203094482,1.427831768989563,0.016162753105163574,0.07658296823501587,-0.07658296823501587,-0.00029838085174560547,-0.0016270875930786133,0.07107532024383545,0.31333887577056885,4.182122230529785,-0.9086291790008545
90,1,15,3.4917216300964355,2.9930708408355713,0.013309299945831299,0.09249677509069443,-0.09249677509069443,-0.0003952980041503906,0.13817286491394043,0.3158581256866455,0.45319676399230957,3.1761374473571777,-0.1649482250213623
100,1,25,2.025367259979248,3.4003829956054688,0.021702945232391357,-0.03134797140955925,0.03134797140955925,0.00015497207641601562,0.05824613571166992,0.18928909301757812,0.3622105121612549,3.025841474533081,0.42356181144714355
110,1,35,2.2164552211761475,4.0860676765441895,0.018762290477752686,0.24663145840168,-0.24663145840168,-0.0033330917358398438,0.07160139083862305,0.17578363418579102,0.25395870208740234,3.324726104736328,0.28293490409851074
120,1,33,1.135495901107788,4.588384628295898,0.018441081047058105,-0.0459260493516922,0.0459260493516922,0.0003561973571777344,0.020361900329589844,0.056809425354003906,0.0949544906616211,3.527338981628418,
