step,true_phase,distance_to_boundary,current_loss,memory_loss_before,novelty,grad_cos,grad_conflict,virtual_interference,cable_lambda,cable_risk,cable_cur_before,cable_cur_after,cable_mem_before,cable_mem_after,adamw_I1,adamw_I3,adamw_I5,eval_memory_loss_before,future_harm
10,0,58,3.733121871948242,3.7034871578216553,0.016418933868408203,0.690863311290741,-0.690863311290741,-0.0009257793426513672,0.000645857693235774,-0.000645857693235774,3.733121871948242,3.7315890789031982,3.7034871578216553,3.70261549949646,-0.08306765556335449,-0.2584052085876465,-0.44615840911865234,3.63433575630188,-0.9681878089904785
20,0,48,2.758960723876953,2.6589488983154297,0.007294058799743652,0.8075059056282043,-0.8075059056282043,-0.0012531280517578125,0.0012461254946490863,-0.0012461254946490863,2.758960723876953,2.7568259239196777,2.6589488983154297,2.6576919555664062,-0.07996845245361328,-0.21819257736206055,-0.328794002532959,2.8337111473083496,-0.4560070037841797
30,0,38,2.4575066566467285,2.2752180099487305,0.00989842414855957,0.4491328001022339,-0.4491328001022339,-0.0009670257568359375,0.002204508363940927,-0.002204508363940927,2.4575066566467285,2.453065872192383,2.2752180099487305,2.2743120193481445,-0.028234004974365234,-0.07054996490478516,-0.0743868350982666,2.3056931495666504,-0.1981818675994873
40,0,28,2.1954147815704346,2.058973789215088,0.013245701789855957,-0.048017073422670364,0.048017073422670364,0.00023221969604492188,0.0027366134182810198,-0.0027366134182810198,2.1954147815704346,2.189091444015503,2.058973789215088,2.0592703819274902,-0.016741275787353516,-0.03535270690917969,-0.017175674438476562,2.2199649810791016,-0.18845891952514648
50,0,18,2.1175308227539062,1.9236299991607666,0.010579347610473633,0.6868606805801392,-0.6868606805801392,-0.0037620067596435547,0.006822899297855289,-0.006822899297855289,2.1175308227539062,2.1073334217071533,1.9236299991607666,1.9197502136230469,-0.034279465675354004,-0.11157369613647461,-0.17377185821533203,1.9039182662963867,-0.23672223091125488
60,0,8,1.6153032779693604,1.5766727924346924,0.010218977928161621,0.3268203139305115,-0.3268203139305115,-0.0007722377777099609,0.0020100043904620613,-0.0020100043904620613,1.6153032779693604,1.6128580570220947,1.5766727924346924,1.575889229774475,-0.032254934310913086,-0.10323429107666016,-0.17418503761291504,1.6827460527420044,-0.2967902421951294
70,1,2,7.705230712890625,1.5774526596069336,0.014792442321777344,0.16506850719451904,-0.16506850719451904,-0.0012311935424804688,0.00466456716249164,-0.00466456716249164,7.705230712890625,7.675014972686768,1.5774526596069336,1.5762758255004883,-0.018654346466064453,-0.031148195266723633,0.02401912212371826,4.383050918579102,-1.1758008003234863
80,1,12,4.015612602233887,2.70401668548584,0.024123311042785645,-0.22663380205631256,0.22663380205631256,0.0008935928344726562,0.000465304407617273,-0.000465304407617273,4.015612602233887,4.012782096862793,2.70401668548584,2.704664945602417,0.23323631286621094,0.6079697608947754,0.7829499244689941,3.351288318634033,-0.31966257095336914
90,1,22,2.6392335891723633,3.5533409118652344,0.013848662376403809,-0.054223693907260895,0.054223693907260895,0.00018930435180664062,0.0011750600981718096,-0.0011750600981718096,2.6392335891723633,2.635929822921753,3.5533409118652344,3.5536139011383057,0.03300333023071289,0.1325533390045166,0.28290772438049316,3.185286521911621,0.08030486106872559
100,1,32,1.8329405784606934,4.107823371887207,0.011053204536437988,-0.09316682070493698,0.09316682070493698,0.0006861686706542969,0.0022809630747469,-0.0022809630747469,1.8329405784606934,1.8284226655960083,4.107823371887207,4.108580589294434,0.07162237167358398,0.22240924835205078,0.4027214050292969,3.5534815788269043,0.2577097415924072
110,1,30,1.4093523025512695,4.54654598236084,0.015109241008758545,0.046232208609580994,-0.046232208609580994,-0.00035762786865234375,0.0033099447264278714,-0.0033099447264278714,1.4093523025512695,1.4047491550445557,4.54654598236084,4.546346187591553,0.03203773498535156,0.09163093566894531,0.16373872756958008,3.2949037551879883,0.00927114486694336
120,1,20,1.2024610042572021,3.9591875076293945,0.01507478952407837,0.11151032149791718,-0.11151032149791718,-0.0006589889526367188,0.003007706186358372,-0.003007706186358372,1.2024610042572021,1.1990251541137695,3.9591875076293945,3.958590507507324,-0.007140159606933594,-0.01894354820251465,-0.0066606998443603516,3.2531754970550537,-0.058206796646118164
130,1,10,1.0161091089248657,3.489774703979492,0.008440852165222168,-0.1027945727109909,0.1027945727109909,0.000453948974609375,0.0020181409972631625,-0.0020181409972631625,1.0161091089248657,1.0138897895812988,3.489774703979492,3.4903552532196045,0.002399444580078125,0.013025522232055664,0.038820743560791016,3.489305019378662,-0.08009815216064453
140,2,0,9.722611427307129,2.7792718410491943,0.012236714363098145,0.47510984539985657,-0.47510984539985657,-0.008043050765991211,0.007448369113442377,-0.007448369113442377,9.722611427307129,9.678913116455078,2.7792718410491943,2.7710251808166504,-0.03204488754272461,-0.16895437240600586,-0.3841068744659424,3.783193349838257,-1.1089980602264404
150,2,10,5.05803918838501,2.608612537384033,0.016320109367370605,0.04988791048526764,-0.04988791048526764,-0.00017070770263671875,0.0016788658766779818,-0.0016788658766779818,5.05803918838501,5.04984188079834,2.608612537384033,2.6084604263305664,0.013866424560546875,0.21843242645263672,0.49953246116638184,2.9922800064086914,0.4316563606262207
160,2,20,3.602843761444092,3.5106000900268555,0.017611026763916016,0.22654128074645996,-0.22654128074645996,-0.00042819976806640625,0.0006023080979088435,-0.0006023080979088435,3.602843761444092,3.601079225540161,3.5106000900268555,3.510204792022705,0.003539562225341797,-0.012989997863769531,-0.03952908515930176,3.4548754692077637,-0.45235300064086914
170,2,30,2.0066075325012207,3.308910369873047,0.014063775539398193,-0.11680679023265839,0.11680679023265839,0.000347137451171875,0.0011656764972968192,-0.0011656764972968192,2.0066075325012207,2.0040876865386963,3.308910369873047,3.309208869934082,0.05211162567138672,0.23877382278442383,0.5169005393981934,3.1613411903381348,0.7022662162780762
180,2,30,0.6862149238586426,4.559298038482666,0.008136928081512451,-0.0235721617937088,0.0235721617937088,9.632110595703125e-05,0.0014276133005960423,-0.0014276133005960423,0.6862149238586426,0.6851909160614014,4.559298038482666,4.559593200683594,0.10075521469116211,0.32042646408081055,0.5447640419006348,4.008948802947998,0.5555310249328613
190,2,20,0.7699491381645203,5.115137100219727,0.018663525581359863,0.21294385194778442,-0.21294385194778442,-0.0018701553344726562,0.005084693127254791,-0.005084693127254791,0.7699491381645203,0.766437292098999,5.115137100219727,5.1124467849731445,0.04314088821411133,0.0654144287109375,0.027536392211914062,4.341564178466797,0.1112980842590332
200,2,10,0.4391501843929291,3.9156289100646973,0.012378990650177002,0.21330437064170837,-0.21330437064170837,-0.001178741455078125,0.004631845671265511,-0.004631845671265511,0.4391501843929291,0.4372485876083374,3.9156289100646973,3.914442539215088,-0.0035598278045654297,-0.0064356327056884766,0.010755777359008789,5.133816719055176,0.07964515686035156
210,3,0,12.583370208740234,4.3099284172058105,0.016120553016662598,0.5462213754653931,-0.5462213754653931,-0.018103599548339844,0.009125172856699337,-0.009125172856699337,12.583370208740234,12.522558212280273,4.3099284172058105,4.2913384437561035,-0.038134098052978516,-0.23539495468139648,-0.5473055839538574,5.003421783447266,-1.6642546653747559
220,3,10,7.592157363891602,3.516279697418213,0.015250802040100098,0.46017444133758545,-0.46017444133758545,-0.006392955780029297,0.004304582138390356,-0.004304582138390356,7.592157363891602,7.573099136352539,3.516279697418213,3.5099544525146484,-0.19939088821411133,-0.5480294227600098,-0.8027825355529785,3.8068654537200928,-1.134434700012207
230,3,20,3.995974540710449,2.7816038131713867,0.014830827713012695,0.14714829623699188,-0.14714829623699188,-0.0002808570861816406,0.0007878393193793132,-0.0007878393193793132,3.995974540710449,3.9932384490966797,2.7816038131713867,2.7813167572021484,-0.0353546142578125,-0.07853889465332031,-0.09965658187866211,2.9254257678985596,-0.09059262275695801
240,3,30,2.3394956588745117,2.697876453399658,0.010850369930267334,0.03819643333554268,-0.03819643333554268,-5.269050598144531e-05,0.0008755490279160894,-0.0008755490279160894,2.3394956588745117,2.337468385696411,2.697876453399658,2.69785213470459,0.023237228393554688,0.09131860733032227,0.19425725936889648,2.6306710243225098,0.34641504287719727
250,3,35,1.0026260614395142,3.340376615524292,0.016498327255249023,0.0016453508287668228,-0.0016453508287668228,-3.5762786865234375e-06,0.0027340086638929506,-0.0027340086638929506,1.0026260614395142,0.9998608231544495,3.340376615524292,3.340456962585449,0.0664815902709961,0.19867253303527832,0.32944607734680176,3.074896812438965,0.6262960433959961
260,3,25,0.6225947141647339,4.180037975311279,0.010328948497772217,-0.05113070458173752,0.05113070458173752,0.00023412704467773438,0.003526850205162191,-0.003526850205162191,0.6225947141647339,0.6203733682632446,4.180037975311279,4.180210113525391,0.06597089767456055,0.19757986068725586,0.3446822166442871,3.2150700092315674,0.3937668800354004
270,3,15,0.40549570322036743,3.8448967933654785,0.01106405258178711,0.19412918388843536,-0.19412918388843536,-0.0008087158203125,0.004252150894160089,-0.004252150894160089,0.40549570322036743,0.4038519859313965,3.8448967933654785,3.844130277633667,0.023203372955322266,0.050640106201171875,0.06958365440368652,3.7128043174743652,0.08549094200134277
280,3,5,0.31821995973587036,3.684422016143799,0.007404327392578125,0.09886311739683151,-0.09886311739683151,-0.0002574920654296875,0.0022774091709046873,-0.0022774091709046873,0.31821995973587036,0.31751102209091187,3.684422016143799,3.684238910675049,0.004189968109130859,0.008874893188476562,0.010587692260742188,4.106451988220215,-0.38877415657043457
290,4,5,10.579586029052734,4.357295036315918,0.0174219012260437,0.5128599405288696,-0.5128599405288696,-0.009183883666992188,0.005481439773620589,-0.005481439773620589,10.579586029052734,10.543107986450195,4.357295036315918,4.3484039306640625,-0.13570880889892578,-0.4359130859375,-0.7530875205993652,5.806011199951172,-2.190642833709717
300,4,15,4.982215881347656,2.764352798461914,0.01255655288696289,0.07816380262374878,-0.07816380262374878,-0.00031566619873046875,0.0018665062804988919,-0.0018665062804988919,4.982215881347656,4.973650932312012,2.764352798461914,2.763944625854492,0.007943868637084961,0.1466822624206543,0.35489559173583984,2.796619415283203,0.5238149166107178
310,4,25,3.0067358016967773,3.2551844120025635,0.009427011013031006,0.24126222729682922,-0.24126222729682922,-0.0006566047668457031,0.0010146966505640842,-0.0010146966505640842,3.0067358016967773,3.004171371459961,3.2551844120025635,3.25465726852417,0.030929088592529297,0.10327649116516113,0.23511695861816406,3.248878002166748,0.2041611671447754
320,4,35,1.689807653427124,4.028905868530273,0.01495051383972168,0.08432124555110931,-0.08432124555110931,-0.0004200935363769531,0.0017796399795624307,-0.0017796399795624307,1.689807653427124,1.686954140663147,4.028905868530273,4.028538703918457,0.0825953483581543,0.24937152862548828,0.4238138198852539,3.3613061904907227,0.3389711380004883
330,4,37,1.418938398361206,4.572408199310303,0.01883411407470703,0.06094991788268089,-0.06094991788268089,-0.0006642341613769531,0.0038189929792006305,-0.0038189929792006305,1.418938398361206,1.413619875907898,4.572408199310303,4.572083473205566,0.018443584442138672,0.04234457015991211,0.08093500137329102,4.366680145263672,0.09200572967529297
340,4,27,0.8850065469741821,4.776577949523926,0.016895711421966553,-0.08744680881500244,0.08744680881500244,0.0007696151733398438,0.00370517852111496,-0.00370517852111496,0.8850065469741821,0.8816510438919067,4.776577949523926,4.776991844177246,0.02605915069580078,0.08874368667602539,0.1825571060180664,3.9717793464660645,0.23818731307983398
350,4,17,0.6243770718574524,4.495080947875977,0.014130651950836182,-0.17777171730995178,0.17777171730995178,0.0012593269348144531,0.0025444859465814096,-0.0025444859465814096,0.6243770718574524,0.622685968875885,4.495080947875977,4.495820045471191,0.02817058563232422,0.1298971176147461,0.2690715789794922,4.322797775268555,0.06861686706542969
360,4,7,0.5132669806480408,4.9530534744262695,0.02019721269607544,-0.170943021774292,0.170943021774292,0.0013213157653808594,0.00363154268181598,-0.00363154268181598,0.5132669806480408,0.5113450884819031,4.9530534744262695,4.953614711761475,0.0011396408081054688,0.03432798385620117,0.10448265075683594,5.0430779457092285,-0.2721247673034668
370,5,3,11.34742546081543,4.714777946472168,0.025120258331298828,0.561905562877655,-0.561905562877655,-0.016782283782958984,0.007513567269588406,-0.007513567269588406,11.34742546081543,11.30231761932373,4.714777946472168,4.698028564453125,-0.1666264533996582,-0.5533394813537598,-0.9520366191864014,5.137972831726074,-2.0356273651123047
380,5,13,6.137982368469238,2.6907262802124023,0.01934337615966797,0.21104030311107635,-0.21104030311107635,-0.0010869503021240234,0.0018493574467592921,-0.0018493574467592921,6.137982368469238,6.1291422843933105,2.6907262802124023,2.6896238327026367,-0.06985306739807129,-0.1440565586090088,-0.15813016891479492,3.0442376136779785,-0.37728381156921387
390,5,23,3.7067294120788574,2.6976840496063232,0.017046689987182617,0.06303516775369644,-0.06303516775369644,-0.0001289844512939453,0.0009239402773737471,-0.0009239402773737471,3.7067294120788574,3.7034921646118164,2.6976840496063232,2.697547435760498,-0.0077054500579833984,-0.011117219924926758,-0.0010089874267578125,2.4882326126098633,0.23348331451416016
400,5,31,2.1970162391662598,2.9140241146087646,0.016608715057373047,-0.1589234322309494,0.1589234322309494,0.0003230571746826172,0.0012418851359157212,-0.0012418851359157212,2.1970162391662598,2.194068431854248,2.9140241146087646,2.9143154621124268,0.04195690155029297,0.14995932579040527,0.30246448516845703,2.808229923248291,0.6680326461791992
410,5,21,1.4362056255340576,3.5294344425201416,0.0140150785446167,-0.010889720171689987,0.010889720171689987,3.24249267578125e-05,0.0013950255548619284,-0.0013950255548619284,1.4362056255340576,1.4341726303100586,3.5294344425201416,3.5295069217681885,0.09877419471740723,0.2985689640045166,0.49031615257263184,3.5417063236236572,0.9592187404632568
420,5,11,0.723871648311615,4.391894340515137,0.020017564296722412,-0.21329711377620697,0.21329711377620697,0.0010099411010742188,0.0032282427643655076,-0.0032282427643655076,0.723871648311615,0.7213096618652344,4.391894340515137,4.393265247344971,0.07091808319091797,0.226287841796875,0.4067811965942383,3.7421653270721436,0.554741621017456
430,5,1,1.027305006980896,4.958869457244873,0.019833743572235107,0.23598939180374146,-0.23598939180374146,-0.0020422935485839844,0.006054993090163996,-0.006054993090163996,1.027305006980896,1.021480917930603,4.958869457244873,4.956945896148682,0.0300750732421875,0.06628751754760742,0.0771784782409668,4.7074666023254395,-0.7623565196990967
440,6,9,7.104493618011475,4.267055511474609,0.014812350273132324,0.2790064215660095,-0.2790064215660095,-0.0025610923767089844,0.0023339909885254917,-0.0023339909885254917,7.104493618011475,7.092037677764893,4.267055511474609,4.264573097229004,-0.12653112411499023,-0.3454322814941406,-0.5153763294219971,4.358569622039795,-1.0159006118774414
450,6,19,4.261382102966309,3.2617602348327637,0.010740160942077637,-0.02092595584690571,0.02092595584690571,7.534027099609375e-05,0.0006896502262881965,-0.0006896502262881965,4.261382102966309,4.258221626281738,3.2617602348327637,3.261929988861084,-0.007036685943603516,0.002197265625,0.0408320426940918,3.4869630336761475,-0.2540242671966553
460,6,29,2.7742319107055664,3.184849977493286,0.016330361366271973,0.07882516086101532,-0.07882516086101532,-0.0002567768096923828,0.0016730018887741727,-0.0016730018887741727,2.7742319107055664,2.769819736480713,3.184849977493286,3.184586524963379,0.023588895797729492,0.0818181037902832,0.15969181060791016,3.025460720062256,0.6267726421356201
470,6,39,1.4047327041625977,4.271835803985596,0.010817408561706543,-0.03627997636795044,0.03627997636795044,0.00014019012451171875,0.001686163991711398,-0.001686163991711398,1.4047327041625977,1.4023022651672363,4.271835803985596,4.272024154663086,0.11154413223266602,0.34641504287719727,0.5952048301696777,3.8661301136016846,0.7624900341033936
480,6,49,0.9414259195327759,4.298460006713867,0.010250329971313477,0.1405998319387436,-0.1405998319387436,-0.0009403228759765625,0.003962011200121851,-0.003962011200121851,0.9414259195327759,0.937881588935852,4.298460006713867,4.297609329223633,0.04531145095825195,0.11708641052246094,0.16989517211914062,4.350839614868164,0.26875782012939453
490,6,59,1.2237005233764648,4.990840911865234,0.01590752601623535,-0.06757842004299164,0.06757842004299164,0.0005011558532714844,0.002631812114545329,-0.002631812114545329,1.2237005233764648,1.2203580141067505,4.990840911865234,4.991339683532715,0.02475595474243164,0.079620361328125,0.14474201202392578,4.604601860046387,0.14626121520996094
500,6,69,0.4412586987018585,4.820492267608643,0.016244053840637207,-0.010669328272342682,0.010669328272342682,5.6743621826171875e-05,0.0038060965411418346,-0.0038060965411418346,0.4412586987018585,0.4395970106124878,4.820492267608643,4.8202972412109375,0.006461143493652344,0.010291099548339844,0.021942615509033203,5.310797691345215,
