step,segment,adapter,harm_mean,harm_lcb,harm_ucb
5,A1,default,-0.05641727149486542,-0.06078939897939563,-0.052045144010335206
6,A1,default,-0.05376197025179863,-0.05688926259521395,-0.05063467790838331
7,A1,default,-0.05373891070485115,-0.05631356645841151,-0.05116425495129079
8,A1,default,-0.05481649935245514,-0.0566769679938443,-0.05295603071106598
9,A1,default,-0.056120749562978745,-0.058939781985245646,-0.05330171714071184
10,A1,default,-0.0564635768532753,-0.05932741603814065,-0.05359973766840995
11,A1,default,-0.05687274411320686,-0.059152619554661216,-0.05459286867175251
12,A1,default,-0.059459324926137924,-0.06165025698952377,-0.05726839286275208
13,A1,default,-0.05922815576195717,-0.06083393563749269,-0.05762237588642165
14,A1,default,-0.058800313621759415,-0.06101430677808821,-0.05658632046543062
15,A1,default,-0.06279453635215759,-0.06509300752077252,-0.06049606518354267
16,A1,default,-0.06318588554859161,-0.06500531092984602,-0.06136646016733721
17,B1,default,-0.05532560870051384,-0.05721958709415048,-0.0534316303068772
22,B1,adapter_1,-0.061601921916007996,-0.06386650262400508,-0.05933734120801091
23,B1,adapter_1,-0.061759524047374725,-0.06450978070963174,-0.05900926738511771
24,B1,adapter_1,-0.06142990291118622,-0.06456823979038745,-0.05829156603198499
25,B1,adapter_1,-0.06309674680233002,-0.06616141974925994,-0.06003207385540008
26,B1,adapter_1,-0.0604136697947979,-0.06381672756746411,-0.05701061202213168
27,B1,adapter_1,-0.06446754187345505,-0.06821108002215624,-0.06072400372475386
28,B1,adapter_1,-0.0660378634929657,-0.06989736516028643,-0.06217836182564497
29,B1,adapter_1,-0.06652599573135376,-0.06890737872570753,-0.06414461273699999
30,B1,adapter_1,-0.06686373054981232,-0.06885199068114162,-0.06487547041848302
31,B1,adapter_1,-0.06635100394487381,-0.06816640365170315,-0.06453560423804447
32,B1,adapter_1,-0.06400856375694275,-0.06574080167338252,-0.06227632584050298
33,A2,default,-0.049264319241046906,-0.05344762723892927,-0.04508101124316454
34,A2,default,-0.05279848352074623,-0.056798176225274805,-0.04879879081621766
35,A2,default,-0.05371333658695221,-0.058200307255610824,-0.049226365918293595
36,A2,default,-0.05247824639081955,-0.05673355926759541,-0.04822293351404369
37,A2,default,-0.052887920290231705,-0.057207922330126164,-0.048567918250337246
38,A2,default,-0.05088095739483833,-0.0557961418107152,-0.04596577297896147
39,A2,default,-0.0524604506790638,-0.05645228963345289,-0.048468611724674704
40,A2,default,-0.051210369914770126,-0.05498530891723931,-0.047435430912300944
41,A2,default,-0.05069202929735184,-0.054923202274367214,-0.04646085632033646
42,A2,default,-0.04793398827314377,-0.05208847058936954,-0.043779505956918
43,A2,default,-0.04634946212172508,-0.05029438712634146,-0.042404537117108704
44,A2,default,-0.04407697170972824,-0.04822670572437346,-0.03992723769508302
45,A2,default,-0.04100003093481064,-0.045384231107309464,-0.03661583076231181
46,A2,default,-0.04007828235626221,-0.04319774171337485,-0.036958822999149564
47,A2,default,-0.03755376115441322,-0.04141843050718307,-0.033689091801643374
48,A2,default,-0.03426976501941681,-0.03766468587797135,-0.030874844160862266
49,C1,adapter_1,-0.05499105527997017,-0.05682257091859356,-0.05315953964134678
54,C1,adapter_2,-0.05687696114182472,-0.05949228503741324,-0.054261637246236206
55,C1,adapter_2,-0.05580468475818634,-0.05884102761745453,-0.05276834189891815
56,C1,adapter_2,-0.056973740458488464,-0.06001712819095701,-0.05393035272601992
57,C1,adapter_2,-0.05691035836935043,-0.05962846690788865,-0.054192249830812216
58,C1,adapter_2,-0.05863526090979576,-0.06191077419091016,-0.055359747628681365
59,C1,adapter_2,-0.05965052545070648,-0.06256406846921891,-0.05673698243219406
60,C1,adapter_2,-0.05991027504205704,-0.06268626973498613,-0.05713428034912795
61,C1,adapter_2,-0.06060406565666199,-0.06308627989608795,-0.05812185141723603
62,C1,adapter_2,-0.06208568811416626,-0.0644007048662752,-0.059770671362057326
63,C1,adapter_2,-0.06282496452331543,-0.06551901713013648,-0.06013091191649437
64,C1,adapter_2,-0.06370575726032257,-0.06598476495593786,-0.06142674956470728
65,B2,adapter_1,-0.05234464630484581,-0.056491487072780726,-0.048197805536910894
66,B2,adapter_1,-0.05489132180809975,-0.05903472125530243,-0.05074792236089706
67,B2,adapter_1,-0.056922316551208496,-0.06016252400819212,-0.05368210909422487
68,B2,adapter_1,-0.05736198276281357,-0.06092021553311497,-0.05380374999251217
69,B2,adapter_1,-0.05681635066866875,-0.06050319852307439,-0.0531295028142631
70,B2,adapter_1,-0.055638693273067474,-0.05975600558333099,-0.05152138096280396
71,B2,adapter_1,-0.054643720388412476,-0.05839551501441747,-0.05089192576240748
72,B2,adapter_1,-0.05443674325942993,-0.05837900638580322,-0.05049448013305664
73,B2,adapter_1,-0.05214739590883255,-0.05598630441352725,-0.04830848740413785
74,B2,adapter_1,-0.05024673417210579,-0.05392658689524978,-0.046566881448961796
75,B2,adapter_1,-0.04706035926938057,-0.05105264133773744,-0.0430680772010237
76,B2,adapter_1,-0.04384780302643776,-0.0478535176999867,-0.03984208835288882
77,B2,adapter_1,-0.04044001176953316,-0.04438497008755803,-0.03649505345150828
78,B2,adapter_1,-0.03820293769240379,-0.04225570823997259,-0.03415016714483499
79,B2,adapter_1,-0.03482627868652344,-0.03859825553372502,-0.03105430183932185
80,B2,adapter_1,-0.03168867155909538,-0.035777160469442605,-0.02760018264874816
