step,concept,occurrence,loss,elapsed_seconds,gpu_peak_allocated_bytes
1,A,1,1.0592212677001953,1.4429242182523012,512210432
2,A,1,1.0822726488113403,1.4605001527816057,512210432
3,A,1,1.1419421434402466,1.475511422380805,512210432
4,A,1,1.0883008241653442,1.49030293058604,512210432
5,A,1,1.1448723077774048,1.5076010515913367,512210432
6,A,1,1.108649492263794,1.5242203259840608,512210432
7,A,1,1.1104393005371094,1.541569298133254,512210432
8,A,1,1.1027324199676514,1.5593865541741252,512210432
9,A,1,1.0651235580444336,1.5772031908854842,512210432
10,A,1,1.0671592950820923,1.5962256779894233,512210432
11,A,1,1.1044249534606934,1.6136997807770967,524970496
12,A,1,1.1190375089645386,1.6306652398779988,524970496
13,A,1,1.0744028091430664,1.6487768581137061,572205056
14,A,1,1.0876076221466064,1.6657741768285632,572205056
15,A,1,1.1244397163391113,1.6898980410769582,572205056
16,A,1,1.0690354108810425,1.7083541536703706,572205056
17,A,1,1.1373176574707031,1.7261818200349808,572205056
18,A,1,1.0912208557128906,1.7434026403352618,572205056
19,A,1,1.04774808883667,1.7606383617967367,572205056
20,A,1,1.0976207256317139,1.7786697996780276,572205056
21,A,1,1.0717278718948364,1.7966267075389624,572205056
22,A,1,1.1354113817214966,1.8143175821751356,572205056
23,A,1,1.0755597352981567,1.832207958213985,572205056
24,A,1,1.1022979021072388,1.849558631889522,572205056
25,A,1,1.0929114818572998,1.866673680022359,572205056
26,A,1,1.1248449087142944,1.883490277454257,572205056
27,A,1,1.0968289375305176,1.9005876565352082,572205056
28,A,1,1.059295415878296,1.9183014212176204,572205056
29,A,1,1.0806968212127686,1.935578253120184,572205056
30,A,1,1.141190528869629,1.953978524543345,658180096
31,A,1,1.0598554611206055,1.9719567326828837,658180096
32,A,1,1.1385149955749512,1.9906648164615035,673922560
