regime,seed,order,method,run,status
banking,2027,canonical,adaptive,day8_banking_private_cau_seed2027_canonical_fixed512,completed
banking,2027,canonical,static_rank8_frozen,day6_banking_private_single_seed2027_canonical,completed
banking,2027,canonical,static_rank8_tuned,day17_confirm_rank8_lr200_seed2027_canonical,completed
banking,2027,canonical,static_rank96_tuned,day17_confirm_rank96_lr100_seed2027_canonical,completed
banking,2027,b_first,adaptive,day8_banking_private_cau_seed2027_b_first_fixed512,completed
banking,2027,b_first,static_rank8_frozen,day6_banking_private_single_seed2027_b_first,completed
banking,2027,b_first,static_rank8_tuned,day17_confirm_rank8_lr200_seed2027_b_first,completed
banking,2027,b_first,static_rank96_tuned,day17_confirm_rank96_lr100_seed2027_b_first,completed
banking,2028,canonical,adaptive,day8_banking_private_cau_seed2028_canonical_fixed512,completed
banking,2028,canonical,static_rank8_frozen,day6_banking_private_single_seed2028_canonical,completed
banking,2028,canonical,static_rank8_tuned,day17_confirm_rank8_lr200_seed2028_canonical,completed
banking,2028,canonical,static_rank96_tuned,day17_confirm_rank96_lr100_seed2028_canonical,completed
banking,2028,b_first,adaptive,day8_banking_private_cau_seed2028_b_first_fixed512,completed
banking,2028,b_first,static_rank8_frozen,day6_banking_private_single_seed2028_b_first,completed
banking,2028,b_first,static_rank8_tuned,day17_confirm_rank8_lr200_seed2028_b_first,completed
banking,2028,b_first,static_rank96_tuned,day17_confirm_rank96_lr100_seed2028_b_first,completed
banking,2029,canonical,adaptive,day8_banking_private_cau_seed2029_canonical_fixed512,completed
banking,2029,canonical,static_rank8_frozen,day6_banking_private_single_seed2029_canonical,completed
banking,2029,canonical,static_rank8_tuned,day17_confirm_rank8_lr200_seed2029_canonical,completed
banking,2029,canonical,static_rank96_tuned,day17_confirm_rank96_lr100_seed2029_canonical,completed
banking,2029,b_first,adaptive,day8_banking_private_cau_seed2029_b_first_fixed512,completed
banking,2029,b_first,static_rank8_frozen,day6_banking_private_single_seed2029_b_first,completed
banking,2029,b_first,static_rank8_tuned,day17_confirm_rank8_lr200_seed2029_b_first,completed
banking,2029,b_first,static_rank96_tuned,day17_confirm_rank96_lr100_seed2029_b_first,completed
banking,2030,canonical,adaptive,day8_banking_private_cau_seed2030_canonical_fixed512,completed
banking,2030,canonical,static_rank8_frozen,day6_banking_private_single_seed2030_canonical,completed
banking,2030,canonical,static_rank8_tuned,day17_confirm_rank8_lr200_seed2030_canonical,completed
banking,2030,canonical,static_rank96_tuned,day17_confirm_rank96_lr100_seed2030_canonical,completed
banking,2030,b_first,adaptive,day8_banking_private_cau_seed2030_b_first_fixed512,completed
banking,2030,b_first,static_rank8_frozen,day6_banking_private_single_seed2030_b_first,completed
banking,2030,b_first,static_rank8_tuned,day17_confirm_rank8_lr200_seed2030_b_first,completed
banking,2030,b_first,static_rank96_tuned,day17_confirm_rank96_lr100_seed2030_b_first,completed
banking,2031,canonical,adaptive,day8_banking_private_cau_seed2031_canonical_fixed512,completed
banking,2031,canonical,static_rank8_frozen,day6_banking_private_single_seed2031_canonical,completed
banking,2031,canonical,static_rank8_tuned,day17_confirm_rank8_lr200_seed2031_canonical,completed
banking,2031,canonical,static_rank96_tuned,day17_confirm_rank96_lr100_seed2031_canonical,completed
banking,2031,b_first,adaptive,day8_banking_private_cau_seed2031_b_first_fixed512,completed
banking,2031,b_first,static_rank8_frozen,day6_banking_private_single_seed2031_b_first,completed
banking,2031,b_first,static_rank8_tuned,day17_confirm_rank8_lr200_seed2031_b_first,completed
banking,2031,b_first,static_rank96_tuned,day17_confirm_rank96_lr100_seed2031_b_first,completed
amazon,2027,canonical,adaptive,day8_amazon_private_cau_seed2027_canonical_fixed512,completed
amazon,2027,canonical,static_rank8_frozen,day6_amazon_private_single_seed2027_canonical,completed
amazon,2027,b_first,adaptive,day8_amazon_private_cau_seed2027_b_first_fixed512,completed
amazon,2027,b_first,static_rank8_frozen,day6_amazon_private_single_seed2027_b_first,completed
amazon,2028,canonical,adaptive,day8_amazon_private_cau_seed2028_canonical_fixed512,completed
amazon,2028,canonical,static_rank8_frozen,day6_amazon_private_single_seed2028_canonical,completed
amazon,2028,b_first,adaptive,day8_amazon_private_cau_seed2028_b_first_fixed512,completed
amazon,2028,b_first,static_rank8_frozen,day6_amazon_private_single_seed2028_b_first,completed
amazon,2029,canonical,adaptive,day8_amazon_private_cau_seed2029_canonical_fixed512,completed
amazon,2029,canonical,static_rank8_frozen,day6_amazon_private_single_seed2029_canonical,completed
amazon,2029,b_first,adaptive,day8_amazon_private_cau_seed2029_b_first_fixed512,completed
amazon,2029,b_first,static_rank8_frozen,day6_amazon_private_single_seed2029_b_first,completed
amazon,2030,canonical,adaptive,day8_amazon_private_cau_seed2030_canonical_fixed512,completed
amazon,2030,canonical,static_rank8_frozen,day6_amazon_private_single_seed2030_canonical,completed
amazon,2030,b_first,adaptive,day8_amazon_private_cau_seed2030_b_first_fixed512,completed
amazon,2030,b_first,static_rank8_frozen,day6_amazon_private_single_seed2030_b_first,completed
amazon,2031,canonical,adaptive,day8_amazon_private_cau_seed2031_canonical_fixed512,completed
amazon,2031,canonical,static_rank8_frozen,day6_amazon_private_single_seed2031_canonical,completed
amazon,2031,b_first,adaptive,day8_amazon_private_cau_seed2031_b_first_fixed512,completed
amazon,2031,b_first,static_rank8_frozen,day6_amazon_private_single_seed2031_b_first,completed
