run,regime,seed,order,kind,factor,condition,post_update_loss_decrease,initial_loss_decrease,local_improvement_increase,initial_group_mass_decrease,initial_within_group_decrease,post_group_mass_decrease,post_within_group_decrease
day15_amazon_private_cau_seed2027_canonical_weight_moments,amazon,2027,canonical,conditional,reset_head_optimizer,"{""reset_head_weights"": false, ""reset_lora_optimizer"": false, ""reset_lora_weights"": false}",-0.006642756714044433,0.0,-0.0066427567140444135,0.0,0.0,0.0,-0.006642758209062249
day15_amazon_private_cau_seed2027_canonical_weight_moments,amazon,2027,canonical,conditional,reset_head_optimizer,"{""reset_head_weights"": false, ""reset_lora_optimizer"": false, ""reset_lora_weights"": true}",0.009584139052190278,0.0,0.009584139052190285,0.0,0.0,0.0,0.009584137287579085
day15_amazon_private_cau_seed2027_canonical_weight_moments,amazon,2027,canonical,conditional,reset_head_optimizer,"{""reset_head_weights"": false, ""reset_lora_optimizer"": true, ""reset_lora_weights"": false}",-0.01092013711795995,0.0,-0.010920137117959947,0.0,0.0,0.0,-0.010920135819010045
day15_amazon_private_cau_seed2027_canonical_weight_moments,amazon,2027,canonical,conditional,reset_head_optimizer,"{""reset_head_weights"": false, ""reset_lora_optimizer"": true, ""reset_lora_weights"": true}",0.008864940389206535,0.0,0.008864940389206549,0.0,0.0,0.0,0.00886494274202146
day15_amazon_private_cau_seed2027_canonical_weight_moments,amazon,2027,canonical,conditional,reset_head_optimizer,"{""reset_head_weights"": true, ""reset_lora_optimizer"": false, ""reset_lora_weights"": false}",0.006892507797793338,0.0,0.006892507797793353,0.0,0.0,0.0,0.006892501523620204
day15_amazon_private_cau_seed2027_canonical_weight_moments,amazon,2027,canonical,conditional,reset_head_optimizer,"{""reset_head_weights"": true, ""reset_lora_optimizer"": false, ""reset_lora_weights"": true}",-0.002787920205216659,0.0,-0.002787920205216645,0.0,0.0,0.0,-0.0027879213816241213
day15_amazon_private_cau_seed2027_canonical_weight_moments,amazon,2027,canonical,conditional,reset_head_optimizer,"{""reset_head_weights"": true, ""reset_lora_optimizer"": true, ""reset_lora_weights"": false}",0.006346270049873151,0.0,0.006346270049873163,0.0,0.0,0.0,0.0063462665206507635
day15_amazon_private_cau_seed2027_canonical_weight_moments,amazon,2027,canonical,conditional,reset_head_optimizer,"{""reset_head_weights"": true, ""reset_lora_optimizer"": true, ""reset_lora_weights"": true}",-0.0028548303403352435,0.0,-0.0028548303403352292,0.0,0.0,0.0,-0.002854829556063602
day15_amazon_private_cau_seed2027_canonical_weight_moments,amazon,2027,canonical,conditional,reset_head_weights,"{""reset_head_optimizer"": false, ""reset_lora_optimizer"": false, ""reset_lora_weights"": false}",-0.21651929744372242,-0.22451332539908195,0.007994027955359521,0.0,-0.2245133299086439,0.0,-0.2165192968310102
day15_amazon_private_cau_seed2027_canonical_weight_moments,amazon,2027,canonical,conditional,reset_head_weights,"{""reset_head_optimizer"": false, ""reset_lora_optimizer"": false, ""reset_lora_weights"": true}",-0.09047218980757814,-0.0899342667115362,-0.0005379230960419351,0.0,-0.08993426004522725,0.0,-0.09047218647442366
day15_amazon_private_cau_seed2027_canonical_weight_moments,amazon,2027,canonical,conditional,reset_head_weights,"{""reset_head_optimizer"": false, ""reset_lora_optimizer"": true, ""reset_lora_weights"": false}",-0.2150598649964913,-0.22451332539908195,0.00945346040259064,0.0,-0.2245133299086439,0.0,-0.21505986222703205
day15_amazon_private_cau_seed2027_canonical_weight_moments,amazon,2027,canonical,conditional,reset_head_weights,"{""reset_head_optimizer"": false, ""reset_lora_optimizer"": true, ""reset_lora_weights"": true}",-0.09239239833856884,-0.0899342667115362,-0.0024581316270326243,0.0,-0.08993426004522725,0.0,-0.09239240029924795
day15_amazon_private_cau_seed2027_canonical_weight_moments,amazon,2027,canonical,conditional,reset_head_weights,"{""reset_head_optimizer"": true, ""reset_lora_optimizer"": false, ""reset_lora_weights"": false}",-0.20298403293188466,-0.22451332539908195,0.021529292467197286,0.0,-0.2245133299086439,0.0,-0.20298403709832774
day15_amazon_private_cau_seed2027_canonical_weight_moments,amazon,2027,canonical,conditional,reset_head_weights,"{""reset_head_optimizer"": true, ""reset_lora_optimizer"": false, ""reset_lora_weights"": true}",-0.10284424906498507,-0.0899342667115362,-0.012909982353448866,0.0,-0.08993426004522725,0.0,-0.10284424514362686
day15_amazon_private_cau_seed2027_canonical_weight_moments,amazon,2027,canonical,conditional,reset_head_weights,"{""reset_head_optimizer"": true, ""reset_lora_optimizer"": true, ""reset_lora_weights"": false}",-0.1977934578286582,-0.22451332539908195,0.026719867570423748,0.0,-0.2245133299086439,0.0,-0.19779345988737126
day15_amazon_private_cau_seed2027_canonical_weight_moments,amazon,2027,canonical,conditional,reset_head_weights,"{""reset_head_optimizer"": true, ""reset_lora_optimizer"": true, ""reset_lora_weights"": true}",-0.10411216906811062,-0.0899342667115362,-0.014177902356574401,0.0,-0.08993426004522725,0.0,-0.104112172597333
day15_amazon_private_cau_seed2027_canonical_weight_moments,amazon,2027,canonical,conditional,reset_lora_optimizer,"{""reset_head_optimizer"": false, ""reset_head_weights"": false, ""reset_lora_weights"": false}",-0.000577931120795639,0.0,-0.0005779311207956243,0.0,0.0,0.0,-0.0005779348460859382
day15_amazon_private_cau_seed2027_canonical_weight_moments,amazon,2027,canonical,conditional,reset_lora_optimizer,"{""reset_head_optimizer"": false, ""reset_head_weights"": false, ""reset_lora_weights"": true}",0.001937404471008402,0.0,0.0019374044710083929,0.0,0.0,0.0,0.0019374030985330288
day15_amazon_private_cau_seed2027_canonical_weight_moments,amazon,2027,canonical,conditional,reset_lora_optimizer,"{""reset_head_optimizer"": false, ""reset_head_weights"": true, ""reset_lora_weights"": false}",0.0008815013264354906,0.0,0.0008815013264354941,0.0,0.0,0.0,0.0008814997578922071
day15_amazon_private_cau_seed2027_canonical_weight_moments,amazon,2027,canonical,conditional,reset_lora_optimizer,"{""reset_head_optimizer"": false, ""reset_head_weights"": true, ""reset_lora_weights"": true}",1.7195940017700195e-05,0.0,1.719594001770344e-05,0.0,0.0,0.0,1.718927370874505e-05
day15_amazon_private_cau_seed2027_canonical_weight_moments,amazon,2027,canonical,conditional,reset_lora_optimizer,"{""reset_head_optimizer"": true, ""reset_head_weights"": false, ""reset_lora_weights"": false}",-0.0048553115247111575,0.0,-0.0048553115247111575,0.0,0.0,0.0,-0.004855312456033735
day15_amazon_private_cau_seed2027_canonical_weight_moments,amazon,2027,canonical,conditional,reset_lora_optimizer,"{""reset_head_optimizer"": true, ""reset_head_weights"": false, ""reset_lora_weights"": true}",0.0012182058080246574,0.0,0.001218205808024655,0.0,0.0,0.0,0.0012182085529754043
day15_amazon_private_cau_seed2027_canonical_weight_moments,amazon,2027,canonical,conditional,reset_lora_optimizer,"{""reset_head_optimizer"": true, ""reset_head_weights"": true, ""reset_lora_weights"": false}",0.0003352635785153038,0.0,0.0003352635785153043,0.0,0.0,0.0,0.00033526475492276644
day15_amazon_private_cau_seed2027_canonical_weight_moments,amazon,2027,canonical,conditional,reset_lora_optimizer,"{""reset_head_optimizer"": true, ""reset_head_weights"": true, ""reset_lora_weights"": true}",-4.9714195100884686e-05,0.0,-4.971419510088056e-05,0.0,0.0,0.0,-4.971890073073538e-05
day15_amazon_private_cau_seed2027_canonical_weight_moments,amazon,2027,canonical,conditional,reset_lora_weights,"{""reset_head_optimizer"": false, ""reset_head_weights"": false, ""reset_lora_optimizer"": false}",-0.12732257174426004,-0.12826464026186027,0.0009420685176002381,0.0,-0.12826464477142221,0.0,-0.1273225744647023
day15_amazon_private_cau_seed2027_canonical_weight_moments,amazon,2027,canonical,conditional,reset_lora_weights,"{""reset_head_optimizer"": false, ""reset_head_weights"": false, ""reset_lora_optimizer"": true}",-0.124807236152456,-0.12826464026186027,0.003457404109404255,0.0,-0.12826464477142221,0.0,-0.12480723652008333
day15_amazon_private_cau_seed2027_canonical_weight_moments,amazon,2027,canonical,conditional,reset_lora_weights,"{""reset_head_optimizer"": false, ""reset_head_weights"": true, ""reset_lora_optimizer"": false}",-0.0012754641081157484,0.006314418425685481,-0.007589882533801218,0.0,0.006314425091994436,0.0,-0.0012754641081157484
day15_amazon_private_cau_seed2027_canonical_weight_moments,amazon,2027,canonical,conditional,reset_lora_weights,"{""reset_head_optimizer"": false, ""reset_head_weights"": true, ""reset_lora_optimizer"": true}",-0.002139769494533539,0.006314418425685481,-0.008454187920219009,0.0,0.006314425091994436,0.0,-0.00213977459229921
day15_amazon_private_cau_seed2027_canonical_weight_moments,amazon,2027,canonical,conditional,reset_lora_weights,"{""reset_head_optimizer"": true, ""reset_head_weights"": false, ""reset_lora_optimizer"": false}",-0.11109567597802532,-0.12826464026186027,0.017168964283834937,0.0,-0.12826464477142221,0.0,-0.11109567896806095
day15_amazon_private_cau_seed2027_canonical_weight_moments,amazon,2027,canonical,conditional,reset_lora_weights,"{""reset_head_optimizer"": true, ""reset_head_weights"": false, ""reset_lora_optimizer"": true}",-0.1050221586452895,-0.12826464026186027,0.02324248161657075,0.0,-0.12826464477142221,0.0,-0.10502215795905183
day15_amazon_private_cau_seed2027_canonical_weight_moments,amazon,2027,canonical,conditional,reset_lora_weights,"{""reset_head_optimizer"": true, ""reset_head_weights"": true, ""reset_lora_optimizer"": false}",-0.010955892111125746,0.006314418425685481,-0.017270310536811214,0.0,0.006314425091994436,0.0,-0.010955887013360074
day15_amazon_private_cau_seed2027_canonical_weight_moments,amazon,2027,canonical,conditional,reset_lora_weights,"{""reset_head_optimizer"": true, ""reset_head_weights"": true, ""reset_lora_optimizer"": true}",-0.011340869884741934,0.006314418425685481,-0.0176552883104274,0.0,0.006314425091994436,0.0,-0.011340870669013575
day15_amazon_private_cau_seed2027_canonical_weight_moments,amazon,2027,canonical,interaction,reset_head_weights x reset_head_optimizer,marginal_over_other_factors,0.0016774604231805433,3.9259531298422475e-18,0.001677460423180542,0.0,3.195543245220434e-18,0.0,0.0016774577762637527
day15_amazon_private_cau_seed2027_canonical_weight_moments,amazon,2027,canonical,interaction,reset_head_weights x reset_lora_optimizer,marginal_over_other_factors,0.0008654697540853408,3.9259531298422475e-18,0.0008654697540853389,0.0,3.195543245220434e-18,0.0,0.0008654676341010599
day15_amazon_private_cau_seed2027_canonical_weight_moments,amazon,2027,canonical,interaction,reset_lora_optimizer x reset_head_optimizer,marginal_over_other_factors,-0.001402431737484507,0.0,-0.0014024317374845114,0.0,0.0,0.0,-0.0014024288332285832
day15_amazon_private_cau_seed2027_canonical_weight_moments,amazon,2027,canonical,interaction,reset_lora_weights x reset_head_optimizer,marginal_over_other_factors,0.004282611220045705,3.9259531298422475e-18,0.0042826112200457025,0.0,3.195543245220434e-18,0.0,0.004282613768928541
day15_amazon_private_cau_seed2027_canonical_weight_moments,amazon,2027,canonical,interaction,reset_lora_weights x reset_head_weights,marginal_over_other_factors,0.11063391173037847,0.13457905868754574,-0.023945146957167256,0.0,0.13457906986341664,0.0,0.11063391288227745
day15_amazon_private_cau_seed2027_canonical_weight_moments,amazon,2027,canonical,interaction,reset_lora_weights x reset_lora_optimizer,marginal_over_other_factors,0.0018348924411264729,3.9259531298422475e-18,0.0018348924411264636,0.0,3.195543245220434e-18,0.0,0.001834891203447789
day15_banking_private_cau_seed2027_canonical_weight_moments,banking,2027,canonical,conditional,reset_head_optimizer,"{""reset_head_weights"": false, ""reset_lora_optimizer"": false, ""reset_lora_weights"": false}",-0.0009520077443384789,0.0,-0.0009520077443384781,0.0,0.0,-0.0005865292070986169,-0.0003655041967119489
day15_banking_private_cau_seed2027_canonical_weight_moments,banking,2027,canonical,conditional,reset_head_optimizer,"{""reset_head_weights"": false, ""reset_lora_optimizer"": false, ""reset_lora_weights"": true}",-0.002255120382204139,0.0,-0.0022551203822041605,0.0,0.0,-0.002569959009741687,0.00031483933165834215
day15_banking_private_cau_seed2027_canonical_weight_moments,banking,2027,canonical,conditional,reset_head_optimizer,"{""reset_head_weights"": false, ""reset_lora_optimizer"": true, ""reset_lora_weights"": false}",-0.001540591690566538,0.0,-0.0015405916905665157,0.0,0.0,-0.0009740071678227111,-0.0005665754223917954
day15_banking_private_cau_seed2027_canonical_weight_moments,banking,2027,canonical,conditional,reset_head_optimizer,"{""reset_head_weights"": false, ""reset_lora_optimizer"": true, ""reset_lora_weights"": true}",-0.0024130857907808906,0.0,-0.002413085790780882,0.0,0.0,-0.0026975153894214722,0.00028443939083224736
day15_banking_private_cau_seed2027_canonical_weight_moments,banking,2027,canonical,conditional,reset_head_optimizer,"{""reset_head_weights"": true, ""reset_lora_optimizer"": false, ""reset_lora_weights"": false}",0.0010529850865458482,0.0,0.001052985086545833,0.0,0.0,0.001171909649293482,-0.00011894074115124427
day15_banking_private_cau_seed2027_canonical_weight_moments,banking,2027,canonical,conditional,reset_head_optimizer,"{""reset_head_weights"": true, ""reset_lora_optimizer"": false, ""reset_lora_weights"": true}",-0.0002280725227607456,0.0,-0.00022807252276074412,0.0,0.0,-0.0008062610914419351,0.000578206319075379
day15_banking_private_cau_seed2027_canonical_weight_moments,banking,2027,canonical,conditional,reset_head_optimizer,"{""reset_head_weights"": true, ""reset_lora_optimizer"": true, ""reset_lora_weights"": false}",0.0008828865302788179,0.0,0.0008828865302788045,0.0,0.0,0.0011141323126279451,-0.00023126851071367962
day15_banking_private_cau_seed2027_canonical_weight_moments,banking,2027,canonical,conditional,reset_head_optimizer,"{""reset_head_weights"": true, ""reset_lora_optimizer"": true, ""reset_lora_weights"": true}",-0.00023914012280137342,0.0,-0.00023914012280139727,0.0,0.0,-0.0007954954446016967,0.0005564318908439907
day15_banking_private_cau_seed2027_canonical_weight_moments,banking,2027,canonical,conditional,reset_head_weights,"{""reset_head_optimizer"": false, ""reset_lora_optimizer"": false, ""reset_lora_weights"": false}",-0.9048289872787811,-0.9062957389014108,0.0014667516226296929,-0.8740264522423455,-0.032269278856424166,-0.8720298958348703,-0.03279910493683029
day15_banking_private_cau_seed2027_canonical_weight_moments,banking,2027,canonical,conditional,reset_head_weights,"{""reset_head_optimizer"": false, ""reset_lora_optimizer"": false, ""reset_lora_weights"": true}",-0.7915732719086029,-0.786199828687605,-0.005373443220997911,-0.7626768130031261,-0.023523018910334655,-0.7681709566122882,-0.023402287933852652
day15_banking_private_cau_seed2027_canonical_weight_moments,banking,2027,canonical,conditional,reset_head_weights,"{""reset_head_optimizer"": false, ""reset_lora_optimizer"": true, ""reset_lora_weights"": false}",-0.9077731026397957,-0.9062957389014108,-0.0014773637383848864,-0.8740264522423455,-0.032269278856424166,-0.874394365518794,-0.03337873416942556
day15_banking_private_cau_seed2027_canonical_weight_moments,banking,2027,canonical,conditional,reset_head_weights,"{""reset_head_optimizer"": false, ""reset_lora_optimizer"": true, ""reset_lora_weights"": true}",-0.7966208464496739,-0.786199828687605,-0.01042101776206887,-0.7626768130031261,-0.023523018910334655,-0.7728917335743433,-0.023729143168900048
day15_banking_private_cau_seed2027_canonical_weight_moments,banking,2027,canonical,conditional,reset_head_weights,"{""reset_head_optimizer"": true, ""reset_lora_optimizer"": false, ""reset_lora_weights"": false}",-0.9028239944478967,-0.9062957389014108,0.003471744453514004,-0.8740264522423455,-0.032269278856424166,-0.8702714569784783,-0.032552541481269584
day15_banking_private_cau_seed2027_canonical_weight_moments,banking,2027,canonical,conditional,reset_head_weights,"{""reset_head_optimizer"": true, ""reset_lora_optimizer"": false, ""reset_lora_weights"": true}",-0.7895462240491594,-0.786199828687605,-0.003346395361554494,-0.7626768130031261,-0.023523018910334655,-0.7664072586939885,-0.023138920946435614
day15_banking_private_cau_seed2027_canonical_weight_moments,banking,2027,canonical,conditional,reset_head_weights,"{""reset_head_optimizer"": true, ""reset_lora_optimizer"": true, ""reset_lora_weights"": false}",-0.9053496244189503,-0.9062957389014108,0.0009461144824604344,-0.8740264522423455,-0.032269278856424166,-0.8723062260383433,-0.03304342725774744
day15_banking_private_cau_seed2027_canonical_weight_moments,banking,2027,canonical,conditional,reset_head_weights,"{""reset_head_optimizer"": true, ""reset_lora_optimizer"": true, ""reset_lora_weights"": true}",-0.7944469007816943,-0.786199828687605,-0.008247072094089385,-0.7626768130031261,-0.023523018910334655,-0.7709897136295235,-0.023457150668888302
day15_banking_private_cau_seed2027_canonical_weight_moments,banking,2027,canonical,conditional,reset_lora_optimizer,"{""reset_head_optimizer"": false, ""reset_head_weights"": false, ""reset_lora_weights"": false}",0.003115409154158393,0.0,0.003115409154158383,0.0,0.0,0.0024800087028479852,0.0006353948142502437
day15_banking_private_cau_seed2027_canonical_weight_moments,banking,2027,canonical,conditional,reset_lora_optimizer,"{""reset_head_optimizer"": false, ""reset_head_weights"": false, ""reset_lora_weights"": true}",0.005582931146516927,0.0,0.005582931146516908,0.0,0.0,0.005168024868100544,0.00041491160025965027
day15_banking_private_cau_seed2027_canonical_weight_moments,banking,2027,canonical,conditional,reset_lora_optimizer,"{""reset_head_optimizer"": false, ""reset_head_weights"": true, ""reset_lora_weights"": false}",0.00017129379314380396,0.0,0.00017129379314380385,0.0,0.0,0.00011553901892439798,5.576558165497784e-05
day15_banking_private_cau_seed2027_canonical_weight_moments,banking,2027,canonical,conditional,reset_lora_optimizer,"{""reset_head_optimizer"": false, ""reset_head_weights"": true, ""reset_lora_weights"": true}",0.0005353566054459437,0.0,0.0005353566054459494,0.0,0.0,0.00044724790604558443,8.805636521225552e-05
day15_banking_private_cau_seed2027_canonical_weight_moments,banking,2027,canonical,conditional,reset_lora_optimizer,"{""reset_head_optimizer"": true, ""reset_head_weights"": false, ""reset_lora_weights"": false}",0.002526825207930334,0.0,0.002526825207930345,0.0,0.0,0.002092530742123891,0.00043432358857039714
day15_banking_private_cau_seed2027_canonical_weight_moments,banking,2027,canonical,conditional,reset_lora_optimizer,"{""reset_head_optimizer"": true, ""reset_head_weights"": false, ""reset_lora_weights"": true}",0.005424965737940176,0.0,0.005424965737940188,0.0,0.0,0.005040468488420759,0.0003845116594335555
day15_banking_private_cau_seed2027_canonical_weight_moments,banking,2027,canonical,conditional,reset_lora_optimizer,"{""reset_head_optimizer"": true, ""reset_head_weights"": true, ""reset_lora_weights"": false}",1.1952368767736182e-06,0.0,1.195236876775601e-06,0.0,0.0,5.776168225886113e-05,-5.656218790745753e-05
day15_banking_private_cau_seed2027_canonical_weight_moments,banking,2027,canonical,conditional,reset_lora_optimizer,"{""reset_head_optimizer"": true, ""reset_head_weights"": true, ""reset_lora_weights"": true}",0.0005242890054053159,0.0,0.0005242890054052963,0.0,0.0,0.0004580135528858228,6.628193698086728e-05
day15_banking_private_cau_seed2027_canonical_weight_moments,banking,2027,canonical,conditional,reset_lora_weights,"{""reset_head_optimizer"": false, ""reset_head_weights"": false, ""reset_lora_optimizer"": false}",-0.15078104380722884,-0.14266489901385468,-0.008116144793374195,-0.13015458771324423,-0.012510319594498519,-0.13589116169528648,-0.014889912814884403
day15_banking_private_cau_seed2027_canonical_weight_moments,banking,2027,canonical,conditional,reset_lora_weights,"{""reset_head_optimizer"": false, ""reset_head_weights"": false, ""reset_lora_optimizer"": true}",-0.1483135218148703,-0.14266489901385468,-0.0056486228010156694,-0.13015458771324423,-0.012510319594498519,-0.13320314553003393,-0.015110396028874996
day15_banking_private_cau_seed2027_canonical_weight_moments,banking,2027,canonical,conditional,reset_lora_weights,"{""reset_head_optimizer"": false, ""reset_head_weights"": true, ""reset_lora_optimizer"": false}",-0.037525328437050615,-0.02256898880004884,-0.014956339637001798,-0.018804948474024714,-0.003764059648409005,-0.03203222247270437,-0.005493095811906766
day15_banking_private_cau_seed2027_canonical_weight_moments,banking,2027,canonical,conditional,reset_lora_weights,"{""reset_head_optimizer"": false, ""reset_head_weights"": true, ""reset_lora_optimizer"": true}",-0.037161265624748474,-0.02256898880004884,-0.014592276824699654,-0.018804948474024714,-0.003764059648409005,-0.031700513585583186,-0.0054608050283494886
day15_banking_private_cau_seed2027_canonical_weight_moments,banking,2027,canonical,conditional,reset_lora_weights,"{""reset_head_optimizer"": true, ""reset_head_weights"": false, ""reset_lora_optimizer"": false}",-0.15208415644509451,-0.14266489901385468,-0.009419257431239877,-0.13015458771324423,-0.012510319594498519,-0.13787459149792955,-0.014209569286514113
day15_banking_private_cau_seed2027_canonical_weight_moments,banking,2027,canonical,conditional,reset_lora_weights,"{""reset_head_optimizer"": true, ""reset_head_weights"": false, ""reset_lora_optimizer"": true}",-0.14918601591508468,-0.14266489901385468,-0.006521116901230035,-0.13015458771324423,-0.012510319594498519,-0.13492665375163268,-0.014259381215650953
day15_banking_private_cau_seed2027_canonical_weight_moments,banking,2027,canonical,conditional,reset_lora_weights,"{""reset_head_optimizer"": true, ""reset_head_weights"": true, ""reset_lora_optimizer"": false}",-0.03880638604635721,-0.02256898880004884,-0.016237397246308374,-0.018804948474024714,-0.003764059648409005,-0.034010393213439793,-0.004795948751680143
day15_banking_private_cau_seed2027_canonical_weight_moments,banking,2027,canonical,conditional,reset_lora_weights,"{""reset_head_optimizer"": true, ""reset_head_weights"": true, ""reset_lora_optimizer"": true}",-0.038283292277828666,-0.02256898880004884,-0.015714303477779856,-0.018804948474024714,-0.003764059648409005,-0.03361014134281282,-0.004673104626791818
day15_banking_private_cau_seed2027_canonical_weight_moments,banking,2027,canonical,interaction,reset_head_weights x reset_head_optimizer,marginal_over_other_factors,0.0021573661447881515,-1.9032394707859827e-17,0.0021573661447881324,6.443258625056712e-18,-1.2688263138573217e-17,0.0018780740499905822,0.0002793074636668891
day15_banking_private_cau_seed2027_canonical_weight_moments,banking,2027,canonical,interaction,reset_head_weights x reset_lora_optimizer,marginal_over_other_factors,-0.0038544991514184936,-1.9032394707859827e-17,-0.003854499151418499,6.443258625056712e-18,-1.2688263138573217e-17,-0.003425617660344625,-0.00042889999164329927
day15_banking_private_cau_seed2027_canonical_weight_moments,banking,2027,canonical,interaction,reset_lora_optimizer x reset_head_optimizer,marginal_over_other_factors,-0.00023192887777811555,0.0,-0.00023192887777811027,0.0,0.0,-0.00014051150755729002,-9.139334107494441e-05
day15_banking_private_cau_seed2027_canonical_weight_moments,banking,2027,canonical,interaction,reset_lora_weights x reset_head_optimizer,marginal_over_other_factors,-0.0011446727501167042,-3.172065784643304e-17,-0.0011446727501167077,3.667701063493821e-18,-1.2688263138573217e-17,-0.0018986841305517234,0.0007540514508446569
day15_banking_private_cau_seed2027_canonical_weight_moments,banking,2027,canonical,interaction,reset_lora_weights x reset_head_weights,marginal_over_other_factors,0.11214711639907335,0.12009591021380582,-0.007948793814732477,0.11134963923921952,0.008746259946089508,0.1026355704650856,0.009511576281799074
day15_banking_private_cau_seed2027_canonical_weight_moments,banking,2027,canonical,interaction,reset_lora_weights x reset_lora_optimizer,marginal_over_other_factors,0.0015632047757997616,-3.172065784643304e-17,0.0015632047757997579,3.667701063493821e-18,-1.2688263138573217e-17,0.0015919786673244051,-2.879005867045497e-05
day15_amazon_private_cau_seed2027_canonical_weight_moments,amazon,2027,canonical,marginal,reset_head_optimizer,average_over_all_other_factors,0.001060276613938377,0.0,0.0010602766139383895,0.0,0.0,0.0,0.001060275388513937
day15_amazon_private_cau_seed2027_canonical_weight_moments,amazon,2027,canonical,marginal,reset_head_weights,average_over_all_other_factors,-0.15277220743499992,-0.15722379605530906,0.0044515886203091715,0.0,-0.15722379497693556,0.0,-0.1527722075697966
day15_amazon_private_cau_seed2027_canonical_weight_moments,amazon,2027,canonical,marginal,reset_lora_optimizer,average_over_all_other_factors,-0.0001366732145757659,0.0,-0.00013667321457576408,0.0,0.0,0.0,-0.0001366750956022821
day15_amazon_private_cau_seed2027_canonical_weight_moments,amazon,2027,canonical,marginal,reset_lora_weights,average_over_all_other_factors,-0.06174495476481848,-0.0609751109180874,-0.0007698438467310825,0.0,-0.06097510983971389,0.0,-0.06174495553683588
day15_banking_private_cau_seed2027_canonical_weight_moments,banking,2027,canonical,marginal,reset_head_optimizer,average_over_all_other_factors,-0.0007115183295784374,0.0,-0.0007115183295784425,0.0,0.0,-0.0007679656685258365,5.6453507680161375e-05
day15_banking_private_cau_seed2027_canonical_weight_moments,banking,2027,canonical,marginal,reset_head_weights,average_over_all_other_factors,-0.8491203689968193,-0.8462477837945079,-0.0028725852023114267,-0.8183516326227358,-0.02789614888337941,-0.8209327008600786,-0.028187663820418686
day15_banking_private_cau_seed2027_canonical_weight_moments,banking,2027,canonical,marginal,reset_lora_optimizer,average_over_all_other_factors,0.0022352832359272086,0.0,0.0022352832359272064,0.0,0.0,0.001982449370200981,0.0002528354198068112
day15_banking_private_cau_seed2027_canonical_weight_moments,banking,2027,canonical,marginal,reset_lora_weights,average_over_all_other_factors,-0.09401762629603291,-0.08261694390695176,-0.011400682389081183,-0.07447976809363448,-0.008137189621453761,-0.08415610288617785,-0.009861526695581584
