run,regime,seed,steps,updates,adapters,checks
day5_amazon_head_only_cau_seed2026,amazon,2026,80,80,1,PASS
day5_amazon_private_cau_seed2026,amazon,2026,80,79,1,PASS
day5_amazon_private_single_seed2026,amazon,2026,80,80,1,PASS
day5_amazon_shared_cau_seed2026,amazon,2026,80,79,1,PASS
day5_banking_head_only_cau_seed2026,banking,2026,80,80,3,PASS
day5_banking_private_cau_seed2026,banking,2026,80,80,3,PASS
day5_banking_private_single_seed2026,banking,2026,80,80,1,PASS
day5_banking_shared_cau_seed2026,banking,2026,80,58,2,PASS
day6_amazon_head_only_cau_seed2027_b_first,amazon,2027,80,73,1,PASS
day6_amazon_head_only_cau_seed2027_canonical,amazon,2027,80,80,1,PASS
day6_amazon_head_only_cau_seed2028_b_first,amazon,2028,80,79,1,PASS
day6_amazon_head_only_cau_seed2028_canonical,amazon,2028,80,66,1,PASS
day6_amazon_head_only_cau_seed2029_b_first,amazon,2029,80,73,1,PASS
day6_amazon_head_only_cau_seed2029_canonical,amazon,2029,80,63,1,PASS
day6_amazon_head_only_cau_seed2030_b_first,amazon,2030,80,79,1,PASS
day6_amazon_head_only_cau_seed2030_canonical,amazon,2030,80,72,1,PASS
day6_amazon_head_only_cau_seed2031_b_first,amazon,2031,80,63,1,PASS
day6_amazon_head_only_cau_seed2031_canonical,amazon,2031,80,78,1,PASS
day6_amazon_head_only_single_seed2027_b_first,amazon,2027,80,80,1,PASS
day6_amazon_head_only_single_seed2027_canonical,amazon,2027,80,80,1,PASS
day6_amazon_head_only_single_seed2028_b_first,amazon,2028,80,80,1,PASS
day6_amazon_head_only_single_seed2028_canonical,amazon,2028,80,80,1,PASS
day6_amazon_head_only_single_seed2029_b_first,amazon,2029,80,80,1,PASS
day6_amazon_head_only_single_seed2029_canonical,amazon,2029,80,80,1,PASS
day6_amazon_head_only_single_seed2030_b_first,amazon,2030,80,80,1,PASS
day6_amazon_head_only_single_seed2030_canonical,amazon,2030,80,80,1,PASS
day6_amazon_head_only_single_seed2031_b_first,amazon,2031,80,80,1,PASS
day6_amazon_head_only_single_seed2031_canonical,amazon,2031,80,80,1,PASS
day6_amazon_private_cau_seed2027_b_first,amazon,2027,80,77,1,PASS
day6_amazon_private_cau_seed2027_canonical,amazon,2027,80,72,1,PASS
day6_amazon_private_cau_seed2028_b_first,amazon,2028,80,69,1,PASS
day6_amazon_private_cau_seed2028_canonical,amazon,2028,80,57,1,PASS
day6_amazon_private_cau_seed2029_b_first,amazon,2029,80,80,1,PASS
day6_amazon_private_cau_seed2029_canonical,amazon,2029,80,75,2,PASS
day6_amazon_private_cau_seed2030_b_first,amazon,2030,80,77,1,PASS
day6_amazon_private_cau_seed2030_canonical,amazon,2030,80,53,1,PASS
day6_amazon_private_cau_seed2031_b_first,amazon,2031,80,51,1,PASS
day6_amazon_private_cau_seed2031_canonical,amazon,2031,80,74,1,PASS
day6_amazon_private_single_seed2027_b_first,amazon,2027,80,80,1,PASS
day6_amazon_private_single_seed2027_canonical,amazon,2027,80,80,1,PASS
day6_amazon_private_single_seed2028_b_first,amazon,2028,80,80,1,PASS
day6_amazon_private_single_seed2028_canonical,amazon,2028,80,80,1,PASS
day6_amazon_private_single_seed2029_b_first,amazon,2029,80,80,1,PASS
day6_amazon_private_single_seed2029_canonical,amazon,2029,80,80,1,PASS
day6_amazon_private_single_seed2030_b_first,amazon,2030,80,80,1,PASS
day6_amazon_private_single_seed2030_canonical,amazon,2030,80,80,1,PASS
day6_amazon_private_single_seed2031_b_first,amazon,2031,80,80,1,PASS
day6_amazon_private_single_seed2031_canonical,amazon,2031,80,80,1,PASS
day6_banking_head_only_cau_seed2027_b_first,banking,2027,80,80,3,PASS
day6_banking_head_only_cau_seed2027_canonical,banking,2027,80,80,3,PASS
day6_banking_head_only_cau_seed2028_b_first,banking,2028,80,80,3,PASS
day6_banking_head_only_cau_seed2028_canonical,banking,2028,80,80,3,PASS
day6_banking_head_only_cau_seed2029_b_first,banking,2029,80,80,3,PASS
day6_banking_head_only_cau_seed2029_canonical,banking,2029,80,80,3,PASS
day6_banking_head_only_cau_seed2030_b_first,banking,2030,80,80,3,PASS
day6_banking_head_only_cau_seed2030_canonical,banking,2030,80,80,3,PASS
day6_banking_head_only_cau_seed2031_b_first,banking,2031,80,80,3,PASS
day6_banking_head_only_cau_seed2031_canonical,banking,2031,80,80,3,PASS
day6_banking_head_only_single_seed2027_b_first,banking,2027,80,80,1,PASS
day6_banking_head_only_single_seed2027_canonical,banking,2027,80,80,1,PASS
day6_banking_head_only_single_seed2028_b_first,banking,2028,80,80,1,PASS
day6_banking_head_only_single_seed2028_canonical,banking,2028,80,80,1,PASS
day6_banking_head_only_single_seed2029_b_first,banking,2029,80,80,1,PASS
day6_banking_head_only_single_seed2029_canonical,banking,2029,80,80,1,PASS
day6_banking_head_only_single_seed2030_b_first,banking,2030,80,80,1,PASS
day6_banking_head_only_single_seed2030_canonical,banking,2030,80,80,1,PASS
day6_banking_head_only_single_seed2031_b_first,banking,2031,80,80,1,PASS
day6_banking_head_only_single_seed2031_canonical,banking,2031,80,80,1,PASS
day6_banking_private_cau_seed2027_b_first,banking,2027,80,80,3,PASS
day6_banking_private_cau_seed2027_canonical,banking,2027,80,80,3,PASS
day6_banking_private_cau_seed2028_b_first,banking,2028,80,80,3,PASS
day6_banking_private_cau_seed2028_canonical,banking,2028,80,80,3,PASS
day6_banking_private_cau_seed2029_b_first,banking,2029,80,80,3,PASS
day6_banking_private_cau_seed2029_canonical,banking,2029,80,80,3,PASS
day6_banking_private_cau_seed2030_b_first,banking,2030,80,80,3,PASS
day6_banking_private_cau_seed2030_canonical,banking,2030,80,80,3,PASS
day6_banking_private_cau_seed2031_b_first,banking,2031,80,80,3,PASS
day6_banking_private_cau_seed2031_canonical,banking,2031,80,80,3,PASS
day6_banking_private_single_seed2027_b_first,banking,2027,80,80,1,PASS
day6_banking_private_single_seed2027_canonical,banking,2027,80,80,1,PASS
day6_banking_private_single_seed2028_b_first,banking,2028,80,80,1,PASS
day6_banking_private_single_seed2028_canonical,banking,2028,80,80,1,PASS
day6_banking_private_single_seed2029_b_first,banking,2029,80,80,1,PASS
day6_banking_private_single_seed2029_canonical,banking,2029,80,80,1,PASS
day6_banking_private_single_seed2030_b_first,banking,2030,80,80,1,PASS
day6_banking_private_single_seed2030_canonical,banking,2030,80,80,1,PASS
day6_banking_private_single_seed2031_b_first,banking,2031,80,80,1,PASS
day6_banking_private_single_seed2031_canonical,banking,2031,80,80,1,PASS
day7_multinli_head_only_cau_seed2026_blurry,multinli,2026,90,90,4,PASS
day7_multinli_head_only_cau_seed2026_sharp,multinli,2026,90,90,3,PASS
day7_multinli_head_only_cau_seed2027_blurry,multinli,2027,90,90,5,PASS
day7_multinli_head_only_cau_seed2027_sharp,multinli,2027,90,90,5,PASS
day7_multinli_head_only_cau_seed2028_blurry,multinli,2028,90,90,3,PASS
day7_multinli_head_only_cau_seed2028_sharp,multinli,2028,90,90,4,PASS
day7_multinli_head_only_single_seed2026_blurry,multinli,2026,90,90,1,PASS
day7_multinli_head_only_single_seed2026_sharp,multinli,2026,90,90,1,PASS
day7_multinli_head_only_single_seed2027_blurry,multinli,2027,90,90,1,PASS
day7_multinli_head_only_single_seed2027_sharp,multinli,2027,90,90,1,PASS
day7_multinli_head_only_single_seed2028_blurry,multinli,2028,90,90,1,PASS
day7_multinli_head_only_single_seed2028_sharp,multinli,2028,90,90,1,PASS
day7_multinli_private_cau_seed2026_blurry,multinli,2026,90,90,3,PASS
day7_multinli_private_cau_seed2026_sharp,multinli,2026,90,90,3,PASS
day7_multinli_private_cau_seed2027_blurry,multinli,2027,90,90,5,PASS
day7_multinli_private_cau_seed2027_sharp,multinli,2027,90,90,5,PASS
day7_multinli_private_cau_seed2028_blurry,multinli,2028,90,90,3,PASS
day7_multinli_private_cau_seed2028_sharp,multinli,2028,90,90,4,PASS
day7_multinli_private_single_seed2026_blurry,multinli,2026,90,90,1,PASS
day7_multinli_private_single_seed2026_sharp,multinli,2026,90,90,1,PASS
day7_multinli_private_single_seed2027_blurry,multinli,2027,90,90,1,PASS
day7_multinli_private_single_seed2027_sharp,multinli,2027,90,90,1,PASS
day7_multinli_private_single_seed2028_blurry,multinli,2028,90,90,1,PASS
day7_multinli_private_single_seed2028_sharp,multinli,2028,90,90,1,PASS
day8_amazon_head_only_cau_seed2026_canonical_fixed512,amazon,2026,80,80,1,PASS
day8_amazon_head_only_cau_seed2027_b_first_fixed512,amazon,2027,80,73,1,PASS
day8_amazon_head_only_cau_seed2027_canonical_fixed512,amazon,2027,80,80,1,PASS
day8_amazon_head_only_cau_seed2028_b_first_fixed512,amazon,2028,80,79,1,PASS
day8_amazon_head_only_cau_seed2028_canonical_fixed512,amazon,2028,80,66,1,PASS
day8_amazon_head_only_cau_seed2029_b_first_fixed512,amazon,2029,80,73,1,PASS
day8_amazon_head_only_cau_seed2029_canonical_fixed512,amazon,2029,80,63,1,PASS
day8_amazon_head_only_cau_seed2030_b_first_fixed512,amazon,2030,80,79,1,PASS
day8_amazon_head_only_cau_seed2030_canonical_fixed512,amazon,2030,80,72,1,PASS
day8_amazon_head_only_cau_seed2031_b_first_fixed512,amazon,2031,80,63,1,PASS
day8_amazon_head_only_cau_seed2031_canonical_fixed512,amazon,2031,80,78,1,PASS
day8_amazon_private_cau_seed2026_canonical_fixed512,amazon,2026,80,79,1,PASS
day8_amazon_private_cau_seed2027_b_first_fixed512,amazon,2027,80,77,1,PASS
day8_amazon_private_cau_seed2027_canonical_fixed512,amazon,2027,80,72,1,PASS
day8_amazon_private_cau_seed2028_b_first_fixed512,amazon,2028,80,69,1,PASS
day8_amazon_private_cau_seed2028_canonical_fixed512,amazon,2028,80,57,1,PASS
day8_amazon_private_cau_seed2029_b_first_fixed512,amazon,2029,80,80,1,PASS
day8_amazon_private_cau_seed2029_canonical_fixed512,amazon,2029,80,75,2,PASS
day8_amazon_private_cau_seed2030_b_first_fixed512,amazon,2030,80,77,1,PASS
day8_amazon_private_cau_seed2030_canonical_fixed512,amazon,2030,80,53,1,PASS
day8_amazon_private_cau_seed2031_b_first_fixed512,amazon,2031,80,51,1,PASS
day8_amazon_private_cau_seed2031_canonical_fixed512,amazon,2031,80,74,1,PASS
day8_banking_head_only_cau_seed2026_canonical_fixed512,banking,2026,80,80,3,PASS
day8_banking_head_only_cau_seed2027_b_first_fixed512,banking,2027,80,80,3,PASS
day8_banking_head_only_cau_seed2027_canonical_fixed512,banking,2027,80,80,3,PASS
day8_banking_head_only_cau_seed2028_b_first_fixed512,banking,2028,80,80,3,PASS
day8_banking_head_only_cau_seed2028_canonical_fixed512,banking,2028,80,80,3,PASS
day8_banking_head_only_cau_seed2029_b_first_fixed512,banking,2029,80,80,3,PASS
day8_banking_head_only_cau_seed2029_canonical_fixed512,banking,2029,80,80,3,PASS
day8_banking_head_only_cau_seed2030_b_first_fixed512,banking,2030,80,80,3,PASS
day8_banking_head_only_cau_seed2030_canonical_fixed512,banking,2030,80,80,3,PASS
day8_banking_head_only_cau_seed2031_b_first_fixed512,banking,2031,80,80,3,PASS
day8_banking_head_only_cau_seed2031_canonical_fixed512,banking,2031,80,80,3,PASS
day8_banking_private_cau_seed2026_canonical_fixed512,banking,2026,80,80,3,PASS
day8_banking_private_cau_seed2027_b_first_fixed512,banking,2027,80,80,3,PASS
day8_banking_private_cau_seed2027_canonical_fixed512,banking,2027,80,80,3,PASS
day8_banking_private_cau_seed2028_b_first_fixed512,banking,2028,80,80,3,PASS
day8_banking_private_cau_seed2028_canonical_fixed512,banking,2028,80,80,3,PASS
day8_banking_private_cau_seed2029_b_first_fixed512,banking,2029,80,80,3,PASS
day8_banking_private_cau_seed2029_canonical_fixed512,banking,2029,80,80,3,PASS
day8_banking_private_cau_seed2030_b_first_fixed512,banking,2030,80,80,3,PASS
day8_banking_private_cau_seed2030_canonical_fixed512,banking,2030,80,80,3,PASS
day8_banking_private_cau_seed2031_b_first_fixed512,banking,2031,80,80,3,PASS
day8_banking_private_cau_seed2031_canonical_fixed512,banking,2031,80,80,3,PASS
day10_amazon_head_only_cau_seed2026_canonical_initial_loss,amazon,2026,80,80,1,PASS
day10_amazon_head_only_cau_seed2027_canonical_initial_loss,amazon,2027,80,80,1,PASS
day10_amazon_head_only_cau_seed2028_canonical_initial_loss,amazon,2028,80,80,2,PASS
day10_amazon_private_cau_seed2026_canonical_initial_loss,amazon,2026,80,79,1,PASS
day10_amazon_private_cau_seed2027_canonical_initial_loss,amazon,2027,80,72,1,PASS
day10_amazon_private_cau_seed2028_canonical_initial_loss,amazon,2028,80,80,2,PASS
day10_banking_head_only_cau_seed2026_canonical_initial_loss,banking,2026,80,80,3,PASS
day10_banking_head_only_cau_seed2027_canonical_initial_loss,banking,2027,80,80,3,PASS
day10_banking_head_only_cau_seed2028_canonical_initial_loss,banking,2028,80,80,3,PASS
day10_banking_private_cau_seed2026_canonical_initial_loss,banking,2026,80,80,3,PASS
day10_banking_private_cau_seed2027_canonical_initial_loss,banking,2027,80,80,3,PASS
day10_banking_private_cau_seed2028_canonical_initial_loss,banking,2028,80,80,3,PASS
day12_banking_private_single_rank96_seed2026_canonical,banking,2026,80,80,1,PASS
day12_banking_private_single_rank96_seed2027_b_first,banking,2027,80,80,1,PASS
day12_banking_private_single_rank96_seed2027_canonical,banking,2027,80,80,1,PASS
day12_banking_private_single_rank96_seed2028_b_first,banking,2028,80,80,1,PASS
day12_banking_private_single_rank96_seed2028_canonical,banking,2028,80,80,1,PASS
day12_banking_private_single_rank96_seed2029_b_first,banking,2029,80,80,1,PASS
day12_banking_private_single_rank96_seed2029_canonical,banking,2029,80,80,1,PASS
day12_banking_private_single_rank96_seed2030_b_first,banking,2030,80,80,1,PASS
day12_banking_private_single_rank96_seed2030_canonical,banking,2030,80,80,1,PASS
day12_banking_private_single_rank96_seed2031_b_first,banking,2031,80,80,1,PASS
day12_banking_private_single_rank96_seed2031_canonical,banking,2031,80,80,1,PASS
