regime,seed,order,method,run,rule,concept,first_exposure_checkpoint,first_exposure_accuracy,final_accuracy,maximum_seen_accuracy,maximum_seen_checkpoint_drop,final_minus_first_exposure
banking,2027,canonical,adaptive,day8_banking_private_cau_seed2027_canonical_fixed512,frozen_centroid,A,16,0.0515463917525773,0.1099656357388316,0.1305841924398625,0.020618556701030896,0.058419243986254296
banking,2027,canonical,adaptive,day8_banking_private_cau_seed2027_canonical_fixed512,frozen_centroid,B,32,0.1387096774193548,0.232258064516129,0.232258064516129,0.0,0.09354838709677418
banking,2027,canonical,adaptive,day8_banking_private_cau_seed2027_canonical_fixed512,frozen_centroid,C,64,0.1391941391941392,0.1355311355311355,0.1391941391941392,0.0036630036630037055,-0.0036630036630037055
banking,2027,canonical,adaptive,day8_banking_private_cau_seed2027_canonical_fixed512,last_active,A,16,0.0515463917525773,0.0,0.2199312714776632,0.2199312714776632,-0.0515463917525773
banking,2027,canonical,adaptive,day8_banking_private_cau_seed2027_canonical_fixed512,last_active,B,32,0.2064516129032258,0.4387096774193548,0.4387096774193548,0.0,0.232258064516129
banking,2027,canonical,adaptive,day8_banking_private_cau_seed2027_canonical_fixed512,last_active,C,64,0.2967032967032967,0.0,0.2967032967032967,0.2967032967032967,-0.2967032967032967
banking,2027,canonical,adaptive,day8_banking_private_cau_seed2027_canonical_fixed512,uniform_probability,A,16,0.0515463917525773,0.2096219931271477,0.2096219931271477,0.0,0.15807560137457038
banking,2027,canonical,adaptive,day8_banking_private_cau_seed2027_canonical_fixed512,uniform_probability,B,32,0.0,0.0483870967741935,0.0483870967741935,0.0,0.0483870967741935
banking,2027,canonical,adaptive,day8_banking_private_cau_seed2027_canonical_fixed512,uniform_probability,C,64,0.0,0.0,0.0,0.0,0.0
banking,2027,canonical,static_rank8_frozen,day6_banking_private_single_seed2027_canonical,frozen_centroid,A,16,0.0515463917525773,0.3780068728522336,0.5189003436426117,0.14089347079037812,0.3264604810996563
banking,2027,canonical,static_rank8_frozen,day6_banking_private_single_seed2027_canonical,frozen_centroid,B,32,0.0,0.2612903225806451,0.2612903225806451,0.0,0.2612903225806451
banking,2027,canonical,static_rank8_frozen,day6_banking_private_single_seed2027_canonical,frozen_centroid,C,64,0.0,0.0,0.0,0.0,0.0
banking,2027,canonical,static_rank8_frozen,day6_banking_private_single_seed2027_canonical,last_active,A,16,0.0515463917525773,0.3780068728522336,0.5189003436426117,0.14089347079037812,0.3264604810996563
banking,2027,canonical,static_rank8_frozen,day6_banking_private_single_seed2027_canonical,last_active,B,32,0.0,0.2612903225806451,0.2612903225806451,0.0,0.2612903225806451
banking,2027,canonical,static_rank8_frozen,day6_banking_private_single_seed2027_canonical,last_active,C,64,0.0,0.0,0.0,0.0,0.0
banking,2027,canonical,static_rank8_frozen,day6_banking_private_single_seed2027_canonical,uniform_probability,A,16,0.0515463917525773,0.3780068728522336,0.5189003436426117,0.14089347079037812,0.3264604810996563
banking,2027,canonical,static_rank8_frozen,day6_banking_private_single_seed2027_canonical,uniform_probability,B,32,0.0,0.2612903225806451,0.2612903225806451,0.0,0.2612903225806451
banking,2027,canonical,static_rank8_frozen,day6_banking_private_single_seed2027_canonical,uniform_probability,C,64,0.0,0.0,0.0,0.0,0.0
banking,2027,canonical,static_rank8_tuned,day17_confirm_rank8_lr200_seed2027_canonical,frozen_centroid,A,16,0.0515463917525773,0.3780068728522336,0.5189003436426117,0.14089347079037812,0.3264604810996563
banking,2027,canonical,static_rank8_tuned,day17_confirm_rank8_lr200_seed2027_canonical,frozen_centroid,B,32,0.0,0.2612903225806451,0.2612903225806451,0.0,0.2612903225806451
banking,2027,canonical,static_rank8_tuned,day17_confirm_rank8_lr200_seed2027_canonical,frozen_centroid,C,64,0.0,0.0,0.0,0.0,0.0
banking,2027,canonical,static_rank8_tuned,day17_confirm_rank8_lr200_seed2027_canonical,last_active,A,16,0.0515463917525773,0.3780068728522336,0.5189003436426117,0.14089347079037812,0.3264604810996563
banking,2027,canonical,static_rank8_tuned,day17_confirm_rank8_lr200_seed2027_canonical,last_active,B,32,0.0,0.2612903225806451,0.2612903225806451,0.0,0.2612903225806451
banking,2027,canonical,static_rank8_tuned,day17_confirm_rank8_lr200_seed2027_canonical,last_active,C,64,0.0,0.0,0.0,0.0,0.0
banking,2027,canonical,static_rank8_tuned,day17_confirm_rank8_lr200_seed2027_canonical,uniform_probability,A,16,0.0515463917525773,0.3780068728522336,0.5189003436426117,0.14089347079037812,0.3264604810996563
banking,2027,canonical,static_rank8_tuned,day17_confirm_rank8_lr200_seed2027_canonical,uniform_probability,B,32,0.0,0.2612903225806451,0.2612903225806451,0.0,0.2612903225806451
banking,2027,canonical,static_rank8_tuned,day17_confirm_rank8_lr200_seed2027_canonical,uniform_probability,C,64,0.0,0.0,0.0,0.0,0.0
banking,2027,canonical,static_rank96_tuned,day17_confirm_rank96_lr100_seed2027_canonical,frozen_centroid,A,16,0.0412371134020618,0.281786941580756,0.3917525773195876,0.10996563573883161,0.24054982817869422
banking,2027,canonical,static_rank96_tuned,day17_confirm_rank96_lr100_seed2027_canonical,frozen_centroid,B,32,0.1129032258064516,0.2096774193548387,0.2096774193548387,0.0,0.0967741935483871
banking,2027,canonical,static_rank96_tuned,day17_confirm_rank96_lr100_seed2027_canonical,frozen_centroid,C,64,0.0,0.0,0.0,0.0,0.0
banking,2027,canonical,static_rank96_tuned,day17_confirm_rank96_lr100_seed2027_canonical,last_active,A,16,0.0412371134020618,0.281786941580756,0.3917525773195876,0.10996563573883161,0.24054982817869422
banking,2027,canonical,static_rank96_tuned,day17_confirm_rank96_lr100_seed2027_canonical,last_active,B,32,0.1129032258064516,0.2096774193548387,0.2096774193548387,0.0,0.0967741935483871
banking,2027,canonical,static_rank96_tuned,day17_confirm_rank96_lr100_seed2027_canonical,last_active,C,64,0.0,0.0,0.0,0.0,0.0
banking,2027,canonical,static_rank96_tuned,day17_confirm_rank96_lr100_seed2027_canonical,uniform_probability,A,16,0.0412371134020618,0.281786941580756,0.3917525773195876,0.10996563573883161,0.24054982817869422
banking,2027,canonical,static_rank96_tuned,day17_confirm_rank96_lr100_seed2027_canonical,uniform_probability,B,32,0.1129032258064516,0.2096774193548387,0.2096774193548387,0.0,0.0967741935483871
banking,2027,canonical,static_rank96_tuned,day17_confirm_rank96_lr100_seed2027_canonical,uniform_probability,C,64,0.0,0.0,0.0,0.0,0.0
banking,2027,b_first,adaptive,day8_banking_private_cau_seed2027_b_first_fixed512,frozen_centroid,A,32,0.0343642611683848,0.1134020618556701,0.1134020618556701,0.0,0.0790378006872853
banking,2027,b_first,adaptive,day8_banking_private_cau_seed2027_b_first_fixed512,frozen_centroid,B,16,0.1612903225806451,0.1483870967741935,0.1903225806451612,0.04193548387096768,-0.01290322580645159
banking,2027,b_first,adaptive,day8_banking_private_cau_seed2027_b_first_fixed512,frozen_centroid,C,64,0.1611721611721611,0.1978021978021978,0.1978021978021978,0.0,0.036630036630036694
banking,2027,b_first,adaptive,day8_banking_private_cau_seed2027_b_first_fixed512,last_active,A,32,0.0412371134020618,0.1924398625429553,0.1924398625429553,0.0,0.15120274914089352
banking,2027,b_first,adaptive,day8_banking_private_cau_seed2027_b_first_fixed512,last_active,B,16,0.1612903225806451,0.0,0.2516129032258064,0.2516129032258064,-0.1612903225806451
banking,2027,b_first,adaptive,day8_banking_private_cau_seed2027_b_first_fixed512,last_active,C,64,0.358974358974359,0.0,0.358974358974359,0.358974358974359,-0.358974358974359
banking,2027,b_first,adaptive,day8_banking_private_cau_seed2027_b_first_fixed512,uniform_probability,A,32,0.0412371134020618,0.1752577319587628,0.1752577319587628,0.0,0.134020618556701
banking,2027,b_first,adaptive,day8_banking_private_cau_seed2027_b_first_fixed512,uniform_probability,B,16,0.1612903225806451,0.0580645161290322,0.2451612903225806,0.18709677419354842,-0.1032258064516129
banking,2027,b_first,adaptive,day8_banking_private_cau_seed2027_b_first_fixed512,uniform_probability,C,64,0.0,0.0,0.0,0.0,0.0
banking,2027,b_first,static_rank8_frozen,day6_banking_private_single_seed2027_b_first,frozen_centroid,A,32,0.0,0.1924398625429553,0.1924398625429553,0.0,0.1924398625429553
banking,2027,b_first,static_rank8_frozen,day6_banking_private_single_seed2027_b_first,frozen_centroid,B,16,0.1612903225806451,0.1483870967741935,0.4032258064516129,0.2548387096774194,-0.01290322580645159
banking,2027,b_first,static_rank8_frozen,day6_banking_private_single_seed2027_b_first,frozen_centroid,C,64,0.0,0.0,0.0,0.0,0.0
banking,2027,b_first,static_rank8_frozen,day6_banking_private_single_seed2027_b_first,last_active,A,32,0.0,0.1924398625429553,0.1924398625429553,0.0,0.1924398625429553
banking,2027,b_first,static_rank8_frozen,day6_banking_private_single_seed2027_b_first,last_active,B,16,0.1612903225806451,0.1483870967741935,0.4032258064516129,0.2548387096774194,-0.01290322580645159
banking,2027,b_first,static_rank8_frozen,day6_banking_private_single_seed2027_b_first,last_active,C,64,0.0,0.0,0.0,0.0,0.0
banking,2027,b_first,static_rank8_frozen,day6_banking_private_single_seed2027_b_first,uniform_probability,A,32,0.0,0.1924398625429553,0.1924398625429553,0.0,0.1924398625429553
banking,2027,b_first,static_rank8_frozen,day6_banking_private_single_seed2027_b_first,uniform_probability,B,16,0.1612903225806451,0.1483870967741935,0.4032258064516129,0.2548387096774194,-0.01290322580645159
banking,2027,b_first,static_rank8_frozen,day6_banking_private_single_seed2027_b_first,uniform_probability,C,64,0.0,0.0,0.0,0.0,0.0
banking,2027,b_first,static_rank8_tuned,day17_confirm_rank8_lr200_seed2027_b_first,frozen_centroid,A,32,0.0,0.1924398625429553,0.1924398625429553,0.0,0.1924398625429553
banking,2027,b_first,static_rank8_tuned,day17_confirm_rank8_lr200_seed2027_b_first,frozen_centroid,B,16,0.1612903225806451,0.1483870967741935,0.4032258064516129,0.2548387096774194,-0.01290322580645159
banking,2027,b_first,static_rank8_tuned,day17_confirm_rank8_lr200_seed2027_b_first,frozen_centroid,C,64,0.0,0.0,0.0,0.0,0.0
banking,2027,b_first,static_rank8_tuned,day17_confirm_rank8_lr200_seed2027_b_first,last_active,A,32,0.0,0.1924398625429553,0.1924398625429553,0.0,0.1924398625429553
banking,2027,b_first,static_rank8_tuned,day17_confirm_rank8_lr200_seed2027_b_first,last_active,B,16,0.1612903225806451,0.1483870967741935,0.4032258064516129,0.2548387096774194,-0.01290322580645159
banking,2027,b_first,static_rank8_tuned,day17_confirm_rank8_lr200_seed2027_b_first,last_active,C,64,0.0,0.0,0.0,0.0,0.0
banking,2027,b_first,static_rank8_tuned,day17_confirm_rank8_lr200_seed2027_b_first,uniform_probability,A,32,0.0,0.1924398625429553,0.1924398625429553,0.0,0.1924398625429553
banking,2027,b_first,static_rank8_tuned,day17_confirm_rank8_lr200_seed2027_b_first,uniform_probability,B,16,0.1612903225806451,0.1483870967741935,0.4032258064516129,0.2548387096774194,-0.01290322580645159
banking,2027,b_first,static_rank8_tuned,day17_confirm_rank8_lr200_seed2027_b_first,uniform_probability,C,64,0.0,0.0,0.0,0.0,0.0
banking,2027,b_first,static_rank96_tuned,day17_confirm_rank96_lr100_seed2027_b_first,frozen_centroid,A,32,0.0412371134020618,0.0,0.0412371134020618,0.0412371134020618,-0.0412371134020618
banking,2027,b_first,static_rank96_tuned,day17_confirm_rank96_lr100_seed2027_b_first,frozen_centroid,B,16,0.2258064516129032,0.1870967741935484,0.2612903225806451,0.07419354838709671,-0.0387096774193548
banking,2027,b_first,static_rank96_tuned,day17_confirm_rank96_lr100_seed2027_b_first,frozen_centroid,C,64,0.0,0.0,0.0,0.0,0.0
banking,2027,b_first,static_rank96_tuned,day17_confirm_rank96_lr100_seed2027_b_first,last_active,A,32,0.0412371134020618,0.0,0.0412371134020618,0.0412371134020618,-0.0412371134020618
banking,2027,b_first,static_rank96_tuned,day17_confirm_rank96_lr100_seed2027_b_first,last_active,B,16,0.2258064516129032,0.1870967741935484,0.2612903225806451,0.07419354838709671,-0.0387096774193548
banking,2027,b_first,static_rank96_tuned,day17_confirm_rank96_lr100_seed2027_b_first,last_active,C,64,0.0,0.0,0.0,0.0,0.0
banking,2027,b_first,static_rank96_tuned,day17_confirm_rank96_lr100_seed2027_b_first,uniform_probability,A,32,0.0412371134020618,0.0,0.0412371134020618,0.0412371134020618,-0.0412371134020618
banking,2027,b_first,static_rank96_tuned,day17_confirm_rank96_lr100_seed2027_b_first,uniform_probability,B,16,0.2258064516129032,0.1870967741935484,0.2612903225806451,0.07419354838709671,-0.0387096774193548
banking,2027,b_first,static_rank96_tuned,day17_confirm_rank96_lr100_seed2027_b_first,uniform_probability,C,64,0.0,0.0,0.0,0.0,0.0
banking,2028,canonical,adaptive,day8_banking_private_cau_seed2028_canonical_fixed512,frozen_centroid,A,16,0.2920962199312715,0.2096219931271477,0.2920962199312715,0.0824742268041238,-0.0824742268041238
banking,2028,canonical,adaptive,day8_banking_private_cau_seed2028_canonical_fixed512,frozen_centroid,B,32,0.1225806451612903,0.2387096774193548,0.2387096774193548,0.0,0.11612903225806451
banking,2028,canonical,adaptive,day8_banking_private_cau_seed2028_canonical_fixed512,frozen_centroid,C,64,0.0989010989010989,0.0989010989010989,0.0989010989010989,0.0,0.0
banking,2028,canonical,adaptive,day8_banking_private_cau_seed2028_canonical_fixed512,last_active,A,16,0.2920962199312715,0.0,0.3505154639175257,0.3505154639175257,-0.2920962199312715
banking,2028,canonical,adaptive,day8_banking_private_cau_seed2028_canonical_fixed512,last_active,B,32,0.1354838709677419,0.3741935483870968,0.3741935483870968,0.0,0.2387096774193549
banking,2028,canonical,adaptive,day8_banking_private_cau_seed2028_canonical_fixed512,last_active,C,64,0.1025641025641025,0.0,0.1025641025641025,0.1025641025641025,-0.1025641025641025
banking,2028,canonical,adaptive,day8_banking_private_cau_seed2028_canonical_fixed512,uniform_probability,A,16,0.2920962199312715,0.3230240549828179,0.3676975945017182,0.044673539518900296,0.030927835051546393
banking,2028,canonical,adaptive,day8_banking_private_cau_seed2028_canonical_fixed512,uniform_probability,B,32,0.0,0.1096774193548387,0.1096774193548387,0.0,0.1096774193548387
banking,2028,canonical,adaptive,day8_banking_private_cau_seed2028_canonical_fixed512,uniform_probability,C,64,0.0,0.0,0.0,0.0,0.0
banking,2028,canonical,static_rank8_frozen,day6_banking_private_single_seed2028_canonical,frozen_centroid,A,16,0.2920962199312715,0.0652920962199312,0.2955326460481099,0.2302405498281787,-0.2268041237113403
banking,2028,canonical,static_rank8_frozen,day6_banking_private_single_seed2028_canonical,frozen_centroid,B,32,0.0,0.1806451612903225,0.1806451612903225,0.0,0.1806451612903225
banking,2028,canonical,static_rank8_frozen,day6_banking_private_single_seed2028_canonical,frozen_centroid,C,64,0.0,0.0,0.0,0.0,0.0
banking,2028,canonical,static_rank8_frozen,day6_banking_private_single_seed2028_canonical,last_active,A,16,0.2920962199312715,0.0652920962199312,0.2955326460481099,0.2302405498281787,-0.2268041237113403
banking,2028,canonical,static_rank8_frozen,day6_banking_private_single_seed2028_canonical,last_active,B,32,0.0,0.1806451612903225,0.1806451612903225,0.0,0.1806451612903225
banking,2028,canonical,static_rank8_frozen,day6_banking_private_single_seed2028_canonical,last_active,C,64,0.0,0.0,0.0,0.0,0.0
banking,2028,canonical,static_rank8_frozen,day6_banking_private_single_seed2028_canonical,uniform_probability,A,16,0.2920962199312715,0.0652920962199312,0.2955326460481099,0.2302405498281787,-0.2268041237113403
banking,2028,canonical,static_rank8_frozen,day6_banking_private_single_seed2028_canonical,uniform_probability,B,32,0.0,0.1806451612903225,0.1806451612903225,0.0,0.1806451612903225
banking,2028,canonical,static_rank8_frozen,day6_banking_private_single_seed2028_canonical,uniform_probability,C,64,0.0,0.0,0.0,0.0,0.0
banking,2028,canonical,static_rank8_tuned,day17_confirm_rank8_lr200_seed2028_canonical,frozen_centroid,A,16,0.2920962199312715,0.0652920962199312,0.2955326460481099,0.2302405498281787,-0.2268041237113403
banking,2028,canonical,static_rank8_tuned,day17_confirm_rank8_lr200_seed2028_canonical,frozen_centroid,B,32,0.0,0.1806451612903225,0.1806451612903225,0.0,0.1806451612903225
banking,2028,canonical,static_rank8_tuned,day17_confirm_rank8_lr200_seed2028_canonical,frozen_centroid,C,64,0.0,0.0,0.0,0.0,0.0
banking,2028,canonical,static_rank8_tuned,day17_confirm_rank8_lr200_seed2028_canonical,last_active,A,16,0.2920962199312715,0.0652920962199312,0.2955326460481099,0.2302405498281787,-0.2268041237113403
banking,2028,canonical,static_rank8_tuned,day17_confirm_rank8_lr200_seed2028_canonical,last_active,B,32,0.0,0.1806451612903225,0.1806451612903225,0.0,0.1806451612903225
banking,2028,canonical,static_rank8_tuned,day17_confirm_rank8_lr200_seed2028_canonical,last_active,C,64,0.0,0.0,0.0,0.0,0.0
banking,2028,canonical,static_rank8_tuned,day17_confirm_rank8_lr200_seed2028_canonical,uniform_probability,A,16,0.2920962199312715,0.0652920962199312,0.2955326460481099,0.2302405498281787,-0.2268041237113403
banking,2028,canonical,static_rank8_tuned,day17_confirm_rank8_lr200_seed2028_canonical,uniform_probability,B,32,0.0,0.1806451612903225,0.1806451612903225,0.0,0.1806451612903225
banking,2028,canonical,static_rank8_tuned,day17_confirm_rank8_lr200_seed2028_canonical,uniform_probability,C,64,0.0,0.0,0.0,0.0,0.0
banking,2028,canonical,static_rank96_tuned,day17_confirm_rank96_lr100_seed2028_canonical,frozen_centroid,A,16,0.1546391752577319,0.140893470790378,0.268041237113402,0.127147766323024,-0.013745704467353903
banking,2028,canonical,static_rank96_tuned,day17_confirm_rank96_lr100_seed2028_canonical,frozen_centroid,B,32,0.0387096774193548,0.0,0.0387096774193548,0.0387096774193548,-0.0387096774193548
banking,2028,canonical,static_rank96_tuned,day17_confirm_rank96_lr100_seed2028_canonical,frozen_centroid,C,64,0.0,0.0,0.0,0.0,0.0
banking,2028,canonical,static_rank96_tuned,day17_confirm_rank96_lr100_seed2028_canonical,last_active,A,16,0.1546391752577319,0.140893470790378,0.268041237113402,0.127147766323024,-0.013745704467353903
banking,2028,canonical,static_rank96_tuned,day17_confirm_rank96_lr100_seed2028_canonical,last_active,B,32,0.0387096774193548,0.0,0.0387096774193548,0.0387096774193548,-0.0387096774193548
banking,2028,canonical,static_rank96_tuned,day17_confirm_rank96_lr100_seed2028_canonical,last_active,C,64,0.0,0.0,0.0,0.0,0.0
banking,2028,canonical,static_rank96_tuned,day17_confirm_rank96_lr100_seed2028_canonical,uniform_probability,A,16,0.1546391752577319,0.140893470790378,0.268041237113402,0.127147766323024,-0.013745704467353903
banking,2028,canonical,static_rank96_tuned,day17_confirm_rank96_lr100_seed2028_canonical,uniform_probability,B,32,0.0387096774193548,0.0,0.0387096774193548,0.0387096774193548,-0.0387096774193548
banking,2028,canonical,static_rank96_tuned,day17_confirm_rank96_lr100_seed2028_canonical,uniform_probability,C,64,0.0,0.0,0.0,0.0,0.0
banking,2028,b_first,adaptive,day8_banking_private_cau_seed2028_b_first_fixed512,frozen_centroid,A,32,0.1237113402061855,0.1237113402061855,0.1305841924398625,0.006872852233676993,0.0
banking,2028,b_first,adaptive,day8_banking_private_cau_seed2028_b_first_fixed512,frozen_centroid,B,16,0.1258064516129032,0.0838709677419354,0.1258064516129032,0.04193548387096778,-0.04193548387096778
banking,2028,b_first,adaptive,day8_banking_private_cau_seed2028_b_first_fixed512,frozen_centroid,C,64,0.0989010989010989,0.0989010989010989,0.0989010989010989,0.0,0.0
banking,2028,b_first,adaptive,day8_banking_private_cau_seed2028_b_first_fixed512,last_active,A,32,0.134020618556701,0.2199312714776632,0.2199312714776632,0.0,0.0859106529209622
banking,2028,b_first,adaptive,day8_banking_private_cau_seed2028_b_first_fixed512,last_active,B,16,0.1258064516129032,0.0,0.1741935483870967,0.1741935483870967,-0.1258064516129032
banking,2028,b_first,adaptive,day8_banking_private_cau_seed2028_b_first_fixed512,last_active,C,64,0.1135531135531135,0.0,0.1135531135531135,0.1135531135531135,-0.1135531135531135
banking,2028,b_first,adaptive,day8_banking_private_cau_seed2028_b_first_fixed512,uniform_probability,A,32,0.0721649484536082,0.2302405498281786,0.2302405498281786,0.0,0.15807560137457038
banking,2028,b_first,adaptive,day8_banking_private_cau_seed2028_b_first_fixed512,uniform_probability,B,16,0.1258064516129032,0.0612903225806451,0.1612903225806451,0.1,-0.06451612903225809
banking,2028,b_first,adaptive,day8_banking_private_cau_seed2028_b_first_fixed512,uniform_probability,C,64,0.0,0.0,0.0,0.0,0.0
banking,2028,b_first,static_rank8_frozen,day6_banking_private_single_seed2028_b_first,frozen_centroid,A,32,0.0,0.3230240549828179,0.3230240549828179,0.0,0.3230240549828179
banking,2028,b_first,static_rank8_frozen,day6_banking_private_single_seed2028_b_first,frozen_centroid,B,16,0.1258064516129032,0.1419354838709677,0.4903225806451612,0.34838709677419355,0.016129032258064502
banking,2028,b_first,static_rank8_frozen,day6_banking_private_single_seed2028_b_first,frozen_centroid,C,64,0.0,0.0,0.0,0.0,0.0
banking,2028,b_first,static_rank8_frozen,day6_banking_private_single_seed2028_b_first,last_active,A,32,0.0,0.3230240549828179,0.3230240549828179,0.0,0.3230240549828179
banking,2028,b_first,static_rank8_frozen,day6_banking_private_single_seed2028_b_first,last_active,B,16,0.1258064516129032,0.1419354838709677,0.4903225806451612,0.34838709677419355,0.016129032258064502
banking,2028,b_first,static_rank8_frozen,day6_banking_private_single_seed2028_b_first,last_active,C,64,0.0,0.0,0.0,0.0,0.0
banking,2028,b_first,static_rank8_frozen,day6_banking_private_single_seed2028_b_first,uniform_probability,A,32,0.0,0.3230240549828179,0.3230240549828179,0.0,0.3230240549828179
banking,2028,b_first,static_rank8_frozen,day6_banking_private_single_seed2028_b_first,uniform_probability,B,16,0.1258064516129032,0.1419354838709677,0.4903225806451612,0.34838709677419355,0.016129032258064502
banking,2028,b_first,static_rank8_frozen,day6_banking_private_single_seed2028_b_first,uniform_probability,C,64,0.0,0.0,0.0,0.0,0.0
banking,2028,b_first,static_rank8_tuned,day17_confirm_rank8_lr200_seed2028_b_first,frozen_centroid,A,32,0.0,0.3230240549828179,0.3230240549828179,0.0,0.3230240549828179
banking,2028,b_first,static_rank8_tuned,day17_confirm_rank8_lr200_seed2028_b_first,frozen_centroid,B,16,0.1258064516129032,0.1419354838709677,0.4903225806451612,0.34838709677419355,0.016129032258064502
banking,2028,b_first,static_rank8_tuned,day17_confirm_rank8_lr200_seed2028_b_first,frozen_centroid,C,64,0.0,0.0,0.0,0.0,0.0
banking,2028,b_first,static_rank8_tuned,day17_confirm_rank8_lr200_seed2028_b_first,last_active,A,32,0.0,0.3230240549828179,0.3230240549828179,0.0,0.3230240549828179
banking,2028,b_first,static_rank8_tuned,day17_confirm_rank8_lr200_seed2028_b_first,last_active,B,16,0.1258064516129032,0.1419354838709677,0.4903225806451612,0.34838709677419355,0.016129032258064502
banking,2028,b_first,static_rank8_tuned,day17_confirm_rank8_lr200_seed2028_b_first,last_active,C,64,0.0,0.0,0.0,0.0,0.0
banking,2028,b_first,static_rank8_tuned,day17_confirm_rank8_lr200_seed2028_b_first,uniform_probability,A,32,0.0,0.3230240549828179,0.3230240549828179,0.0,0.3230240549828179
banking,2028,b_first,static_rank8_tuned,day17_confirm_rank8_lr200_seed2028_b_first,uniform_probability,B,16,0.1258064516129032,0.1419354838709677,0.4903225806451612,0.34838709677419355,0.016129032258064502
banking,2028,b_first,static_rank8_tuned,day17_confirm_rank8_lr200_seed2028_b_first,uniform_probability,C,64,0.0,0.0,0.0,0.0,0.0
banking,2028,b_first,static_rank96_tuned,day17_confirm_rank96_lr100_seed2028_b_first,frozen_centroid,A,32,0.1477663230240549,0.0,0.1477663230240549,0.1477663230240549,-0.1477663230240549
banking,2028,b_first,static_rank96_tuned,day17_confirm_rank96_lr100_seed2028_b_first,frozen_centroid,B,16,0.1161290322580645,0.2967741935483871,0.2967741935483871,0.0,0.1806451612903226
banking,2028,b_first,static_rank96_tuned,day17_confirm_rank96_lr100_seed2028_b_first,frozen_centroid,C,64,0.0,0.0,0.0,0.0,0.0
banking,2028,b_first,static_rank96_tuned,day17_confirm_rank96_lr100_seed2028_b_first,last_active,A,32,0.1477663230240549,0.0,0.1477663230240549,0.1477663230240549,-0.1477663230240549
banking,2028,b_first,static_rank96_tuned,day17_confirm_rank96_lr100_seed2028_b_first,last_active,B,16,0.1161290322580645,0.2967741935483871,0.2967741935483871,0.0,0.1806451612903226
banking,2028,b_first,static_rank96_tuned,day17_confirm_rank96_lr100_seed2028_b_first,last_active,C,64,0.0,0.0,0.0,0.0,0.0
banking,2028,b_first,static_rank96_tuned,day17_confirm_rank96_lr100_seed2028_b_first,uniform_probability,A,32,0.1477663230240549,0.0,0.1477663230240549,0.1477663230240549,-0.1477663230240549
banking,2028,b_first,static_rank96_tuned,day17_confirm_rank96_lr100_seed2028_b_first,uniform_probability,B,16,0.1161290322580645,0.2967741935483871,0.2967741935483871,0.0,0.1806451612903226
banking,2028,b_first,static_rank96_tuned,day17_confirm_rank96_lr100_seed2028_b_first,uniform_probability,C,64,0.0,0.0,0.0,0.0,0.0
banking,2029,canonical,adaptive,day8_banking_private_cau_seed2029_canonical_fixed512,frozen_centroid,A,16,0.1237113402061855,0.2542955326460481,0.2646048109965636,0.010309278350515483,0.13058419243986258
banking,2029,canonical,adaptive,day8_banking_private_cau_seed2029_canonical_fixed512,frozen_centroid,B,32,0.1225806451612903,0.2064516129032258,0.2064516129032258,0.0,0.0838709677419355
banking,2029,canonical,adaptive,day8_banking_private_cau_seed2029_canonical_fixed512,frozen_centroid,C,64,0.1025641025641025,0.1098901098901098,0.1098901098901098,0.0,0.0073260073260073
banking,2029,canonical,adaptive,day8_banking_private_cau_seed2029_canonical_fixed512,last_active,A,16,0.1237113402061855,0.0,0.4261168384879725,0.4261168384879725,-0.1237113402061855
banking,2029,canonical,adaptive,day8_banking_private_cau_seed2029_canonical_fixed512,last_active,B,32,0.2064516129032258,0.3387096774193548,0.3387096774193548,0.0,0.132258064516129
banking,2029,canonical,adaptive,day8_banking_private_cau_seed2029_canonical_fixed512,last_active,C,64,0.2307692307692307,0.0,0.2307692307692307,0.2307692307692307,-0.2307692307692307
banking,2029,canonical,adaptive,day8_banking_private_cau_seed2029_canonical_fixed512,uniform_probability,A,16,0.1237113402061855,0.3642611683848797,0.4192439862542955,0.05498281786941578,0.2405498281786942
banking,2029,canonical,adaptive,day8_banking_private_cau_seed2029_canonical_fixed512,uniform_probability,B,32,0.0,0.1193548387096774,0.1193548387096774,0.0,0.1193548387096774
banking,2029,canonical,adaptive,day8_banking_private_cau_seed2029_canonical_fixed512,uniform_probability,C,64,0.0,0.0,0.0,0.0,0.0
banking,2029,canonical,static_rank8_frozen,day6_banking_private_single_seed2029_canonical,frozen_centroid,A,16,0.1237113402061855,0.4536082474226804,0.4914089347079037,0.03780068728522329,0.3298969072164949
banking,2029,canonical,static_rank8_frozen,day6_banking_private_single_seed2029_canonical,frozen_centroid,B,32,0.0,0.2064516129032258,0.2064516129032258,0.0,0.2064516129032258
banking,2029,canonical,static_rank8_frozen,day6_banking_private_single_seed2029_canonical,frozen_centroid,C,64,0.0,0.0,0.0,0.0,0.0
banking,2029,canonical,static_rank8_frozen,day6_banking_private_single_seed2029_canonical,last_active,A,16,0.1237113402061855,0.4536082474226804,0.4914089347079037,0.03780068728522329,0.3298969072164949
banking,2029,canonical,static_rank8_frozen,day6_banking_private_single_seed2029_canonical,last_active,B,32,0.0,0.2064516129032258,0.2064516129032258,0.0,0.2064516129032258
banking,2029,canonical,static_rank8_frozen,day6_banking_private_single_seed2029_canonical,last_active,C,64,0.0,0.0,0.0,0.0,0.0
banking,2029,canonical,static_rank8_frozen,day6_banking_private_single_seed2029_canonical,uniform_probability,A,16,0.1237113402061855,0.4536082474226804,0.4914089347079037,0.03780068728522329,0.3298969072164949
banking,2029,canonical,static_rank8_frozen,day6_banking_private_single_seed2029_canonical,uniform_probability,B,32,0.0,0.2064516129032258,0.2064516129032258,0.0,0.2064516129032258
banking,2029,canonical,static_rank8_frozen,day6_banking_private_single_seed2029_canonical,uniform_probability,C,64,0.0,0.0,0.0,0.0,0.0
banking,2029,canonical,static_rank8_tuned,day17_confirm_rank8_lr200_seed2029_canonical,frozen_centroid,A,16,0.1237113402061855,0.4536082474226804,0.4914089347079037,0.03780068728522329,0.3298969072164949
banking,2029,canonical,static_rank8_tuned,day17_confirm_rank8_lr200_seed2029_canonical,frozen_centroid,B,32,0.0,0.2064516129032258,0.2064516129032258,0.0,0.2064516129032258
banking,2029,canonical,static_rank8_tuned,day17_confirm_rank8_lr200_seed2029_canonical,frozen_centroid,C,64,0.0,0.0,0.0,0.0,0.0
banking,2029,canonical,static_rank8_tuned,day17_confirm_rank8_lr200_seed2029_canonical,last_active,A,16,0.1237113402061855,0.4536082474226804,0.4914089347079037,0.03780068728522329,0.3298969072164949
banking,2029,canonical,static_rank8_tuned,day17_confirm_rank8_lr200_seed2029_canonical,last_active,B,32,0.0,0.2064516129032258,0.2064516129032258,0.0,0.2064516129032258
banking,2029,canonical,static_rank8_tuned,day17_confirm_rank8_lr200_seed2029_canonical,last_active,C,64,0.0,0.0,0.0,0.0,0.0
banking,2029,canonical,static_rank8_tuned,day17_confirm_rank8_lr200_seed2029_canonical,uniform_probability,A,16,0.1237113402061855,0.4536082474226804,0.4914089347079037,0.03780068728522329,0.3298969072164949
banking,2029,canonical,static_rank8_tuned,day17_confirm_rank8_lr200_seed2029_canonical,uniform_probability,B,32,0.0,0.2064516129032258,0.2064516129032258,0.0,0.2064516129032258
banking,2029,canonical,static_rank8_tuned,day17_confirm_rank8_lr200_seed2029_canonical,uniform_probability,C,64,0.0,0.0,0.0,0.0,0.0
banking,2029,canonical,static_rank96_tuned,day17_confirm_rank96_lr100_seed2029_canonical,frozen_centroid,A,16,0.134020618556701,0.3951890034364261,0.3951890034364261,0.0,0.2611683848797251
banking,2029,canonical,static_rank96_tuned,day17_confirm_rank96_lr100_seed2029_canonical,frozen_centroid,B,32,0.0903225806451612,0.0,0.0903225806451612,0.0903225806451612,-0.0903225806451612
banking,2029,canonical,static_rank96_tuned,day17_confirm_rank96_lr100_seed2029_canonical,frozen_centroid,C,64,0.0,0.0,0.0,0.0,0.0
banking,2029,canonical,static_rank96_tuned,day17_confirm_rank96_lr100_seed2029_canonical,last_active,A,16,0.134020618556701,0.3951890034364261,0.3951890034364261,0.0,0.2611683848797251
banking,2029,canonical,static_rank96_tuned,day17_confirm_rank96_lr100_seed2029_canonical,last_active,B,32,0.0903225806451612,0.0,0.0903225806451612,0.0903225806451612,-0.0903225806451612
banking,2029,canonical,static_rank96_tuned,day17_confirm_rank96_lr100_seed2029_canonical,last_active,C,64,0.0,0.0,0.0,0.0,0.0
banking,2029,canonical,static_rank96_tuned,day17_confirm_rank96_lr100_seed2029_canonical,uniform_probability,A,16,0.134020618556701,0.3951890034364261,0.3951890034364261,0.0,0.2611683848797251
banking,2029,canonical,static_rank96_tuned,day17_confirm_rank96_lr100_seed2029_canonical,uniform_probability,B,32,0.0903225806451612,0.0,0.0903225806451612,0.0903225806451612,-0.0903225806451612
banking,2029,canonical,static_rank96_tuned,day17_confirm_rank96_lr100_seed2029_canonical,uniform_probability,C,64,0.0,0.0,0.0,0.0,0.0
banking,2029,b_first,adaptive,day8_banking_private_cau_seed2029_b_first_fixed512,frozen_centroid,A,32,0.1752577319587628,0.2336769759450171,0.2336769759450171,0.0,0.05841924398625431
banking,2029,b_first,adaptive,day8_banking_private_cau_seed2029_b_first_fixed512,frozen_centroid,B,16,0.1806451612903225,0.164516129032258,0.1838709677419354,0.019354838709677386,-0.016129032258064474
banking,2029,b_first,adaptive,day8_banking_private_cau_seed2029_b_first_fixed512,frozen_centroid,C,64,0.1098901098901098,0.0989010989010989,0.1098901098901098,0.010989010989010908,-0.010989010989010908
banking,2029,b_first,adaptive,day8_banking_private_cau_seed2029_b_first_fixed512,last_active,A,32,0.1855670103092783,0.3848797250859107,0.3848797250859107,0.0,0.19931271477663237
banking,2029,b_first,adaptive,day8_banking_private_cau_seed2029_b_first_fixed512,last_active,B,16,0.1806451612903225,0.0,0.2387096774193548,0.2387096774193548,-0.1806451612903225
banking,2029,b_first,adaptive,day8_banking_private_cau_seed2029_b_first_fixed512,last_active,C,64,0.2454212454212454,0.0,0.2454212454212454,0.2454212454212454,-0.2454212454212454
banking,2029,b_first,adaptive,day8_banking_private_cau_seed2029_b_first_fixed512,uniform_probability,A,32,0.0,0.2199312714776632,0.2199312714776632,0.0,0.2199312714776632
banking,2029,b_first,adaptive,day8_banking_private_cau_seed2029_b_first_fixed512,uniform_probability,B,16,0.1806451612903225,0.1225806451612903,0.2193548387096774,0.0967741935483871,-0.058064516129032184
banking,2029,b_first,adaptive,day8_banking_private_cau_seed2029_b_first_fixed512,uniform_probability,C,64,0.0,0.0,0.0,0.0,0.0
banking,2029,b_first,static_rank8_frozen,day6_banking_private_single_seed2029_b_first,frozen_centroid,A,32,0.0,0.1168384879725085,0.1168384879725085,0.0,0.1168384879725085
banking,2029,b_first,static_rank8_frozen,day6_banking_private_single_seed2029_b_first,frozen_centroid,B,16,0.1806451612903225,0.1290322580645161,0.4774193548387097,0.34838709677419355,-0.05161290322580639
banking,2029,b_first,static_rank8_frozen,day6_banking_private_single_seed2029_b_first,frozen_centroid,C,64,0.0,0.0,0.0,0.0,0.0
banking,2029,b_first,static_rank8_frozen,day6_banking_private_single_seed2029_b_first,last_active,A,32,0.0,0.1168384879725085,0.1168384879725085,0.0,0.1168384879725085
banking,2029,b_first,static_rank8_frozen,day6_banking_private_single_seed2029_b_first,last_active,B,16,0.1806451612903225,0.1290322580645161,0.4774193548387097,0.34838709677419355,-0.05161290322580639
banking,2029,b_first,static_rank8_frozen,day6_banking_private_single_seed2029_b_first,last_active,C,64,0.0,0.0,0.0,0.0,0.0
banking,2029,b_first,static_rank8_frozen,day6_banking_private_single_seed2029_b_first,uniform_probability,A,32,0.0,0.1168384879725085,0.1168384879725085,0.0,0.1168384879725085
banking,2029,b_first,static_rank8_frozen,day6_banking_private_single_seed2029_b_first,uniform_probability,B,16,0.1806451612903225,0.1290322580645161,0.4774193548387097,0.34838709677419355,-0.05161290322580639
banking,2029,b_first,static_rank8_frozen,day6_banking_private_single_seed2029_b_first,uniform_probability,C,64,0.0,0.0,0.0,0.0,0.0
banking,2029,b_first,static_rank8_tuned,day17_confirm_rank8_lr200_seed2029_b_first,frozen_centroid,A,32,0.0,0.1168384879725085,0.1168384879725085,0.0,0.1168384879725085
banking,2029,b_first,static_rank8_tuned,day17_confirm_rank8_lr200_seed2029_b_first,frozen_centroid,B,16,0.1806451612903225,0.1290322580645161,0.4774193548387097,0.34838709677419355,-0.05161290322580639
banking,2029,b_first,static_rank8_tuned,day17_confirm_rank8_lr200_seed2029_b_first,frozen_centroid,C,64,0.0,0.0,0.0,0.0,0.0
banking,2029,b_first,static_rank8_tuned,day17_confirm_rank8_lr200_seed2029_b_first,last_active,A,32,0.0,0.1168384879725085,0.1168384879725085,0.0,0.1168384879725085
banking,2029,b_first,static_rank8_tuned,day17_confirm_rank8_lr200_seed2029_b_first,last_active,B,16,0.1806451612903225,0.1290322580645161,0.4774193548387097,0.34838709677419355,-0.05161290322580639
banking,2029,b_first,static_rank8_tuned,day17_confirm_rank8_lr200_seed2029_b_first,last_active,C,64,0.0,0.0,0.0,0.0,0.0
banking,2029,b_first,static_rank8_tuned,day17_confirm_rank8_lr200_seed2029_b_first,uniform_probability,A,32,0.0,0.1168384879725085,0.1168384879725085,0.0,0.1168384879725085
banking,2029,b_first,static_rank8_tuned,day17_confirm_rank8_lr200_seed2029_b_first,uniform_probability,B,16,0.1806451612903225,0.1290322580645161,0.4774193548387097,0.34838709677419355,-0.05161290322580639
banking,2029,b_first,static_rank8_tuned,day17_confirm_rank8_lr200_seed2029_b_first,uniform_probability,C,64,0.0,0.0,0.0,0.0,0.0
banking,2029,b_first,static_rank96_tuned,day17_confirm_rank96_lr100_seed2029_b_first,frozen_centroid,A,32,0.1065292096219931,0.1168384879725085,0.1168384879725085,0.0,0.0103092783505154
banking,2029,b_first,static_rank96_tuned,day17_confirm_rank96_lr100_seed2029_b_first,frozen_centroid,B,16,0.132258064516129,0.0,0.2612903225806451,0.2612903225806451,-0.132258064516129
banking,2029,b_first,static_rank96_tuned,day17_confirm_rank96_lr100_seed2029_b_first,frozen_centroid,C,64,0.0,0.0,0.0,0.0,0.0
banking,2029,b_first,static_rank96_tuned,day17_confirm_rank96_lr100_seed2029_b_first,last_active,A,32,0.1065292096219931,0.1168384879725085,0.1168384879725085,0.0,0.0103092783505154
banking,2029,b_first,static_rank96_tuned,day17_confirm_rank96_lr100_seed2029_b_first,last_active,B,16,0.132258064516129,0.0,0.2612903225806451,0.2612903225806451,-0.132258064516129
banking,2029,b_first,static_rank96_tuned,day17_confirm_rank96_lr100_seed2029_b_first,last_active,C,64,0.0,0.0,0.0,0.0,0.0
banking,2029,b_first,static_rank96_tuned,day17_confirm_rank96_lr100_seed2029_b_first,uniform_probability,A,32,0.1065292096219931,0.1168384879725085,0.1168384879725085,0.0,0.0103092783505154
banking,2029,b_first,static_rank96_tuned,day17_confirm_rank96_lr100_seed2029_b_first,uniform_probability,B,16,0.132258064516129,0.0,0.2612903225806451,0.2612903225806451,-0.132258064516129
banking,2029,b_first,static_rank96_tuned,day17_confirm_rank96_lr100_seed2029_b_first,uniform_probability,C,64,0.0,0.0,0.0,0.0,0.0
banking,2030,canonical,adaptive,day8_banking_private_cau_seed2030_canonical_fixed512,frozen_centroid,A,16,0.0996563573883161,0.2852233676975945,0.3230240549828179,0.0378006872852234,0.18556701030927839
banking,2030,canonical,adaptive,day8_banking_private_cau_seed2030_canonical_fixed512,frozen_centroid,B,32,0.0677419354838709,0.1451612903225806,0.1451612903225806,0.0,0.0774193548387097
banking,2030,canonical,adaptive,day8_banking_private_cau_seed2030_canonical_fixed512,frozen_centroid,C,64,0.0805860805860805,0.0805860805860805,0.0805860805860805,0.0,0.0
banking,2030,canonical,adaptive,day8_banking_private_cau_seed2030_canonical_fixed512,last_active,A,16,0.0996563573883161,0.0,0.4570446735395189,0.4570446735395189,-0.0996563573883161
banking,2030,canonical,adaptive,day8_banking_private_cau_seed2030_canonical_fixed512,last_active,B,32,0.1032258064516129,0.2387096774193548,0.2387096774193548,0.0,0.1354838709677419
banking,2030,canonical,adaptive,day8_banking_private_cau_seed2030_canonical_fixed512,last_active,C,64,0.1465201465201465,0.0,0.1465201465201465,0.1465201465201465,-0.1465201465201465
banking,2030,canonical,adaptive,day8_banking_private_cau_seed2030_canonical_fixed512,uniform_probability,A,16,0.0996563573883161,0.3230240549828179,0.4501718213058419,0.127147766323024,0.22336769759450179
banking,2030,canonical,adaptive,day8_banking_private_cau_seed2030_canonical_fixed512,uniform_probability,B,32,0.0,0.2096774193548387,0.2096774193548387,0.0,0.2096774193548387
banking,2030,canonical,adaptive,day8_banking_private_cau_seed2030_canonical_fixed512,uniform_probability,C,64,0.0,0.0,0.0,0.0,0.0
banking,2030,canonical,static_rank8_frozen,day6_banking_private_single_seed2030_canonical,frozen_centroid,A,16,0.0996563573883161,0.3883161512027491,0.6185567010309279,0.23024054982817876,0.28865979381443296
banking,2030,canonical,static_rank8_frozen,day6_banking_private_single_seed2030_canonical,frozen_centroid,B,32,0.0,0.3193548387096774,0.3193548387096774,0.0,0.3193548387096774
banking,2030,canonical,static_rank8_frozen,day6_banking_private_single_seed2030_canonical,frozen_centroid,C,64,0.0,0.0,0.0,0.0,0.0
banking,2030,canonical,static_rank8_frozen,day6_banking_private_single_seed2030_canonical,last_active,A,16,0.0996563573883161,0.3883161512027491,0.6185567010309279,0.23024054982817876,0.28865979381443296
banking,2030,canonical,static_rank8_frozen,day6_banking_private_single_seed2030_canonical,last_active,B,32,0.0,0.3193548387096774,0.3193548387096774,0.0,0.3193548387096774
banking,2030,canonical,static_rank8_frozen,day6_banking_private_single_seed2030_canonical,last_active,C,64,0.0,0.0,0.0,0.0,0.0
banking,2030,canonical,static_rank8_frozen,day6_banking_private_single_seed2030_canonical,uniform_probability,A,16,0.0996563573883161,0.3883161512027491,0.6185567010309279,0.23024054982817876,0.28865979381443296
banking,2030,canonical,static_rank8_frozen,day6_banking_private_single_seed2030_canonical,uniform_probability,B,32,0.0,0.3193548387096774,0.3193548387096774,0.0,0.3193548387096774
banking,2030,canonical,static_rank8_frozen,day6_banking_private_single_seed2030_canonical,uniform_probability,C,64,0.0,0.0,0.0,0.0,0.0
banking,2030,canonical,static_rank8_tuned,day17_confirm_rank8_lr200_seed2030_canonical,frozen_centroid,A,16,0.0996563573883161,0.3883161512027491,0.6185567010309279,0.23024054982817876,0.28865979381443296
banking,2030,canonical,static_rank8_tuned,day17_confirm_rank8_lr200_seed2030_canonical,frozen_centroid,B,32,0.0,0.3193548387096774,0.3193548387096774,0.0,0.3193548387096774
banking,2030,canonical,static_rank8_tuned,day17_confirm_rank8_lr200_seed2030_canonical,frozen_centroid,C,64,0.0,0.0,0.0,0.0,0.0
banking,2030,canonical,static_rank8_tuned,day17_confirm_rank8_lr200_seed2030_canonical,last_active,A,16,0.0996563573883161,0.3883161512027491,0.6185567010309279,0.23024054982817876,0.28865979381443296
banking,2030,canonical,static_rank8_tuned,day17_confirm_rank8_lr200_seed2030_canonical,last_active,B,32,0.0,0.3193548387096774,0.3193548387096774,0.0,0.3193548387096774
banking,2030,canonical,static_rank8_tuned,day17_confirm_rank8_lr200_seed2030_canonical,last_active,C,64,0.0,0.0,0.0,0.0,0.0
banking,2030,canonical,static_rank8_tuned,day17_confirm_rank8_lr200_seed2030_canonical,uniform_probability,A,16,0.0996563573883161,0.3883161512027491,0.6185567010309279,0.23024054982817876,0.28865979381443296
banking,2030,canonical,static_rank8_tuned,day17_confirm_rank8_lr200_seed2030_canonical,uniform_probability,B,32,0.0,0.3193548387096774,0.3193548387096774,0.0,0.3193548387096774
banking,2030,canonical,static_rank8_tuned,day17_confirm_rank8_lr200_seed2030_canonical,uniform_probability,C,64,0.0,0.0,0.0,0.0,0.0
banking,2030,canonical,static_rank96_tuned,day17_confirm_rank96_lr100_seed2030_canonical,frozen_centroid,A,16,0.1168384879725085,0.2199312714776632,0.2268041237113402,0.006872852233677007,0.1030927835051547
banking,2030,canonical,static_rank96_tuned,day17_confirm_rank96_lr100_seed2030_canonical,frozen_centroid,B,32,0.0870967741935483,0.0,0.0870967741935483,0.0870967741935483,-0.0870967741935483
banking,2030,canonical,static_rank96_tuned,day17_confirm_rank96_lr100_seed2030_canonical,frozen_centroid,C,64,0.0,0.0,0.0,0.0,0.0
banking,2030,canonical,static_rank96_tuned,day17_confirm_rank96_lr100_seed2030_canonical,last_active,A,16,0.1168384879725085,0.2199312714776632,0.2268041237113402,0.006872852233677007,0.1030927835051547
banking,2030,canonical,static_rank96_tuned,day17_confirm_rank96_lr100_seed2030_canonical,last_active,B,32,0.0870967741935483,0.0,0.0870967741935483,0.0870967741935483,-0.0870967741935483
banking,2030,canonical,static_rank96_tuned,day17_confirm_rank96_lr100_seed2030_canonical,last_active,C,64,0.0,0.0,0.0,0.0,0.0
banking,2030,canonical,static_rank96_tuned,day17_confirm_rank96_lr100_seed2030_canonical,uniform_probability,A,16,0.1168384879725085,0.2199312714776632,0.2268041237113402,0.006872852233677007,0.1030927835051547
banking,2030,canonical,static_rank96_tuned,day17_confirm_rank96_lr100_seed2030_canonical,uniform_probability,B,32,0.0870967741935483,0.0,0.0870967741935483,0.0870967741935483,-0.0870967741935483
banking,2030,canonical,static_rank96_tuned,day17_confirm_rank96_lr100_seed2030_canonical,uniform_probability,C,64,0.0,0.0,0.0,0.0,0.0
banking,2030,b_first,adaptive,day8_banking_private_cau_seed2030_b_first_fixed512,frozen_centroid,A,32,0.0824742268041237,0.281786941580756,0.281786941580756,0.0,0.19931271477663232
banking,2030,b_first,adaptive,day8_banking_private_cau_seed2030_b_first_fixed512,frozen_centroid,B,16,0.1387096774193548,0.1741935483870967,0.2096774193548387,0.035483870967742,0.03548387096774189
banking,2030,b_first,adaptive,day8_banking_private_cau_seed2030_b_first_fixed512,frozen_centroid,C,64,0.0549450549450549,0.0732600732600732,0.0732600732600732,0.0,0.01831501831501829
banking,2030,b_first,adaptive,day8_banking_private_cau_seed2030_b_first_fixed512,last_active,A,32,0.0893470790378006,0.4192439862542955,0.4192439862542955,0.0,0.3298969072164949
banking,2030,b_first,adaptive,day8_banking_private_cau_seed2030_b_first_fixed512,last_active,B,16,0.1387096774193548,0.0,0.3193548387096774,0.3193548387096774,-0.1387096774193548
banking,2030,b_first,adaptive,day8_banking_private_cau_seed2030_b_first_fixed512,last_active,C,64,0.1428571428571428,0.0,0.1428571428571428,0.1428571428571428,-0.1428571428571428
banking,2030,b_first,adaptive,day8_banking_private_cau_seed2030_b_first_fixed512,uniform_probability,A,32,0.0274914089347079,0.3608247422680412,0.3608247422680412,0.0,0.33333333333333326
banking,2030,b_first,adaptive,day8_banking_private_cau_seed2030_b_first_fixed512,uniform_probability,B,16,0.1387096774193548,0.2548387096774193,0.332258064516129,0.07741935483870971,0.11612903225806448
banking,2030,b_first,adaptive,day8_banking_private_cau_seed2030_b_first_fixed512,uniform_probability,C,64,0.0,0.0,0.0,0.0,0.0
banking,2030,b_first,static_rank8_frozen,day6_banking_private_single_seed2030_b_first,frozen_centroid,A,32,0.0,0.2989690721649484,0.2989690721649484,0.0,0.2989690721649484
banking,2030,b_first,static_rank8_frozen,day6_banking_private_single_seed2030_b_first,frozen_centroid,B,16,0.1387096774193548,0.1548387096774193,0.5193548387096775,0.36451612903225816,0.016129032258064502
banking,2030,b_first,static_rank8_frozen,day6_banking_private_single_seed2030_b_first,frozen_centroid,C,64,0.0,0.0,0.0,0.0,0.0
banking,2030,b_first,static_rank8_frozen,day6_banking_private_single_seed2030_b_first,last_active,A,32,0.0,0.2989690721649484,0.2989690721649484,0.0,0.2989690721649484
banking,2030,b_first,static_rank8_frozen,day6_banking_private_single_seed2030_b_first,last_active,B,16,0.1387096774193548,0.1548387096774193,0.5193548387096775,0.36451612903225816,0.016129032258064502
banking,2030,b_first,static_rank8_frozen,day6_banking_private_single_seed2030_b_first,last_active,C,64,0.0,0.0,0.0,0.0,0.0
banking,2030,b_first,static_rank8_frozen,day6_banking_private_single_seed2030_b_first,uniform_probability,A,32,0.0,0.2989690721649484,0.2989690721649484,0.0,0.2989690721649484
banking,2030,b_first,static_rank8_frozen,day6_banking_private_single_seed2030_b_first,uniform_probability,B,16,0.1387096774193548,0.1548387096774193,0.5193548387096775,0.36451612903225816,0.016129032258064502
banking,2030,b_first,static_rank8_frozen,day6_banking_private_single_seed2030_b_first,uniform_probability,C,64,0.0,0.0,0.0,0.0,0.0
banking,2030,b_first,static_rank8_tuned,day17_confirm_rank8_lr200_seed2030_b_first,frozen_centroid,A,32,0.0,0.2989690721649484,0.2989690721649484,0.0,0.2989690721649484
banking,2030,b_first,static_rank8_tuned,day17_confirm_rank8_lr200_seed2030_b_first,frozen_centroid,B,16,0.1387096774193548,0.1548387096774193,0.5193548387096775,0.36451612903225816,0.016129032258064502
banking,2030,b_first,static_rank8_tuned,day17_confirm_rank8_lr200_seed2030_b_first,frozen_centroid,C,64,0.0,0.0,0.0,0.0,0.0
banking,2030,b_first,static_rank8_tuned,day17_confirm_rank8_lr200_seed2030_b_first,last_active,A,32,0.0,0.2989690721649484,0.2989690721649484,0.0,0.2989690721649484
banking,2030,b_first,static_rank8_tuned,day17_confirm_rank8_lr200_seed2030_b_first,last_active,B,16,0.1387096774193548,0.1548387096774193,0.5193548387096775,0.36451612903225816,0.016129032258064502
banking,2030,b_first,static_rank8_tuned,day17_confirm_rank8_lr200_seed2030_b_first,last_active,C,64,0.0,0.0,0.0,0.0,0.0
banking,2030,b_first,static_rank8_tuned,day17_confirm_rank8_lr200_seed2030_b_first,uniform_probability,A,32,0.0,0.2989690721649484,0.2989690721649484,0.0,0.2989690721649484
banking,2030,b_first,static_rank8_tuned,day17_confirm_rank8_lr200_seed2030_b_first,uniform_probability,B,16,0.1387096774193548,0.1548387096774193,0.5193548387096775,0.36451612903225816,0.016129032258064502
banking,2030,b_first,static_rank8_tuned,day17_confirm_rank8_lr200_seed2030_b_first,uniform_probability,C,64,0.0,0.0,0.0,0.0,0.0
banking,2030,b_first,static_rank96_tuned,day17_confirm_rank96_lr100_seed2030_b_first,frozen_centroid,A,32,0.0790378006872852,0.0756013745704467,0.0790378006872852,0.0034364261168385035,-0.0034364261168385035
banking,2030,b_first,static_rank96_tuned,day17_confirm_rank96_lr100_seed2030_b_first,frozen_centroid,B,16,0.1258064516129032,0.0,0.1354838709677419,0.1354838709677419,-0.1258064516129032
banking,2030,b_first,static_rank96_tuned,day17_confirm_rank96_lr100_seed2030_b_first,frozen_centroid,C,64,0.0,0.0,0.0,0.0,0.0
banking,2030,b_first,static_rank96_tuned,day17_confirm_rank96_lr100_seed2030_b_first,last_active,A,32,0.0790378006872852,0.0756013745704467,0.0790378006872852,0.0034364261168385035,-0.0034364261168385035
banking,2030,b_first,static_rank96_tuned,day17_confirm_rank96_lr100_seed2030_b_first,last_active,B,16,0.1258064516129032,0.0,0.1354838709677419,0.1354838709677419,-0.1258064516129032
banking,2030,b_first,static_rank96_tuned,day17_confirm_rank96_lr100_seed2030_b_first,last_active,C,64,0.0,0.0,0.0,0.0,0.0
banking,2030,b_first,static_rank96_tuned,day17_confirm_rank96_lr100_seed2030_b_first,uniform_probability,A,32,0.0790378006872852,0.0756013745704467,0.0790378006872852,0.0034364261168385035,-0.0034364261168385035
banking,2030,b_first,static_rank96_tuned,day17_confirm_rank96_lr100_seed2030_b_first,uniform_probability,B,16,0.1258064516129032,0.0,0.1354838709677419,0.1354838709677419,-0.1258064516129032
banking,2030,b_first,static_rank96_tuned,day17_confirm_rank96_lr100_seed2030_b_first,uniform_probability,C,64,0.0,0.0,0.0,0.0,0.0
banking,2031,canonical,adaptive,day8_banking_private_cau_seed2031_canonical_fixed512,frozen_centroid,A,16,0.1649484536082474,0.1993127147766323,0.2233676975945017,0.024054982817869414,0.034364261168384896
banking,2031,canonical,adaptive,day8_banking_private_cau_seed2031_canonical_fixed512,frozen_centroid,B,32,0.1612903225806451,0.1451612903225806,0.164516129032258,0.019354838709677413,-0.016129032258064502
banking,2031,canonical,adaptive,day8_banking_private_cau_seed2031_canonical_fixed512,frozen_centroid,C,64,0.1245421245421245,0.1172161172161172,0.1245421245421245,0.0073260073260073,-0.0073260073260073
banking,2031,canonical,adaptive,day8_banking_private_cau_seed2031_canonical_fixed512,last_active,A,16,0.1649484536082474,0.0,0.2508591065292096,0.2508591065292096,-0.1649484536082474
banking,2031,canonical,adaptive,day8_banking_private_cau_seed2031_canonical_fixed512,last_active,B,32,0.2225806451612903,0.2064516129032258,0.2225806451612903,0.016129032258064502,-0.016129032258064502
banking,2031,canonical,adaptive,day8_banking_private_cau_seed2031_canonical_fixed512,last_active,C,64,0.1904761904761904,0.0,0.1904761904761904,0.1904761904761904,-0.1904761904761904
banking,2031,canonical,adaptive,day8_banking_private_cau_seed2031_canonical_fixed512,uniform_probability,A,16,0.1649484536082474,0.2405498281786941,0.274914089347079,0.034364261168384896,0.07560137457044672
banking,2031,canonical,adaptive,day8_banking_private_cau_seed2031_canonical_fixed512,uniform_probability,B,32,0.0,0.1096774193548387,0.1096774193548387,0.0,0.1096774193548387
banking,2031,canonical,adaptive,day8_banking_private_cau_seed2031_canonical_fixed512,uniform_probability,C,64,0.0,0.0,0.0,0.0,0.0
banking,2031,canonical,static_rank8_frozen,day6_banking_private_single_seed2031_canonical,frozen_centroid,A,16,0.1649484536082474,0.4570446735395189,0.4776632302405498,0.02061855670103091,0.2920962199312715
banking,2031,canonical,static_rank8_frozen,day6_banking_private_single_seed2031_canonical,frozen_centroid,B,32,0.0,0.232258064516129,0.232258064516129,0.0,0.232258064516129
banking,2031,canonical,static_rank8_frozen,day6_banking_private_single_seed2031_canonical,frozen_centroid,C,64,0.0,0.0,0.0,0.0,0.0
banking,2031,canonical,static_rank8_frozen,day6_banking_private_single_seed2031_canonical,last_active,A,16,0.1649484536082474,0.4570446735395189,0.4776632302405498,0.02061855670103091,0.2920962199312715
banking,2031,canonical,static_rank8_frozen,day6_banking_private_single_seed2031_canonical,last_active,B,32,0.0,0.232258064516129,0.232258064516129,0.0,0.232258064516129
banking,2031,canonical,static_rank8_frozen,day6_banking_private_single_seed2031_canonical,last_active,C,64,0.0,0.0,0.0,0.0,0.0
banking,2031,canonical,static_rank8_frozen,day6_banking_private_single_seed2031_canonical,uniform_probability,A,16,0.1649484536082474,0.4570446735395189,0.4776632302405498,0.02061855670103091,0.2920962199312715
banking,2031,canonical,static_rank8_frozen,day6_banking_private_single_seed2031_canonical,uniform_probability,B,32,0.0,0.232258064516129,0.232258064516129,0.0,0.232258064516129
banking,2031,canonical,static_rank8_frozen,day6_banking_private_single_seed2031_canonical,uniform_probability,C,64,0.0,0.0,0.0,0.0,0.0
banking,2031,canonical,static_rank8_tuned,day17_confirm_rank8_lr200_seed2031_canonical,frozen_centroid,A,16,0.1649484536082474,0.4570446735395189,0.4776632302405498,0.02061855670103091,0.2920962199312715
banking,2031,canonical,static_rank8_tuned,day17_confirm_rank8_lr200_seed2031_canonical,frozen_centroid,B,32,0.0,0.232258064516129,0.232258064516129,0.0,0.232258064516129
banking,2031,canonical,static_rank8_tuned,day17_confirm_rank8_lr200_seed2031_canonical,frozen_centroid,C,64,0.0,0.0,0.0,0.0,0.0
banking,2031,canonical,static_rank8_tuned,day17_confirm_rank8_lr200_seed2031_canonical,last_active,A,16,0.1649484536082474,0.4570446735395189,0.4776632302405498,0.02061855670103091,0.2920962199312715
banking,2031,canonical,static_rank8_tuned,day17_confirm_rank8_lr200_seed2031_canonical,last_active,B,32,0.0,0.232258064516129,0.232258064516129,0.0,0.232258064516129
banking,2031,canonical,static_rank8_tuned,day17_confirm_rank8_lr200_seed2031_canonical,last_active,C,64,0.0,0.0,0.0,0.0,0.0
banking,2031,canonical,static_rank8_tuned,day17_confirm_rank8_lr200_seed2031_canonical,uniform_probability,A,16,0.1649484536082474,0.4570446735395189,0.4776632302405498,0.02061855670103091,0.2920962199312715
banking,2031,canonical,static_rank8_tuned,day17_confirm_rank8_lr200_seed2031_canonical,uniform_probability,B,32,0.0,0.232258064516129,0.232258064516129,0.0,0.232258064516129
banking,2031,canonical,static_rank8_tuned,day17_confirm_rank8_lr200_seed2031_canonical,uniform_probability,C,64,0.0,0.0,0.0,0.0,0.0
banking,2031,canonical,static_rank96_tuned,day17_confirm_rank96_lr100_seed2031_canonical,frozen_centroid,A,16,0.1168384879725085,0.1065292096219931,0.3402061855670103,0.23367697594501724,-0.0103092783505154
banking,2031,canonical,static_rank96_tuned,day17_confirm_rank96_lr100_seed2031_canonical,frozen_centroid,B,32,0.0870967741935483,0.2709677419354839,0.2709677419354839,0.0,0.1838709677419356
banking,2031,canonical,static_rank96_tuned,day17_confirm_rank96_lr100_seed2031_canonical,frozen_centroid,C,64,0.0,0.0,0.0,0.0,0.0
banking,2031,canonical,static_rank96_tuned,day17_confirm_rank96_lr100_seed2031_canonical,last_active,A,16,0.1168384879725085,0.1065292096219931,0.3402061855670103,0.23367697594501724,-0.0103092783505154
banking,2031,canonical,static_rank96_tuned,day17_confirm_rank96_lr100_seed2031_canonical,last_active,B,32,0.0870967741935483,0.2709677419354839,0.2709677419354839,0.0,0.1838709677419356
banking,2031,canonical,static_rank96_tuned,day17_confirm_rank96_lr100_seed2031_canonical,last_active,C,64,0.0,0.0,0.0,0.0,0.0
banking,2031,canonical,static_rank96_tuned,day17_confirm_rank96_lr100_seed2031_canonical,uniform_probability,A,16,0.1168384879725085,0.1065292096219931,0.3402061855670103,0.23367697594501724,-0.0103092783505154
banking,2031,canonical,static_rank96_tuned,day17_confirm_rank96_lr100_seed2031_canonical,uniform_probability,B,32,0.0870967741935483,0.2709677419354839,0.2709677419354839,0.0,0.1838709677419356
banking,2031,canonical,static_rank96_tuned,day17_confirm_rank96_lr100_seed2031_canonical,uniform_probability,C,64,0.0,0.0,0.0,0.0,0.0
banking,2031,b_first,adaptive,day8_banking_private_cau_seed2031_b_first_fixed512,frozen_centroid,A,32,0.0309278350515463,0.2233676975945017,0.2233676975945017,0.0,0.1924398625429554
banking,2031,b_first,adaptive,day8_banking_private_cau_seed2031_b_first_fixed512,frozen_centroid,B,16,0.2129032258064516,0.164516129032258,0.2129032258064516,0.04838709677419359,-0.04838709677419359
banking,2031,b_first,adaptive,day8_banking_private_cau_seed2031_b_first_fixed512,frozen_centroid,C,64,0.1355311355311355,0.1355311355311355,0.1355311355311355,0.0,0.0
banking,2031,b_first,adaptive,day8_banking_private_cau_seed2031_b_first_fixed512,last_active,A,32,0.140893470790378,0.3161512027491409,0.3161512027491409,0.0,0.17525773195876287
banking,2031,b_first,adaptive,day8_banking_private_cau_seed2031_b_first_fixed512,last_active,B,16,0.2129032258064516,0.0,0.2483870967741935,0.2483870967741935,-0.2129032258064516
banking,2031,b_first,adaptive,day8_banking_private_cau_seed2031_b_first_fixed512,last_active,C,64,0.2197802197802197,0.0,0.2197802197802197,0.2197802197802197,-0.2197802197802197
banking,2031,b_first,adaptive,day8_banking_private_cau_seed2031_b_first_fixed512,uniform_probability,A,32,0.0274914089347079,0.2886597938144329,0.2886597938144329,0.0,0.261168384879725
banking,2031,b_first,adaptive,day8_banking_private_cau_seed2031_b_first_fixed512,uniform_probability,B,16,0.2129032258064516,0.1,0.232258064516129,0.13225806451612898,-0.1129032258064516
banking,2031,b_first,adaptive,day8_banking_private_cau_seed2031_b_first_fixed512,uniform_probability,C,64,0.0,0.0,0.0,0.0,0.0
banking,2031,b_first,static_rank8_frozen,day6_banking_private_single_seed2031_b_first,frozen_centroid,A,32,0.0,0.1718213058419244,0.1718213058419244,0.0,0.1718213058419244
banking,2031,b_first,static_rank8_frozen,day6_banking_private_single_seed2031_b_first,frozen_centroid,B,16,0.2129032258064516,0.3129032258064516,0.4,0.08709677419354844,0.09999999999999998
banking,2031,b_first,static_rank8_frozen,day6_banking_private_single_seed2031_b_first,frozen_centroid,C,64,0.0,0.0,0.0,0.0,0.0
banking,2031,b_first,static_rank8_frozen,day6_banking_private_single_seed2031_b_first,last_active,A,32,0.0,0.1718213058419244,0.1718213058419244,0.0,0.1718213058419244
banking,2031,b_first,static_rank8_frozen,day6_banking_private_single_seed2031_b_first,last_active,B,16,0.2129032258064516,0.3129032258064516,0.4,0.08709677419354844,0.09999999999999998
banking,2031,b_first,static_rank8_frozen,day6_banking_private_single_seed2031_b_first,last_active,C,64,0.0,0.0,0.0,0.0,0.0
banking,2031,b_first,static_rank8_frozen,day6_banking_private_single_seed2031_b_first,uniform_probability,A,32,0.0,0.1718213058419244,0.1718213058419244,0.0,0.1718213058419244
banking,2031,b_first,static_rank8_frozen,day6_banking_private_single_seed2031_b_first,uniform_probability,B,16,0.2129032258064516,0.3129032258064516,0.4,0.08709677419354844,0.09999999999999998
banking,2031,b_first,static_rank8_frozen,day6_banking_private_single_seed2031_b_first,uniform_probability,C,64,0.0,0.0,0.0,0.0,0.0
banking,2031,b_first,static_rank8_tuned,day17_confirm_rank8_lr200_seed2031_b_first,frozen_centroid,A,32,0.0,0.1718213058419244,0.1718213058419244,0.0,0.1718213058419244
banking,2031,b_first,static_rank8_tuned,day17_confirm_rank8_lr200_seed2031_b_first,frozen_centroid,B,16,0.2129032258064516,0.3129032258064516,0.4,0.08709677419354844,0.09999999999999998
banking,2031,b_first,static_rank8_tuned,day17_confirm_rank8_lr200_seed2031_b_first,frozen_centroid,C,64,0.0,0.0,0.0,0.0,0.0
banking,2031,b_first,static_rank8_tuned,day17_confirm_rank8_lr200_seed2031_b_first,last_active,A,32,0.0,0.1718213058419244,0.1718213058419244,0.0,0.1718213058419244
banking,2031,b_first,static_rank8_tuned,day17_confirm_rank8_lr200_seed2031_b_first,last_active,B,16,0.2129032258064516,0.3129032258064516,0.4,0.08709677419354844,0.09999999999999998
banking,2031,b_first,static_rank8_tuned,day17_confirm_rank8_lr200_seed2031_b_first,last_active,C,64,0.0,0.0,0.0,0.0,0.0
banking,2031,b_first,static_rank8_tuned,day17_confirm_rank8_lr200_seed2031_b_first,uniform_probability,A,32,0.0,0.1718213058419244,0.1718213058419244,0.0,0.1718213058419244
banking,2031,b_first,static_rank8_tuned,day17_confirm_rank8_lr200_seed2031_b_first,uniform_probability,B,16,0.2129032258064516,0.3129032258064516,0.4,0.08709677419354844,0.09999999999999998
banking,2031,b_first,static_rank8_tuned,day17_confirm_rank8_lr200_seed2031_b_first,uniform_probability,C,64,0.0,0.0,0.0,0.0,0.0
banking,2031,b_first,static_rank96_tuned,day17_confirm_rank96_lr100_seed2031_b_first,frozen_centroid,A,32,0.1134020618556701,0.120274914089347,0.120274914089347,0.0,0.006872852233676896
banking,2031,b_first,static_rank96_tuned,day17_confirm_rank96_lr100_seed2031_b_first,frozen_centroid,B,16,0.2,0.0258064516129032,0.3193548387096774,0.2935483870967742,-0.1741935483870968
banking,2031,b_first,static_rank96_tuned,day17_confirm_rank96_lr100_seed2031_b_first,frozen_centroid,C,64,0.0,0.0,0.0,0.0,0.0
banking,2031,b_first,static_rank96_tuned,day17_confirm_rank96_lr100_seed2031_b_first,last_active,A,32,0.1134020618556701,0.120274914089347,0.120274914089347,0.0,0.006872852233676896
banking,2031,b_first,static_rank96_tuned,day17_confirm_rank96_lr100_seed2031_b_first,last_active,B,16,0.2,0.0258064516129032,0.3193548387096774,0.2935483870967742,-0.1741935483870968
banking,2031,b_first,static_rank96_tuned,day17_confirm_rank96_lr100_seed2031_b_first,last_active,C,64,0.0,0.0,0.0,0.0,0.0
banking,2031,b_first,static_rank96_tuned,day17_confirm_rank96_lr100_seed2031_b_first,uniform_probability,A,32,0.1134020618556701,0.120274914089347,0.120274914089347,0.0,0.006872852233676896
banking,2031,b_first,static_rank96_tuned,day17_confirm_rank96_lr100_seed2031_b_first,uniform_probability,B,16,0.2,0.0258064516129032,0.3193548387096774,0.2935483870967742,-0.1741935483870968
banking,2031,b_first,static_rank96_tuned,day17_confirm_rank96_lr100_seed2031_b_first,uniform_probability,C,64,0.0,0.0,0.0,0.0,0.0
amazon,2027,canonical,adaptive,day8_amazon_private_cau_seed2027_canonical_fixed512,frozen_centroid,A,16,0.8359375,0.859375,0.875,0.015625,0.0234375
amazon,2027,canonical,adaptive,day8_amazon_private_cau_seed2027_canonical_fixed512,frozen_centroid,B,32,0.8515625,0.8671875,0.8671875,0.0,0.015625
amazon,2027,canonical,adaptive,day8_amazon_private_cau_seed2027_canonical_fixed512,frozen_centroid,C,64,0.828125,0.828125,0.828125,0.0,0.0
amazon,2027,canonical,adaptive,day8_amazon_private_cau_seed2027_canonical_fixed512,last_active,A,16,0.8359375,0.859375,0.875,0.015625,0.0234375
amazon,2027,canonical,adaptive,day8_amazon_private_cau_seed2027_canonical_fixed512,last_active,B,32,0.8515625,0.8671875,0.8671875,0.0,0.015625
amazon,2027,canonical,adaptive,day8_amazon_private_cau_seed2027_canonical_fixed512,last_active,C,64,0.828125,0.828125,0.828125,0.0,0.0
amazon,2027,canonical,adaptive,day8_amazon_private_cau_seed2027_canonical_fixed512,uniform_probability,A,16,0.8359375,0.859375,0.875,0.015625,0.0234375
amazon,2027,canonical,adaptive,day8_amazon_private_cau_seed2027_canonical_fixed512,uniform_probability,B,32,0.8515625,0.8671875,0.8671875,0.0,0.015625
amazon,2027,canonical,adaptive,day8_amazon_private_cau_seed2027_canonical_fixed512,uniform_probability,C,64,0.828125,0.828125,0.828125,0.0,0.0
amazon,2027,canonical,static_rank8_frozen,day6_amazon_private_single_seed2027_canonical,frozen_centroid,A,16,0.8359375,0.8515625,0.875,0.0234375,0.015625
amazon,2027,canonical,static_rank8_frozen,day6_amazon_private_single_seed2027_canonical,frozen_centroid,B,32,0.8515625,0.8671875,0.8671875,0.0,0.015625
amazon,2027,canonical,static_rank8_frozen,day6_amazon_private_single_seed2027_canonical,frozen_centroid,C,64,0.7890625,0.8203125,0.8203125,0.0,0.03125
amazon,2027,canonical,static_rank8_frozen,day6_amazon_private_single_seed2027_canonical,last_active,A,16,0.8359375,0.8515625,0.875,0.0234375,0.015625
amazon,2027,canonical,static_rank8_frozen,day6_amazon_private_single_seed2027_canonical,last_active,B,32,0.8515625,0.8671875,0.8671875,0.0,0.015625
amazon,2027,canonical,static_rank8_frozen,day6_amazon_private_single_seed2027_canonical,last_active,C,64,0.7890625,0.8203125,0.8203125,0.0,0.03125
amazon,2027,canonical,static_rank8_frozen,day6_amazon_private_single_seed2027_canonical,uniform_probability,A,16,0.8359375,0.8515625,0.875,0.0234375,0.015625
amazon,2027,canonical,static_rank8_frozen,day6_amazon_private_single_seed2027_canonical,uniform_probability,B,32,0.8515625,0.8671875,0.8671875,0.0,0.015625
amazon,2027,canonical,static_rank8_frozen,day6_amazon_private_single_seed2027_canonical,uniform_probability,C,64,0.7890625,0.8203125,0.8203125,0.0,0.03125
amazon,2027,b_first,adaptive,day8_amazon_private_cau_seed2027_b_first_fixed512,frozen_centroid,A,32,0.859375,0.875,0.875,0.0,0.015625
amazon,2027,b_first,adaptive,day8_amazon_private_cau_seed2027_b_first_fixed512,frozen_centroid,B,16,0.703125,0.8828125,0.8828125,0.0,0.1796875
amazon,2027,b_first,adaptive,day8_amazon_private_cau_seed2027_b_first_fixed512,frozen_centroid,C,64,0.7890625,0.8203125,0.8203125,0.0,0.03125
amazon,2027,b_first,adaptive,day8_amazon_private_cau_seed2027_b_first_fixed512,last_active,A,32,0.859375,0.875,0.875,0.0,0.015625
amazon,2027,b_first,adaptive,day8_amazon_private_cau_seed2027_b_first_fixed512,last_active,B,16,0.703125,0.8828125,0.8828125,0.0,0.1796875
amazon,2027,b_first,adaptive,day8_amazon_private_cau_seed2027_b_first_fixed512,last_active,C,64,0.7890625,0.8203125,0.8203125,0.0,0.03125
amazon,2027,b_first,adaptive,day8_amazon_private_cau_seed2027_b_first_fixed512,uniform_probability,A,32,0.859375,0.875,0.875,0.0,0.015625
amazon,2027,b_first,adaptive,day8_amazon_private_cau_seed2027_b_first_fixed512,uniform_probability,B,16,0.703125,0.8828125,0.8828125,0.0,0.1796875
amazon,2027,b_first,adaptive,day8_amazon_private_cau_seed2027_b_first_fixed512,uniform_probability,C,64,0.7890625,0.8203125,0.8203125,0.0,0.03125
amazon,2027,b_first,static_rank8_frozen,day6_amazon_private_single_seed2027_b_first,frozen_centroid,A,32,0.859375,0.875,0.890625,0.015625,0.015625
amazon,2027,b_first,static_rank8_frozen,day6_amazon_private_single_seed2027_b_first,frozen_centroid,B,16,0.703125,0.8828125,0.8828125,0.0,0.1796875
amazon,2027,b_first,static_rank8_frozen,day6_amazon_private_single_seed2027_b_first,frozen_centroid,C,64,0.7890625,0.8125,0.8125,0.0,0.0234375
amazon,2027,b_first,static_rank8_frozen,day6_amazon_private_single_seed2027_b_first,last_active,A,32,0.859375,0.875,0.890625,0.015625,0.015625
amazon,2027,b_first,static_rank8_frozen,day6_amazon_private_single_seed2027_b_first,last_active,B,16,0.703125,0.8828125,0.8828125,0.0,0.1796875
amazon,2027,b_first,static_rank8_frozen,day6_amazon_private_single_seed2027_b_first,last_active,C,64,0.7890625,0.8125,0.8125,0.0,0.0234375
amazon,2027,b_first,static_rank8_frozen,day6_amazon_private_single_seed2027_b_first,uniform_probability,A,32,0.859375,0.875,0.890625,0.015625,0.015625
amazon,2027,b_first,static_rank8_frozen,day6_amazon_private_single_seed2027_b_first,uniform_probability,B,16,0.703125,0.8828125,0.8828125,0.0,0.1796875
amazon,2027,b_first,static_rank8_frozen,day6_amazon_private_single_seed2027_b_first,uniform_probability,C,64,0.7890625,0.8125,0.8125,0.0,0.0234375
amazon,2028,canonical,adaptive,day8_amazon_private_cau_seed2028_canonical_fixed512,frozen_centroid,A,16,0.578125,0.875,0.875,0.0,0.296875
amazon,2028,canonical,adaptive,day8_amazon_private_cau_seed2028_canonical_fixed512,frozen_centroid,B,32,0.8046875,0.8125,0.859375,0.046875,0.0078125
amazon,2028,canonical,adaptive,day8_amazon_private_cau_seed2028_canonical_fixed512,frozen_centroid,C,64,0.8125,0.8125,0.8125,0.0,0.0
amazon,2028,canonical,adaptive,day8_amazon_private_cau_seed2028_canonical_fixed512,last_active,A,16,0.578125,0.875,0.875,0.0,0.296875
amazon,2028,canonical,adaptive,day8_amazon_private_cau_seed2028_canonical_fixed512,last_active,B,32,0.8046875,0.8125,0.859375,0.046875,0.0078125
amazon,2028,canonical,adaptive,day8_amazon_private_cau_seed2028_canonical_fixed512,last_active,C,64,0.8125,0.8125,0.8125,0.0,0.0
amazon,2028,canonical,adaptive,day8_amazon_private_cau_seed2028_canonical_fixed512,uniform_probability,A,16,0.578125,0.875,0.875,0.0,0.296875
amazon,2028,canonical,adaptive,day8_amazon_private_cau_seed2028_canonical_fixed512,uniform_probability,B,32,0.8046875,0.8125,0.859375,0.046875,0.0078125
amazon,2028,canonical,adaptive,day8_amazon_private_cau_seed2028_canonical_fixed512,uniform_probability,C,64,0.8125,0.8125,0.8125,0.0,0.0
amazon,2028,canonical,static_rank8_frozen,day6_amazon_private_single_seed2028_canonical,frozen_centroid,A,16,0.578125,0.8828125,0.8828125,0.0,0.3046875
amazon,2028,canonical,static_rank8_frozen,day6_amazon_private_single_seed2028_canonical,frozen_centroid,B,32,0.8046875,0.8671875,0.8671875,0.0,0.0625
amazon,2028,canonical,static_rank8_frozen,day6_amazon_private_single_seed2028_canonical,frozen_centroid,C,64,0.8359375,0.828125,0.8359375,0.0078125,-0.0078125
amazon,2028,canonical,static_rank8_frozen,day6_amazon_private_single_seed2028_canonical,last_active,A,16,0.578125,0.8828125,0.8828125,0.0,0.3046875
amazon,2028,canonical,static_rank8_frozen,day6_amazon_private_single_seed2028_canonical,last_active,B,32,0.8046875,0.8671875,0.8671875,0.0,0.0625
amazon,2028,canonical,static_rank8_frozen,day6_amazon_private_single_seed2028_canonical,last_active,C,64,0.8359375,0.828125,0.8359375,0.0078125,-0.0078125
amazon,2028,canonical,static_rank8_frozen,day6_amazon_private_single_seed2028_canonical,uniform_probability,A,16,0.578125,0.8828125,0.8828125,0.0,0.3046875
amazon,2028,canonical,static_rank8_frozen,day6_amazon_private_single_seed2028_canonical,uniform_probability,B,32,0.8046875,0.8671875,0.8671875,0.0,0.0625
amazon,2028,canonical,static_rank8_frozen,day6_amazon_private_single_seed2028_canonical,uniform_probability,C,64,0.8359375,0.828125,0.8359375,0.0078125,-0.0078125
amazon,2028,b_first,adaptive,day8_amazon_private_cau_seed2028_b_first_fixed512,frozen_centroid,A,32,0.8203125,0.875,0.875,0.0,0.0546875
amazon,2028,b_first,adaptive,day8_amazon_private_cau_seed2028_b_first_fixed512,frozen_centroid,B,16,0.765625,0.8515625,0.8515625,0.0,0.0859375
amazon,2028,b_first,adaptive,day8_amazon_private_cau_seed2028_b_first_fixed512,frozen_centroid,C,64,0.8046875,0.7890625,0.8046875,0.015625,-0.015625
amazon,2028,b_first,adaptive,day8_amazon_private_cau_seed2028_b_first_fixed512,last_active,A,32,0.8203125,0.875,0.875,0.0,0.0546875
amazon,2028,b_first,adaptive,day8_amazon_private_cau_seed2028_b_first_fixed512,last_active,B,16,0.765625,0.8515625,0.8515625,0.0,0.0859375
amazon,2028,b_first,adaptive,day8_amazon_private_cau_seed2028_b_first_fixed512,last_active,C,64,0.8046875,0.7890625,0.8046875,0.015625,-0.015625
amazon,2028,b_first,adaptive,day8_amazon_private_cau_seed2028_b_first_fixed512,uniform_probability,A,32,0.8203125,0.875,0.875,0.0,0.0546875
amazon,2028,b_first,adaptive,day8_amazon_private_cau_seed2028_b_first_fixed512,uniform_probability,B,16,0.765625,0.8515625,0.8515625,0.0,0.0859375
amazon,2028,b_first,adaptive,day8_amazon_private_cau_seed2028_b_first_fixed512,uniform_probability,C,64,0.8046875,0.7890625,0.8046875,0.015625,-0.015625
amazon,2028,b_first,static_rank8_frozen,day6_amazon_private_single_seed2028_b_first,frozen_centroid,A,32,0.8203125,0.890625,0.890625,0.0,0.0703125
amazon,2028,b_first,static_rank8_frozen,day6_amazon_private_single_seed2028_b_first,frozen_centroid,B,16,0.765625,0.8671875,0.8671875,0.0,0.1015625
amazon,2028,b_first,static_rank8_frozen,day6_amazon_private_single_seed2028_b_first,frozen_centroid,C,64,0.8359375,0.8046875,0.8359375,0.03125,-0.03125
amazon,2028,b_first,static_rank8_frozen,day6_amazon_private_single_seed2028_b_first,last_active,A,32,0.8203125,0.890625,0.890625,0.0,0.0703125
amazon,2028,b_first,static_rank8_frozen,day6_amazon_private_single_seed2028_b_first,last_active,B,16,0.765625,0.8671875,0.8671875,0.0,0.1015625
amazon,2028,b_first,static_rank8_frozen,day6_amazon_private_single_seed2028_b_first,last_active,C,64,0.8359375,0.8046875,0.8359375,0.03125,-0.03125
amazon,2028,b_first,static_rank8_frozen,day6_amazon_private_single_seed2028_b_first,uniform_probability,A,32,0.8203125,0.890625,0.890625,0.0,0.0703125
amazon,2028,b_first,static_rank8_frozen,day6_amazon_private_single_seed2028_b_first,uniform_probability,B,16,0.765625,0.8671875,0.8671875,0.0,0.1015625
amazon,2028,b_first,static_rank8_frozen,day6_amazon_private_single_seed2028_b_first,uniform_probability,C,64,0.8359375,0.8046875,0.8359375,0.03125,-0.03125
amazon,2029,canonical,adaptive,day8_amazon_private_cau_seed2029_canonical_fixed512,frozen_centroid,A,16,0.7265625,0.8125,0.8828125,0.0703125,0.0859375
amazon,2029,canonical,adaptive,day8_amazon_private_cau_seed2029_canonical_fixed512,frozen_centroid,B,32,0.8515625,0.671875,0.8515625,0.1796875,-0.1796875
amazon,2029,canonical,adaptive,day8_amazon_private_cau_seed2029_canonical_fixed512,frozen_centroid,C,64,0.78125,0.765625,0.78125,0.015625,-0.015625
amazon,2029,canonical,adaptive,day8_amazon_private_cau_seed2029_canonical_fixed512,last_active,A,16,0.7265625,0.515625,0.8828125,0.3671875,-0.2109375
amazon,2029,canonical,adaptive,day8_amazon_private_cau_seed2029_canonical_fixed512,last_active,B,32,0.8515625,0.5,0.8515625,0.3515625,-0.3515625
amazon,2029,canonical,adaptive,day8_amazon_private_cau_seed2029_canonical_fixed512,last_active,C,64,0.78125,0.5,0.78125,0.28125,-0.28125
amazon,2029,canonical,adaptive,day8_amazon_private_cau_seed2029_canonical_fixed512,uniform_probability,A,16,0.7265625,0.828125,0.8828125,0.0546875,0.1015625
amazon,2029,canonical,adaptive,day8_amazon_private_cau_seed2029_canonical_fixed512,uniform_probability,B,32,0.8515625,0.8359375,0.8515625,0.015625,-0.015625
amazon,2029,canonical,adaptive,day8_amazon_private_cau_seed2029_canonical_fixed512,uniform_probability,C,64,0.78125,0.78125,0.78125,0.0,0.0
amazon,2029,canonical,static_rank8_frozen,day6_amazon_private_single_seed2029_canonical,frozen_centroid,A,16,0.7265625,0.875,0.8828125,0.0078125,0.1484375
amazon,2029,canonical,static_rank8_frozen,day6_amazon_private_single_seed2029_canonical,frozen_centroid,B,32,0.8515625,0.859375,0.859375,0.0,0.0078125
amazon,2029,canonical,static_rank8_frozen,day6_amazon_private_single_seed2029_canonical,frozen_centroid,C,64,0.7578125,0.828125,0.828125,0.0,0.0703125
amazon,2029,canonical,static_rank8_frozen,day6_amazon_private_single_seed2029_canonical,last_active,A,16,0.7265625,0.875,0.8828125,0.0078125,0.1484375
amazon,2029,canonical,static_rank8_frozen,day6_amazon_private_single_seed2029_canonical,last_active,B,32,0.8515625,0.859375,0.859375,0.0,0.0078125
amazon,2029,canonical,static_rank8_frozen,day6_amazon_private_single_seed2029_canonical,last_active,C,64,0.7578125,0.828125,0.828125,0.0,0.0703125
amazon,2029,canonical,static_rank8_frozen,day6_amazon_private_single_seed2029_canonical,uniform_probability,A,16,0.7265625,0.875,0.8828125,0.0078125,0.1484375
amazon,2029,canonical,static_rank8_frozen,day6_amazon_private_single_seed2029_canonical,uniform_probability,B,32,0.8515625,0.859375,0.859375,0.0,0.0078125
amazon,2029,canonical,static_rank8_frozen,day6_amazon_private_single_seed2029_canonical,uniform_probability,C,64,0.7578125,0.828125,0.828125,0.0,0.0703125
amazon,2029,b_first,adaptive,day8_amazon_private_cau_seed2029_b_first_fixed512,frozen_centroid,A,32,0.859375,0.875,0.875,0.0,0.015625
amazon,2029,b_first,adaptive,day8_amazon_private_cau_seed2029_b_first_fixed512,frozen_centroid,B,16,0.7890625,0.84375,0.84375,0.0,0.0546875
amazon,2029,b_first,adaptive,day8_amazon_private_cau_seed2029_b_first_fixed512,frozen_centroid,C,64,0.7734375,0.8125,0.8125,0.0,0.0390625
amazon,2029,b_first,adaptive,day8_amazon_private_cau_seed2029_b_first_fixed512,last_active,A,32,0.859375,0.875,0.875,0.0,0.015625
amazon,2029,b_first,adaptive,day8_amazon_private_cau_seed2029_b_first_fixed512,last_active,B,16,0.7890625,0.84375,0.84375,0.0,0.0546875
amazon,2029,b_first,adaptive,day8_amazon_private_cau_seed2029_b_first_fixed512,last_active,C,64,0.7734375,0.8125,0.8125,0.0,0.0390625
amazon,2029,b_first,adaptive,day8_amazon_private_cau_seed2029_b_first_fixed512,uniform_probability,A,32,0.859375,0.875,0.875,0.0,0.015625
amazon,2029,b_first,adaptive,day8_amazon_private_cau_seed2029_b_first_fixed512,uniform_probability,B,16,0.7890625,0.84375,0.84375,0.0,0.0546875
amazon,2029,b_first,adaptive,day8_amazon_private_cau_seed2029_b_first_fixed512,uniform_probability,C,64,0.7734375,0.8125,0.8125,0.0,0.0390625
amazon,2029,b_first,static_rank8_frozen,day6_amazon_private_single_seed2029_b_first,frozen_centroid,A,32,0.859375,0.875,0.875,0.0,0.015625
amazon,2029,b_first,static_rank8_frozen,day6_amazon_private_single_seed2029_b_first,frozen_centroid,B,16,0.7890625,0.84375,0.84375,0.0,0.0546875
amazon,2029,b_first,static_rank8_frozen,day6_amazon_private_single_seed2029_b_first,frozen_centroid,C,64,0.7734375,0.8125,0.8125,0.0,0.0390625
amazon,2029,b_first,static_rank8_frozen,day6_amazon_private_single_seed2029_b_first,last_active,A,32,0.859375,0.875,0.875,0.0,0.015625
amazon,2029,b_first,static_rank8_frozen,day6_amazon_private_single_seed2029_b_first,last_active,B,16,0.7890625,0.84375,0.84375,0.0,0.0546875
amazon,2029,b_first,static_rank8_frozen,day6_amazon_private_single_seed2029_b_first,last_active,C,64,0.7734375,0.8125,0.8125,0.0,0.0390625
amazon,2029,b_first,static_rank8_frozen,day6_amazon_private_single_seed2029_b_first,uniform_probability,A,32,0.859375,0.875,0.875,0.0,0.015625
amazon,2029,b_first,static_rank8_frozen,day6_amazon_private_single_seed2029_b_first,uniform_probability,B,16,0.7890625,0.84375,0.84375,0.0,0.0546875
amazon,2029,b_first,static_rank8_frozen,day6_amazon_private_single_seed2029_b_first,uniform_probability,C,64,0.7734375,0.8125,0.8125,0.0,0.0390625
amazon,2030,canonical,adaptive,day8_amazon_private_cau_seed2030_canonical_fixed512,frozen_centroid,A,16,0.7578125,0.8515625,0.859375,0.0078125,0.09375
amazon,2030,canonical,adaptive,day8_amazon_private_cau_seed2030_canonical_fixed512,frozen_centroid,B,32,0.7734375,0.7890625,0.84375,0.0546875,0.015625
amazon,2030,canonical,adaptive,day8_amazon_private_cau_seed2030_canonical_fixed512,frozen_centroid,C,64,0.765625,0.765625,0.765625,0.0,0.0
amazon,2030,canonical,adaptive,day8_amazon_private_cau_seed2030_canonical_fixed512,last_active,A,16,0.7578125,0.8515625,0.859375,0.0078125,0.09375
amazon,2030,canonical,adaptive,day8_amazon_private_cau_seed2030_canonical_fixed512,last_active,B,32,0.7734375,0.7890625,0.84375,0.0546875,0.015625
amazon,2030,canonical,adaptive,day8_amazon_private_cau_seed2030_canonical_fixed512,last_active,C,64,0.765625,0.765625,0.765625,0.0,0.0
amazon,2030,canonical,adaptive,day8_amazon_private_cau_seed2030_canonical_fixed512,uniform_probability,A,16,0.7578125,0.8515625,0.859375,0.0078125,0.09375
amazon,2030,canonical,adaptive,day8_amazon_private_cau_seed2030_canonical_fixed512,uniform_probability,B,32,0.7734375,0.7890625,0.84375,0.0546875,0.015625
amazon,2030,canonical,adaptive,day8_amazon_private_cau_seed2030_canonical_fixed512,uniform_probability,C,64,0.765625,0.765625,0.765625,0.0,0.0
amazon,2030,canonical,static_rank8_frozen,day6_amazon_private_single_seed2030_canonical,frozen_centroid,A,16,0.7578125,0.875,0.8828125,0.0078125,0.1171875
amazon,2030,canonical,static_rank8_frozen,day6_amazon_private_single_seed2030_canonical,frozen_centroid,B,32,0.7734375,0.84375,0.8515625,0.0078125,0.0703125
amazon,2030,canonical,static_rank8_frozen,day6_amazon_private_single_seed2030_canonical,frozen_centroid,C,64,0.8046875,0.8125,0.8125,0.0,0.0078125
amazon,2030,canonical,static_rank8_frozen,day6_amazon_private_single_seed2030_canonical,last_active,A,16,0.7578125,0.875,0.8828125,0.0078125,0.1171875
amazon,2030,canonical,static_rank8_frozen,day6_amazon_private_single_seed2030_canonical,last_active,B,32,0.7734375,0.84375,0.8515625,0.0078125,0.0703125
amazon,2030,canonical,static_rank8_frozen,day6_amazon_private_single_seed2030_canonical,last_active,C,64,0.8046875,0.8125,0.8125,0.0,0.0078125
amazon,2030,canonical,static_rank8_frozen,day6_amazon_private_single_seed2030_canonical,uniform_probability,A,16,0.7578125,0.875,0.8828125,0.0078125,0.1171875
amazon,2030,canonical,static_rank8_frozen,day6_amazon_private_single_seed2030_canonical,uniform_probability,B,32,0.7734375,0.84375,0.8515625,0.0078125,0.0703125
amazon,2030,canonical,static_rank8_frozen,day6_amazon_private_single_seed2030_canonical,uniform_probability,C,64,0.8046875,0.8125,0.8125,0.0,0.0078125
amazon,2030,b_first,adaptive,day8_amazon_private_cau_seed2030_b_first_fixed512,frozen_centroid,A,32,0.859375,0.890625,0.890625,0.0,0.03125
amazon,2030,b_first,adaptive,day8_amazon_private_cau_seed2030_b_first_fixed512,frozen_centroid,B,16,0.6640625,0.875,0.875,0.0,0.2109375
amazon,2030,b_first,adaptive,day8_amazon_private_cau_seed2030_b_first_fixed512,frozen_centroid,C,64,0.828125,0.8203125,0.828125,0.0078125,-0.0078125
amazon,2030,b_first,adaptive,day8_amazon_private_cau_seed2030_b_first_fixed512,last_active,A,32,0.859375,0.890625,0.890625,0.0,0.03125
amazon,2030,b_first,adaptive,day8_amazon_private_cau_seed2030_b_first_fixed512,last_active,B,16,0.6640625,0.875,0.875,0.0,0.2109375
amazon,2030,b_first,adaptive,day8_amazon_private_cau_seed2030_b_first_fixed512,last_active,C,64,0.828125,0.8203125,0.828125,0.0078125,-0.0078125
amazon,2030,b_first,adaptive,day8_amazon_private_cau_seed2030_b_first_fixed512,uniform_probability,A,32,0.859375,0.890625,0.890625,0.0,0.03125
amazon,2030,b_first,adaptive,day8_amazon_private_cau_seed2030_b_first_fixed512,uniform_probability,B,16,0.6640625,0.875,0.875,0.0,0.2109375
amazon,2030,b_first,adaptive,day8_amazon_private_cau_seed2030_b_first_fixed512,uniform_probability,C,64,0.828125,0.8203125,0.828125,0.0078125,-0.0078125
amazon,2030,b_first,static_rank8_frozen,day6_amazon_private_single_seed2030_b_first,frozen_centroid,A,32,0.859375,0.875,0.875,0.0,0.015625
amazon,2030,b_first,static_rank8_frozen,day6_amazon_private_single_seed2030_b_first,frozen_centroid,B,16,0.6640625,0.8515625,0.8671875,0.015625,0.1875
amazon,2030,b_first,static_rank8_frozen,day6_amazon_private_single_seed2030_b_first,frozen_centroid,C,64,0.828125,0.84375,0.84375,0.0,0.015625
amazon,2030,b_first,static_rank8_frozen,day6_amazon_private_single_seed2030_b_first,last_active,A,32,0.859375,0.875,0.875,0.0,0.015625
amazon,2030,b_first,static_rank8_frozen,day6_amazon_private_single_seed2030_b_first,last_active,B,16,0.6640625,0.8515625,0.8671875,0.015625,0.1875
amazon,2030,b_first,static_rank8_frozen,day6_amazon_private_single_seed2030_b_first,last_active,C,64,0.828125,0.84375,0.84375,0.0,0.015625
amazon,2030,b_first,static_rank8_frozen,day6_amazon_private_single_seed2030_b_first,uniform_probability,A,32,0.859375,0.875,0.875,0.0,0.015625
amazon,2030,b_first,static_rank8_frozen,day6_amazon_private_single_seed2030_b_first,uniform_probability,B,16,0.6640625,0.8515625,0.8671875,0.015625,0.1875
amazon,2030,b_first,static_rank8_frozen,day6_amazon_private_single_seed2030_b_first,uniform_probability,C,64,0.828125,0.84375,0.84375,0.0,0.015625
amazon,2031,canonical,adaptive,day8_amazon_private_cau_seed2031_canonical_fixed512,frozen_centroid,A,16,0.5546875,0.8828125,0.8828125,0.0,0.328125
amazon,2031,canonical,adaptive,day8_amazon_private_cau_seed2031_canonical_fixed512,frozen_centroid,B,32,0.84375,0.8671875,0.8671875,0.0,0.0234375
amazon,2031,canonical,adaptive,day8_amazon_private_cau_seed2031_canonical_fixed512,frozen_centroid,C,64,0.7890625,0.796875,0.796875,0.0,0.0078125
amazon,2031,canonical,adaptive,day8_amazon_private_cau_seed2031_canonical_fixed512,last_active,A,16,0.5546875,0.8828125,0.8828125,0.0,0.328125
amazon,2031,canonical,adaptive,day8_amazon_private_cau_seed2031_canonical_fixed512,last_active,B,32,0.84375,0.8671875,0.8671875,0.0,0.0234375
amazon,2031,canonical,adaptive,day8_amazon_private_cau_seed2031_canonical_fixed512,last_active,C,64,0.7890625,0.796875,0.796875,0.0,0.0078125
amazon,2031,canonical,adaptive,day8_amazon_private_cau_seed2031_canonical_fixed512,uniform_probability,A,16,0.5546875,0.8828125,0.8828125,0.0,0.328125
amazon,2031,canonical,adaptive,day8_amazon_private_cau_seed2031_canonical_fixed512,uniform_probability,B,32,0.84375,0.8671875,0.8671875,0.0,0.0234375
amazon,2031,canonical,adaptive,day8_amazon_private_cau_seed2031_canonical_fixed512,uniform_probability,C,64,0.7890625,0.796875,0.796875,0.0,0.0078125
amazon,2031,canonical,static_rank8_frozen,day6_amazon_private_single_seed2031_canonical,frozen_centroid,A,16,0.5546875,0.8515625,0.8671875,0.015625,0.296875
amazon,2031,canonical,static_rank8_frozen,day6_amazon_private_single_seed2031_canonical,frozen_centroid,B,32,0.84375,0.875,0.875,0.0,0.03125
amazon,2031,canonical,static_rank8_frozen,day6_amazon_private_single_seed2031_canonical,frozen_centroid,C,64,0.796875,0.796875,0.796875,0.0,0.0
amazon,2031,canonical,static_rank8_frozen,day6_amazon_private_single_seed2031_canonical,last_active,A,16,0.5546875,0.8515625,0.8671875,0.015625,0.296875
amazon,2031,canonical,static_rank8_frozen,day6_amazon_private_single_seed2031_canonical,last_active,B,32,0.84375,0.875,0.875,0.0,0.03125
amazon,2031,canonical,static_rank8_frozen,day6_amazon_private_single_seed2031_canonical,last_active,C,64,0.796875,0.796875,0.796875,0.0,0.0
amazon,2031,canonical,static_rank8_frozen,day6_amazon_private_single_seed2031_canonical,uniform_probability,A,16,0.5546875,0.8515625,0.8671875,0.015625,0.296875
amazon,2031,canonical,static_rank8_frozen,day6_amazon_private_single_seed2031_canonical,uniform_probability,B,32,0.84375,0.875,0.875,0.0,0.03125
amazon,2031,canonical,static_rank8_frozen,day6_amazon_private_single_seed2031_canonical,uniform_probability,C,64,0.796875,0.796875,0.796875,0.0,0.0
amazon,2031,b_first,adaptive,day8_amazon_private_cau_seed2031_b_first_fixed512,frozen_centroid,A,32,0.8671875,0.875,0.875,0.0,0.0078125
amazon,2031,b_first,adaptive,day8_amazon_private_cau_seed2031_b_first_fixed512,frozen_centroid,B,16,0.640625,0.8515625,0.8515625,0.0,0.2109375
amazon,2031,b_first,adaptive,day8_amazon_private_cau_seed2031_b_first_fixed512,frozen_centroid,C,64,0.7890625,0.7890625,0.7890625,0.0,0.0
amazon,2031,b_first,adaptive,day8_amazon_private_cau_seed2031_b_first_fixed512,last_active,A,32,0.8671875,0.875,0.875,0.0,0.0078125
amazon,2031,b_first,adaptive,day8_amazon_private_cau_seed2031_b_first_fixed512,last_active,B,16,0.640625,0.8515625,0.8515625,0.0,0.2109375
amazon,2031,b_first,adaptive,day8_amazon_private_cau_seed2031_b_first_fixed512,last_active,C,64,0.7890625,0.7890625,0.7890625,0.0,0.0
amazon,2031,b_first,adaptive,day8_amazon_private_cau_seed2031_b_first_fixed512,uniform_probability,A,32,0.8671875,0.875,0.875,0.0,0.0078125
amazon,2031,b_first,adaptive,day8_amazon_private_cau_seed2031_b_first_fixed512,uniform_probability,B,16,0.640625,0.8515625,0.8515625,0.0,0.2109375
amazon,2031,b_first,adaptive,day8_amazon_private_cau_seed2031_b_first_fixed512,uniform_probability,C,64,0.7890625,0.7890625,0.7890625,0.0,0.0
amazon,2031,b_first,static_rank8_frozen,day6_amazon_private_single_seed2031_b_first,frozen_centroid,A,32,0.8671875,0.875,0.875,0.0,0.0078125
amazon,2031,b_first,static_rank8_frozen,day6_amazon_private_single_seed2031_b_first,frozen_centroid,B,16,0.640625,0.875,0.875,0.0,0.234375
amazon,2031,b_first,static_rank8_frozen,day6_amazon_private_single_seed2031_b_first,frozen_centroid,C,64,0.8125,0.8125,0.8125,0.0,0.0
amazon,2031,b_first,static_rank8_frozen,day6_amazon_private_single_seed2031_b_first,last_active,A,32,0.8671875,0.875,0.875,0.0,0.0078125
amazon,2031,b_first,static_rank8_frozen,day6_amazon_private_single_seed2031_b_first,last_active,B,16,0.640625,0.875,0.875,0.0,0.234375
amazon,2031,b_first,static_rank8_frozen,day6_amazon_private_single_seed2031_b_first,last_active,C,64,0.8125,0.8125,0.8125,0.0,0.0
amazon,2031,b_first,static_rank8_frozen,day6_amazon_private_single_seed2031_b_first,uniform_probability,A,32,0.8671875,0.875,0.875,0.0,0.0078125
amazon,2031,b_first,static_rank8_frozen,day6_amazon_private_single_seed2031_b_first,uniform_probability,B,16,0.640625,0.875,0.875,0.0,0.234375
amazon,2031,b_first,static_rank8_frozen,day6_amazon_private_single_seed2031_b_first,uniform_probability,C,64,0.8125,0.8125,0.8125,0.0,0.0
