regime,architecture,rule,contrast,seed_clusters,mean,ci_low,ci_high
amazon,head_only,linear_hard,fixed_minus_per_adapter,5,0.0,0.0,0.0
amazon,head_only,linear_hard,fixed_minus_single,5,-0.0028645833333333258,-0.024172587754034355,0.0184434210873677
amazon,head_only,linear_hard,fixed_minus_rank96,0,,,
amazon,head_only,linear_probability_mixture,fixed_minus_per_adapter,5,0.0,0.0,0.0
amazon,head_only,linear_probability_mixture,fixed_minus_single,5,-0.0028645833333333258,-0.024172587754034355,0.0184434210873677
amazon,head_only,linear_probability_mixture,fixed_minus_rank96,0,,,
amazon,private,linear_hard,fixed_minus_per_adapter,5,-0.002604166666666663,-0.009834492461452574,0.004626159128119247
amazon,private,linear_hard,fixed_minus_single,5,-0.022395833333333327,-0.05967585869625627,0.014884192029589616
amazon,private,linear_hard,fixed_minus_rank96,0,,,
amazon,private,linear_probability_mixture,fixed_minus_per_adapter,5,-0.00078125,-0.002950347738435777,0.0013878477384357765
amazon,private,linear_probability_mixture,fixed_minus_single,5,-0.01796875,-0.04402301606368379,0.008085516063683799
amazon,private,linear_probability_mixture,fixed_minus_rank96,0,,,
banking,head_only,linear_hard,fixed_minus_per_adapter,5,-0.005098157209896488,-0.01556892752718174,0.005372613107388765
banking,head_only,linear_hard,fixed_minus_single,5,0.0345398993719579,-0.006059865435473037,0.07513966417938883
banking,head_only,linear_hard,fixed_minus_rank96,0,,,
banking,head_only,linear_probability_mixture,fixed_minus_per_adapter,5,-0.0008771474617833258,-0.01204308618024328,0.01028879125667663
banking,head_only,linear_probability_mixture,fixed_minus_single,5,0.03378031642082189,-0.002691828602863121,0.07025246144450689
banking,head_only,linear_probability_mixture,fixed_minus_rank96,0,,,
banking,private,linear_hard,fixed_minus_per_adapter,5,-0.005951883537517072,-0.01484725860885643,0.0029434915338222845
banking,private,linear_hard,fixed_minus_single,5,0.053512264626331775,0.008244227055121442,0.09878030219754211
banking,private,linear_hard,fixed_minus_rank96,5,0.14809970873821884,0.11250246721782996,0.18369695025860772
banking,private,linear_probability_mixture,fixed_minus_per_adapter,5,-0.0019227378688635639,-0.009842981918250601,0.005997506180523474
banking,private,linear_probability_mixture,fixed_minus_single,5,0.05409161691502894,0.006736119798240264,0.10144711403181761
banking,private,linear_probability_mixture,fixed_minus_rank96,5,0.14867906102691603,0.11539223598133314,0.18196588607249892
