run,regime,architecture,seed,order,rule,fixed_memory_accuracy,per_adapter_memory_accuracy,fixed_minus_per_adapter,fixed_single_accuracy,fixed_minus_single,rank96_accuracy,fixed_minus_rank96,adaptation_parameters,rank96_parameters,router_training_examples,router_coefficients,normalization_statistics,optimizer_state_bytes
day8_amazon_head_only_cau_seed2026_canonical_fixed512,amazon,head_only,2026,canonical,linear_hard,0.8255208333333334,0.8255208333333334,0.0,,,,,739586,,512,0,0,4737056
day8_amazon_head_only_cau_seed2026_canonical_fixed512,amazon,head_only,2026,canonical,linear_probability_mixture,0.8255208333333334,0.8255208333333334,0.0,,,,,739586,,512,0,0,4737056
day8_amazon_head_only_cau_seed2027_b_first_fixed512,amazon,head_only,2027,b_first,linear_hard,0.8307291666666666,0.8307291666666666,0.0,0.828125,0.0026041666666666297,,,739586,,512,0,0,4737056
day8_amazon_head_only_cau_seed2027_b_first_fixed512,amazon,head_only,2027,b_first,linear_probability_mixture,0.8307291666666666,0.8307291666666666,0.0,0.828125,0.0026041666666666297,,,739586,,512,0,0,4737056
day8_amazon_head_only_cau_seed2027_canonical_fixed512,amazon,head_only,2027,canonical,linear_hard,0.7942708333333334,0.7942708333333334,0.0,0.7942708333333334,0.0,,,739586,,512,0,0,4737056
day8_amazon_head_only_cau_seed2027_canonical_fixed512,amazon,head_only,2027,canonical,linear_probability_mixture,0.7942708333333334,0.7942708333333334,0.0,0.7942708333333334,0.0,,,739586,,512,0,0,4737056
day8_amazon_head_only_cau_seed2028_b_first_fixed512,amazon,head_only,2028,b_first,linear_hard,0.8098958333333334,0.8098958333333334,0.0,0.8151041666666666,-0.005208333333333259,,,739586,,512,0,0,4737056
day8_amazon_head_only_cau_seed2028_b_first_fixed512,amazon,head_only,2028,b_first,linear_probability_mixture,0.8098958333333334,0.8098958333333334,0.0,0.8151041666666666,-0.005208333333333259,,,739586,,512,0,0,4737056
day8_amazon_head_only_cau_seed2028_canonical_fixed512,amazon,head_only,2028,canonical,linear_hard,0.7994791666666666,0.7994791666666666,0.0,0.8125,-0.01302083333333337,,,739586,,512,0,0,4737056
day8_amazon_head_only_cau_seed2028_canonical_fixed512,amazon,head_only,2028,canonical,linear_probability_mixture,0.7994791666666666,0.7994791666666666,0.0,0.8125,-0.01302083333333337,,,739586,,512,0,0,4737056
day8_amazon_head_only_cau_seed2029_b_first_fixed512,amazon,head_only,2029,b_first,linear_hard,0.8098958333333334,0.8098958333333334,0.0,0.8203125,-0.01041666666666663,,,739586,,512,0,0,4737056
day8_amazon_head_only_cau_seed2029_b_first_fixed512,amazon,head_only,2029,b_first,linear_probability_mixture,0.8098958333333334,0.8098958333333334,0.0,0.8203125,-0.01041666666666663,,,739586,,512,0,0,4737056
day8_amazon_head_only_cau_seed2029_canonical_fixed512,amazon,head_only,2029,canonical,linear_hard,0.78125,0.78125,0.0,0.828125,-0.046875,,,739586,,512,0,0,4737056
day8_amazon_head_only_cau_seed2029_canonical_fixed512,amazon,head_only,2029,canonical,linear_probability_mixture,0.78125,0.78125,0.0,0.828125,-0.046875,,,739586,,512,0,0,4737056
day8_amazon_head_only_cau_seed2030_b_first_fixed512,amazon,head_only,2030,b_first,linear_hard,0.8046875,0.8046875,0.0,0.78125,0.0234375,,,739586,,512,0,0,4737056
day8_amazon_head_only_cau_seed2030_b_first_fixed512,amazon,head_only,2030,b_first,linear_probability_mixture,0.8046875,0.8046875,0.0,0.78125,0.0234375,,,739586,,512,0,0,4737056
day8_amazon_head_only_cau_seed2030_canonical_fixed512,amazon,head_only,2030,canonical,linear_hard,0.8020833333333334,0.8020833333333334,0.0,0.7916666666666666,0.01041666666666674,,,739586,,512,0,0,4737056
day8_amazon_head_only_cau_seed2030_canonical_fixed512,amazon,head_only,2030,canonical,linear_probability_mixture,0.8020833333333334,0.8020833333333334,0.0,0.7916666666666666,0.01041666666666674,,,739586,,512,0,0,4737056
day8_amazon_head_only_cau_seed2031_b_first_fixed512,amazon,head_only,2031,b_first,linear_hard,0.8125,0.8125,0.0,0.8177083333333334,-0.00520833333333337,,,739586,,512,0,0,4737056
day8_amazon_head_only_cau_seed2031_b_first_fixed512,amazon,head_only,2031,b_first,linear_probability_mixture,0.8125,0.8125,0.0,0.8177083333333334,-0.00520833333333337,,,739586,,512,0,0,4737056
day8_amazon_head_only_cau_seed2031_canonical_fixed512,amazon,head_only,2031,canonical,linear_hard,0.796875,0.796875,0.0,0.78125,0.015625,,,739586,,512,0,0,4737056
day8_amazon_head_only_cau_seed2031_canonical_fixed512,amazon,head_only,2031,canonical,linear_probability_mixture,0.796875,0.796875,0.0,0.78125,0.015625,,,739586,,512,0,0,4737056
day8_amazon_private_cau_seed2026_canonical_fixed512,amazon,private,2026,canonical,linear_hard,0.8541666666666666,0.8541666666666666,0.0,0.8515625,0.0026041666666666297,,,739586,,512,0,0,5916800
day8_amazon_private_cau_seed2026_canonical_fixed512,amazon,private,2026,canonical,linear_probability_mixture,0.8541666666666666,0.8541666666666666,0.0,0.8515625,0.0026041666666666297,,,739586,,512,0,0,5916800
day8_amazon_private_cau_seed2027_b_first_fixed512,amazon,private,2027,b_first,linear_hard,0.859375,0.859375,0.0,0.8567708333333334,0.0026041666666666297,,,739586,,512,0,0,5916800
day8_amazon_private_cau_seed2027_b_first_fixed512,amazon,private,2027,b_first,linear_probability_mixture,0.859375,0.859375,0.0,0.8567708333333334,0.0026041666666666297,,,739586,,512,0,0,5916800
day8_amazon_private_cau_seed2027_canonical_fixed512,amazon,private,2027,canonical,linear_hard,0.8515625,0.8515625,0.0,0.8463541666666666,0.00520833333333337,,,739586,,512,0,0,5916800
day8_amazon_private_cau_seed2027_canonical_fixed512,amazon,private,2027,canonical,linear_probability_mixture,0.8515625,0.8515625,0.0,0.8463541666666666,0.00520833333333337,,,739586,,512,0,0,5916800
day8_amazon_private_cau_seed2028_b_first_fixed512,amazon,private,2028,b_first,linear_hard,0.8385416666666666,0.8385416666666666,0.0,0.8541666666666666,-0.015625,,,739586,,512,0,0,5916800
day8_amazon_private_cau_seed2028_b_first_fixed512,amazon,private,2028,b_first,linear_probability_mixture,0.8385416666666666,0.8385416666666666,0.0,0.8541666666666666,-0.015625,,,739586,,512,0,0,5916800
day8_amazon_private_cau_seed2028_canonical_fixed512,amazon,private,2028,canonical,linear_hard,0.8333333333333334,0.8333333333333334,0.0,0.859375,-0.02604166666666663,,,739586,,512,0,0,5916800
day8_amazon_private_cau_seed2028_canonical_fixed512,amazon,private,2028,canonical,linear_probability_mixture,0.8333333333333334,0.8333333333333334,0.0,0.859375,-0.02604166666666663,,,739586,,512,0,0,5916800
day8_amazon_private_cau_seed2029_b_first_fixed512,amazon,private,2029,b_first,linear_hard,0.84375,0.84375,0.0,0.84375,0.0,,,739586,,512,0,0,5916800
day8_amazon_private_cau_seed2029_b_first_fixed512,amazon,private,2029,b_first,linear_probability_mixture,0.84375,0.84375,0.0,0.84375,0.0,,,739586,,512,0,0,5916800
day8_amazon_private_cau_seed2029_canonical_fixed512,amazon,private,2029,canonical,linear_hard,0.7083333333333334,0.734375,-0.02604166666666663,0.8541666666666666,-0.14583333333333326,,,1479172,,464,769,1536,11833600
day8_amazon_private_cau_seed2029_canonical_fixed512,amazon,private,2029,canonical,linear_probability_mixture,0.7526041666666666,0.7604166666666666,-0.0078125,0.8541666666666666,-0.1015625,,,1479172,,464,769,1536,11833600
day8_amazon_private_cau_seed2030_b_first_fixed512,amazon,private,2030,b_first,linear_hard,0.8619791666666666,0.8619791666666666,0.0,0.8567708333333334,0.005208333333333259,,,739586,,512,0,0,5916800
day8_amazon_private_cau_seed2030_b_first_fixed512,amazon,private,2030,b_first,linear_probability_mixture,0.8619791666666666,0.8619791666666666,0.0,0.8567708333333334,0.005208333333333259,,,739586,,512,0,0,5916800
day8_amazon_private_cau_seed2030_canonical_fixed512,amazon,private,2030,canonical,linear_hard,0.8020833333333334,0.8020833333333334,0.0,0.84375,-0.04166666666666663,,,739586,,512,0,0,5916800
day8_amazon_private_cau_seed2030_canonical_fixed512,amazon,private,2030,canonical,linear_probability_mixture,0.8020833333333334,0.8020833333333334,0.0,0.84375,-0.04166666666666663,,,739586,,512,0,0,5916800
day8_amazon_private_cau_seed2031_b_first_fixed512,amazon,private,2031,b_first,linear_hard,0.8385416666666666,0.8385416666666666,0.0,0.8541666666666666,-0.015625,,,739586,,512,0,0,5916800
day8_amazon_private_cau_seed2031_b_first_fixed512,amazon,private,2031,b_first,linear_probability_mixture,0.8385416666666666,0.8385416666666666,0.0,0.8541666666666666,-0.015625,,,739586,,512,0,0,5916800
day8_amazon_private_cau_seed2031_canonical_fixed512,amazon,private,2031,canonical,linear_hard,0.8489583333333334,0.8489583333333334,0.0,0.8411458333333334,0.0078125,,,739586,,512,0,0,5916800
day8_amazon_private_cau_seed2031_canonical_fixed512,amazon,private,2031,canonical,linear_probability_mixture,0.8489583333333334,0.8489583333333334,0.0,0.8411458333333334,0.0078125,,,739586,,512,0,0,5916800
day8_banking_head_only_cau_seed2026_canonical_fixed512,banking,head_only,2026,canonical,linear_hard,0.1649772021571156,0.1788748516384033,-0.013897649481287716,,,,,2391783,,510,2307,1536,15595368
day8_banking_head_only_cau_seed2026_canonical_fixed512,banking,head_only,2026,canonical,linear_probability_mixture,0.1653940155104105,0.171548844312396,-0.006154828801985507,,,,,2391783,,510,2307,1536,15595368
day8_banking_head_only_cau_seed2027_b_first_fixed512,banking,head_only,2027,b_first,linear_hard,0.1474330347625991,0.1280978896210023,0.019335145141596816,0.07440416805232233,0.07302886671027678,,,2391783,,510,2307,1536,15595368
day8_banking_head_only_cau_seed2027_b_first_fixed512,banking,head_only,2027,b_first,linear_probability_mixture,0.1323438228991937,0.1145913503412672,0.017752472557926488,0.07440416805232233,0.05793965484687136,,,2391783,,510,2307,1536,15595368
day8_banking_head_only_cau_seed2027_canonical_fixed512,banking,head_only,2027,canonical,linear_hard,0.1535169667194941,0.1533561697512479,0.00016079696824619627,0.1435095887373905,0.010007377982103605,,,2391783,,510,2307,1536,15595368
day8_banking_head_only_cau_seed2027_canonical_fixed512,banking,head_only,2027,canonical,linear_probability_mixture,0.1583805877454031,0.1473968960500387,0.010983691695364395,0.1435095887373905,0.014870999008012586,,,2391783,,510,2307,1536,15595368
day8_banking_head_only_cau_seed2028_b_first_fixed512,banking,head_only,2028,b_first,linear_hard,0.1171874092725439,0.1227690537301445,-0.005581644457600607,0.1839448693788567,-0.06675746010631281,,,2391783,,510,2307,1536,15595368
day8_banking_head_only_cau_seed2028_b_first_fixed512,banking,head_only,2028,b_first,linear_probability_mixture,0.1217746300553084,0.1202515254394203,0.0015231046158881018,0.1839448693788567,-0.0621702393235483,,,2391783,,510,2307,1536,15595368
day8_banking_head_only_cau_seed2028_canonical_fixed512,banking,head_only,2028,canonical,linear_hard,0.174278048006016,0.1862198216371811,-0.011941773631165081,0.06332631267782578,0.11095173532819023,,,2391783,,510,2307,1536,15595368
day8_banking_head_only_cau_seed2028_canonical_fixed512,banking,head_only,2028,canonical,linear_probability_mixture,0.1799298990186918,0.1814113426018979,-0.0014814435832060935,0.06332631267782578,0.11660358634086603,,,2391783,,510,2307,1536,15595368
day8_banking_head_only_cau_seed2029_b_first_fixed512,banking,head_only,2029,b_first,linear_hard,0.2068024020468317,0.2056152656418702,0.001187136404961514,0.1120644422273953,0.0947379598194364,,,2391783,,510,2307,1536,15595368
day8_banking_head_only_cau_seed2029_b_first_fixed512,banking,head_only,2029,b_first,linear_probability_mixture,0.2014003548090678,0.2063937503578341,-0.004993395548766322,0.1120644422273953,0.08933591258167249,,,2391783,,510,2307,1536,15595368
day8_banking_head_only_cau_seed2029_canonical_fixed512,banking,head_only,2029,canonical,linear_hard,0.2256223472053202,0.23957956465439,-0.013957217449069803,0.1548017588589587,0.07082058834636151,,,2391783,,510,2307,1536,15595368
day8_banking_head_only_cau_seed2029_canonical_fixed512,banking,head_only,2029,canonical,linear_probability_mixture,0.219663073504111,0.2242192718414866,-0.004556198337375611,0.1548017588589587,0.0648613146451523,,,2391783,,510,2307,1536,15595368
day8_banking_head_only_cau_seed2030_b_first_fixed512,banking,head_only,2030,b_first,linear_hard,0.1140690444315319,0.1204940608665251,-0.0064250164349932,0.1352067398292872,-0.021137695397755285,,,2391783,,510,2307,1536,15595368
day8_banking_head_only_cau_seed2030_b_first_fixed512,banking,head_only,2030,b_first,linear_probability_mixture,0.116214262772294,0.1179765325758009,-0.0017622698035068968,0.1352067398292872,-0.01899247705699318,,,2391783,,510,2307,1536,15595368
day8_banking_head_only_cau_seed2030_canonical_fixed512,banking,head_only,2030,canonical,linear_hard,0.1113036614200565,0.12506532376835,-0.013761662348293499,0.10463363263496284,0.006670028785093665,,,2391783,,510,2307,1536,15595368
day8_banking_head_only_cau_seed2030_canonical_fixed512,banking,head_only,2030,canonical,linear_probability_mixture,0.113092527691796,0.1249195913645531,-0.011827063672757113,0.10463363263496284,0.008458895056833157,,,2391783,,510,2307,1536,15595368
day8_banking_head_only_cau_seed2031_b_first_fixed512,banking,head_only,2031,b_first,linear_hard,0.1647889154041465,0.1735367983455778,-0.008747882941431306,0.08845286923105343,0.07633604617309307,,,2391783,,510,2307,1536,15595368
day8_banking_head_only_cau_seed2031_b_first_fixed512,banking,head_only,2031,b_first,linear_probability_mixture,0.1637634692839215,0.1683560093603326,-0.004592540076411106,0.08845286923105343,0.07531060005286806,,,2391783,,510,2307,1536,15595368
day8_banking_head_only_cau_seed2031_canonical_fixed512,banking,head_only,2031,canonical,linear_hard,0.1657886583726291,0.177038111723845,-0.01124945335121591,0.17504711229353728,-0.009258453920908183,,,2391783,,510,2307,1536,15595368
day8_banking_head_only_cau_seed2031_canonical_fixed512,banking,head_only,2031,canonical,linear_probability_mixture,0.1666320303500217,0.1764498628150108,-0.009817832464989101,0.17504711229353728,-0.00841508194351559,,,2391783,,510,2307,1536,15595368
day8_banking_private_cau_seed2026_canonical_fixed512,banking,private,2026,canonical,linear_hard,0.2189315691144756,0.2328292185957633,-0.013897649481287716,0.16931234526844766,0.04961922384602793,0.06788766788766787,0.15104390122680772,2391783,2419277.0,510,2307,1536,19134600
day8_banking_private_cau_seed2026_canonical_fixed512,banking,private,2026,canonical,linear_probability_mixture,0.2163234504105804,0.2192524727609529,-0.0029290223503724844,0.16931234526844766,0.04701110514213275,0.06788766788766787,0.14843578252291253,2391783,2419277.0,510,2307,1536,19134600
day8_banking_private_cau_seed2027_b_first_fixed512,banking,private,2027,b_first,linear_hard,0.2179885517431244,0.1987289324502493,0.01925961929287509,0.1136089864390496,0.1043795653040748,0.018327605956471933,0.19966094578665247,2391783,2419277.0,510,2307,1536,19134600
day8_banking_private_cau_seed2027_b_first_fixed512,banking,private,2027,b_first,linear_probability_mixture,0.2113708225780058,0.1887343451360744,0.022636477441931396,0.1136089864390496,0.0977618361389562,0.018327605956471933,0.19304321662153387,2391783,2419277.0,510,2307,1536,19134600
day8_banking_private_cau_seed2027_canonical_fixed512,banking,private,2027,canonical,linear_hard,0.2541941818296989,0.2617762055407549,-0.007582023711056041,0.21309906514429292,0.04109511668540597,0.06774193548387096,0.1864522463458279,2391783,2419277.0,510,2307,1536,19134600
day8_banking_private_cau_seed2027_canonical_fixed512,banking,private,2027,canonical,linear_probability_mixture,0.2532442615581957,0.2576004788176387,-0.004356217259443018,0.21309906514429292,0.04014519641390277,0.06774193548387096,0.1855023260743247,2391783,2419277.0,510,2307,1536,19134600
day8_banking_private_cau_seed2028_b_first_fixed512,banking,private,2028,b_first,linear_hard,0.1353967726099418,0.1451390792262092,-0.009742306616267404,0.15498651295126187,-0.019589740341320078,0.03550973654066437,0.09988703606927743,2391783,2419277.0,510,2307,1536,19134600
day8_banking_private_cau_seed2028_b_first_fixed512,banking,private,2028,b_first,linear_probability_mixture,0.1398382609889094,0.1471385651631744,-0.007300304174264999,0.15498651295126187,-0.015148251962352477,0.03550973654066437,0.10432852444824503,2391783,2419277.0,510,2307,1536,19134600
day8_banking_private_cau_seed2028_canonical_fixed512,banking,private,2028,canonical,linear_hard,0.2263939290211322,0.2419231804665792,-0.015529251445447007,0.08197908583675123,0.14441484318438097,0.023655913978494602,0.2027380150426376,2391783,2419277.0,510,2307,1536,19134600
day8_banking_private_cau_seed2028_canonical_fixed512,banking,private,2028,canonical,linear_probability_mixture,0.2374923306749047,0.2382601768035755,-0.0007678461286708127,0.08197908583675123,0.15551324483815346,0.023655913978494602,0.2138364166964101,2391783,2419277.0,510,2307,1536,19134600
day8_banking_private_cau_seed2029_b_first_fixed512,banking,private,2029,b_first,linear_hard,0.2312733049015057,0.2258552997828022,0.005418005118703495,0.08195691534567486,0.14931638955583082,0.1443298969072165,0.08694340799428918,2391783,2419277.0,510,2307,1536,19134600
day8_banking_private_cau_seed2029_b_first_fixed512,banking,private,2029,b_first,linear_probability_mixture,0.2271624654398183,0.2255531963879153,0.0016092690519030062,0.08195691534567486,0.14520555009414343,0.1443298969072165,0.08283256853260179,2391783,2419277.0,510,2307,1536,19134600
day8_banking_private_cau_seed2029_canonical_fixed512,banking,private,2029,canonical,linear_hard,0.256805305325425,0.2730534735190538,-0.016248168193628787,0.22001995344196876,0.036785351883456247,0.05841924398625426,0.19838606133917075,2391783,2419277.0,510,2307,1536,19134600
day8_banking_private_cau_seed2029_canonical_fixed512,banking,private,2029,canonical,linear_probability_mixture,0.2586537395649467,0.2665814767577322,-0.0079277371927855,0.22001995344196876,0.03863378612297794,0.05841924398625426,0.20023449557869244,2391783,2419277.0,510,2307,1536,19134600
day8_banking_private_cau_seed2030_b_first_fixed512,banking,private,2030,b_first,linear_hard,0.2417916193107413,0.2525879175696269,-0.01079629825888559,0.15126926061412257,0.09052235869661873,0.0549828178694158,0.1868088014413255,2391783,2419277.0,510,2307,1536,19134600
day8_banking_private_cau_seed2030_b_first_fixed512,banking,private,2030,b_first,linear_probability_mixture,0.25066927677503,0.2559488178377436,-0.005279541062713611,0.15126926061412257,0.0994000161609074,0.0549828178694158,0.19568645890561417,2391783,2419277.0,510,2307,1536,19134600
day8_banking_private_cau_seed2030_canonical_fixed512,banking,private,2030,canonical,linear_hard,0.2297904401329742,0.2398242115568354,-0.010033771423861193,0.23589032997080883,-0.006099889837834632,0.18817573809259872,0.041614702040375484,2391783,2419277.0,510,2307,1536,19134600
day8_banking_private_cau_seed2030_canonical_fixed512,banking,private,2030,canonical,linear_probability_mixture,0.2314282547072703,0.2407484286765963,-0.009320173969325996,0.23589032997080883,-0.004462075263538534,0.18817573809259872,0.04325251661467158,2391783,2419277.0,510,2307,1536,19134600
day8_banking_private_cau_seed2031_b_first_fixed512,banking,private,2031,b_first,linear_hard,0.2111694203147478,0.2187718278838997,-0.007602407569151898,0.161574843882792,0.049594576431955806,0.036655211912943866,0.17451420840180393,2391783,2419277.0,510,2307,1536,19134600
day8_banking_private_cau_seed2031_b_first_fixed512,banking,private,2031,b_first,linear_probability_mixture,0.2068479611878348,0.211149036456652,-0.004301075268817206,0.161574843882792,0.0452731173050428,0.036655211912943866,0.17019274927489092,2391783,2419277.0,510,2307,1536,19134600
day8_banking_private_cau_seed2031_canonical_fixed512,banking,private,2031,canonical,linear_hard,0.1744716540526317,0.1811338866210831,-0.006662232568451387,0.22976757935188263,-0.055295925299250925,0.07047999113180353,0.10399166292082818,2391783,2419277.0,510,2307,1536,19134600
day8_banking_private_cau_seed2031_canonical_fixed512,banking,private,2031,canonical,linear_probability_mixture,0.1683613286539791,0.172581558780428,-0.004220230126448898,0.22976757935188263,-0.061406250697903536,0.07047999113180353,0.09788133752217557,2391783,2419277.0,510,2307,1536,19134600
