seed,order,architecture,rule,final_macro_accuracy
2027,canonical,private,frozen_centroid,0.04325682077594276
2027,canonical,private,last_active,0.04731182795698923
2027,canonical,private,uniform_probability,0.013745704467353933
2027,canonical,head_only,frozen_centroid,0.04912461074749064
2027,canonical,head_only,last_active,0.0301075268817204
2027,canonical,head_only,uniform_probability,0.018327605956471933
2027,b_first,private,frozen_centroid,0.060098557172052265
2027,b_first,private,last_active,0.014891179839633435
2027,b_first,private,uniform_probability,0.013745704467353933
2027,b_first,head_only,frozen_centroid,0.06381580950919157
2027,b_first,head_only,last_active,0.0206185567010309
2027,b_first,head_only,uniform_probability,0.014891179839633435
2028,canonical,private,frozen_centroid,0.05237612035084597
2028,canonical,private,last_active,0.031182795698924733
2028,canonical,private,uniform_probability,0.03333333333333333
2028,canonical,head_only,frozen_centroid,0.056893134578535266
2028,canonical,head_only,last_active,0.039784946236559135
2028,canonical,head_only,uniform_probability,0.034408602150537634
2028,b_first,private,frozen_centroid,0.05654210180315927
2028,b_first,private,last_active,0.040091638029782335
2028,b_first,private,uniform_probability,0.034478808705612804
2028,b_first,head_only,frozen_centroid,0.05754184477164187
2028,b_first,head_only,last_active,0.037800687285223365
2028,b_first,head_only,uniform_probability,0.0393193659239552
2029,canonical,private,frozen_centroid,0.06108676823675157
2029,canonical,private,last_active,0.03333333333333333
2029,canonical,private,uniform_probability,0.03225806451612903
2029,canonical,head_only,frozen_centroid,0.05849371409730567
2029,canonical,head_only,last_active,0.03333333333333333
2029,canonical,head_only,uniform_probability,0.03333333333333333
2029,b_first,private,frozen_centroid,0.06811599146151853
2029,b_first,private,last_active,0.02978235967926687
2029,b_first,private,uniform_probability,0.029032258064516103
2029,b_first,head_only,frozen_centroid,0.06494532700053146
2029,b_first,head_only,last_active,0.02978235967926687
2029,b_first,head_only,uniform_probability,0.03333333333333333
2030,canonical,private,frozen_centroid,0.06424679411044557
2030,canonical,private,last_active,0.0301075268817204
2030,canonical,private,uniform_probability,0.057528729261353134
2030,canonical,head_only,frozen_centroid,0.08108321121290857
2030,canonical,head_only,last_active,0.03763440860215053
2030,canonical,head_only,uniform_probability,0.04193548387096773
2030,b_first,private,frozen_centroid,0.08028966193249527
2030,b_first,private,last_active,0.041237113402061834
2030,b_first,private,uniform_probability,0.0544433359198906
2030,b_first,head_only,frozen_centroid,0.0828018709295729
2030,b_first,head_only,last_active,0.0572737686139748
2030,b_first,head_only,uniform_probability,0.045301703432730996
