regime,comparison,rule,metric,seed_clusters,mean,ci_low,ci_high
amazon,adaptive_minus_static_rank8_frozen,frozen_centroid,final_macro_accuracy,5,-0.018229166666666664,-0.044917786923630534,0.00845945359029721
amazon,adaptive_minus_static_rank8_frozen,frozen_centroid,final_minus_first_exposure,5,-0.01614583333333333,-0.044694177541526214,0.012402510874859548
amazon,adaptive_minus_static_rank8_frozen,frozen_centroid,maximum_seen_checkpoint_drop,5,0.009375,-0.014561637559236748,0.033311637559236745
amazon,adaptive_minus_static_rank8_frozen,frozen_centroid,mean_seen_checkpoint_accuracy,5,-0.004401041666666672,-0.009896089270703876,0.0010940059373705322
amazon,adaptive_minus_static_rank8_frozen,last_active,final_macro_accuracy,5,-0.04270833333333333,-0.1350430191563711,0.04962635248970445
amazon,adaptive_minus_static_rank8_frozen,last_active,final_minus_first_exposure,5,-0.040625,-0.1365079530616657,0.05525795306166569
amazon,adaptive_minus_static_rank8_frozen,last_active,maximum_seen_checkpoint_drop,5,0.033854166666666664,-0.05758873297701549,0.12529706631034881
amazon,adaptive_minus_static_rank8_frozen,last_active,mean_seen_checkpoint_accuracy,5,-0.009296874999999993,-0.025936680870964977,0.007342930870964992
amazon,adaptive_minus_static_rank8_frozen,uniform_probability,final_macro_accuracy,5,-0.01171875,-0.025484880183641173,0.002047380183641173
amazon,adaptive_minus_static_rank8_frozen,uniform_probability,final_minus_first_exposure,5,-0.009635416666666667,-0.02154901033663448,0.002278177003301147
amazon,adaptive_minus_static_rank8_frozen,uniform_probability,maximum_seen_checkpoint_drop,5,0.002864583333333333,-0.00466676502151921,0.010395931688185875
amazon,adaptive_minus_static_rank8_frozen,uniform_probability,mean_seen_checkpoint_accuracy,5,-0.003098958333333324,-0.0082755888445072,0.0020776721778405526
banking,adaptive_minus_static_rank8_frozen,frozen_centroid,final_macro_accuracy,5,-0.00161157949318909,-0.03405904298785117,0.03083588400147299
banking,adaptive_minus_static_rank8_frozen,frozen_centroid,final_minus_first_exposure,5,-0.07380710373394109,-0.10213693493235453,-0.04547727253552765
banking,adaptive_minus_static_rank8_frozen,frozen_centroid,maximum_seen_checkpoint_drop,5,-0.055081980060363835,-0.09568398071622045,-0.01447997940450723
banking,adaptive_minus_static_rank8_frozen,frozen_centroid,mean_seen_checkpoint_accuracy,5,-0.005632906206235138,-0.02900522967730517,0.017739417264834897
banking,adaptive_minus_static_rank8_frozen,last_active,final_macro_accuracy,5,-0.06010124524258211,-0.10595345864925984,-0.014249031835904376
banking,adaptive_minus_static_rank8_frozen,last_active,final_minus_first_exposure,5,-0.17719717484599423,-0.24142731619818397,-0.11296703349380449
banking,adaptive_minus_static_rank8_frozen,last_active,maximum_seen_checkpoint_drop,5,0.09791512924868424,0.04159435697077017,0.15423590152659833
banking,adaptive_minus_static_rank8_frozen,last_active,mean_seen_checkpoint_accuracy,5,-0.03785402843101547,-0.05860799017868408,-0.017100066683346866
banking,adaptive_minus_static_rank8_frozen,uniform_probability,final_macro_accuracy,5,-0.03345046742785353,-0.0834581365415264,0.016557201685819332
banking,adaptive_minus_static_rank8_frozen,uniform_probability,final_minus_first_exposure,5,-0.03906329675202305,-0.08887714022673002,0.010750546722683905
banking,adaptive_minus_static_rank8_frozen,uniform_probability,maximum_seen_checkpoint_drop,5,-0.04027676163027012,-0.08042089157186919,-0.00013263168867105185
banking,adaptive_minus_static_rank8_frozen,uniform_probability,mean_seen_checkpoint_accuracy,5,-0.02707127812881056,-0.05154876360589156,-0.0025937926517295602
banking,adaptive_minus_static_rank8_tuned,frozen_centroid,final_macro_accuracy,5,-0.00161157949318909,-0.03405904298785117,0.03083588400147299
banking,adaptive_minus_static_rank8_tuned,frozen_centroid,final_minus_first_exposure,5,-0.07380710373394109,-0.10213693493235453,-0.04547727253552765
banking,adaptive_minus_static_rank8_tuned,frozen_centroid,maximum_seen_checkpoint_drop,5,-0.055081980060363835,-0.09568398071622045,-0.01447997940450723
banking,adaptive_minus_static_rank8_tuned,frozen_centroid,mean_seen_checkpoint_accuracy,5,-0.005632906206235138,-0.02900522967730517,0.017739417264834897
banking,adaptive_minus_static_rank8_tuned,last_active,final_macro_accuracy,5,-0.06010124524258211,-0.10595345864925984,-0.014249031835904376
banking,adaptive_minus_static_rank8_tuned,last_active,final_minus_first_exposure,5,-0.17719717484599423,-0.24142731619818397,-0.11296703349380449
banking,adaptive_minus_static_rank8_tuned,last_active,maximum_seen_checkpoint_drop,5,0.09791512924868424,0.04159435697077017,0.15423590152659833
banking,adaptive_minus_static_rank8_tuned,last_active,mean_seen_checkpoint_accuracy,5,-0.03785402843101547,-0.05860799017868408,-0.017100066683346866
banking,adaptive_minus_static_rank8_tuned,uniform_probability,final_macro_accuracy,5,-0.03345046742785353,-0.0834581365415264,0.016557201685819332
banking,adaptive_minus_static_rank8_tuned,uniform_probability,final_minus_first_exposure,5,-0.03906329675202305,-0.08887714022673002,0.010750546722683905
banking,adaptive_minus_static_rank8_tuned,uniform_probability,maximum_seen_checkpoint_drop,5,-0.04027676163027012,-0.08042089157186919,-0.00013263168867105185
banking,adaptive_minus_static_rank8_tuned,uniform_probability,mean_seen_checkpoint_accuracy,5,-0.02707127812881056,-0.05154876360589156,-0.0025937926517295602
banking,adaptive_minus_static_rank96_tuned,frozen_centroid,final_macro_accuracy,5,0.08122476533184878,0.044078032523928244,0.1183714981397693
banking,adaptive_minus_static_rank96_tuned,frozen_centroid,final_minus_first_exposure,5,0.032907968504908965,-0.02036993532088474,0.08618587233070267
banking,adaptive_minus_static_rank96_tuned,frozen_centroid,maximum_seen_checkpoint_drop,5,-0.04133960116667132,-0.06591602613272637,-0.01676317620061627
banking,adaptive_minus_static_rank96_tuned,frozen_centroid,mean_seen_checkpoint_accuracy,5,0.05416822448880977,0.034140435186071,0.07419601379154854
banking,adaptive_minus_static_rank96_tuned,last_active,final_macro_accuracy,5,0.022735099582455755,-0.011550817642382003,0.05702101680729352
banking,adaptive_minus_static_rank96_tuned,last_active,final_minus_first_exposure,5,-0.07048210260714417,-0.1355117578428196,-0.005452447371468758
banking,adaptive_minus_static_rank96_tuned,last_active,maximum_seen_checkpoint_drop,5,0.11165750814237677,0.0623320329135699,0.16098298337118364
banking,adaptive_minus_static_rank96_tuned,last_active,mean_seen_checkpoint_accuracy,5,0.02194710226402944,0.010535267338065967,0.033358937189992915
banking,adaptive_minus_static_rank96_tuned,uniform_probability,final_macro_accuracy,5,0.04938587739718433,-0.027385916108044188,0.12615767090241284
banking,adaptive_minus_static_rank96_tuned,uniform_probability,final_minus_first_exposure,5,0.06765177548682699,-0.010002998864459114,0.14530654983811309
banking,adaptive_minus_static_rank96_tuned,uniform_probability,maximum_seen_checkpoint_drop,5,-0.026534382736577607,-0.054692632684378,0.0016238672112227834
banking,adaptive_minus_static_rank96_tuned,uniform_probability,mean_seen_checkpoint_accuracy,5,0.03272985256623435,-0.005732176758827687,0.07119188189129638
