run,rate,order,checkpoint,step,concept,n,loss,accuracy,class_0_accuracy,class_1_accuracy,class_2_accuracy
day22_multinli_v4_single_seed2026_lr5e-05_canonical,5e-05,canonical,initial,0,A,192,1.102914536992709,0.3333333333333333,0.0,0.71875,0.28125
day22_multinli_v4_single_seed2026_lr5e-05_canonical,5e-05,canonical,initial,0,B,192,1.1017275704070926,0.3489583333333333,0.0,0.875,0.171875
day22_multinli_v4_single_seed2026_lr5e-05_canonical,5e-05,canonical,initial,0,C,192,1.100444925638537,0.375,0.0,0.84375,0.28125
day22_multinli_v4_single_seed2026_lr5e-05_canonical,5e-05,canonical,A1,72,A,192,1.0967829637229445,0.3854166666666667,0.5625,0.015625,0.578125
day22_multinli_v4_single_seed2026_lr5e-05_canonical,5e-05,canonical,A1,72,B,192,1.0961311946933467,0.3489583333333333,0.890625,0.0,0.15625
day22_multinli_v4_single_seed2026_lr5e-05_canonical,5e-05,canonical,A1,72,C,192,1.096926053985953,0.3541666666666667,0.71875,0.0,0.34375
day22_multinli_v4_single_seed2026_lr5e-05_canonical,5e-05,canonical,B1,144,A,192,1.094370795103411,0.359375,0.0625,0.03125,0.984375
day22_multinli_v4_single_seed2026_lr5e-05_canonical,5e-05,canonical,B1,144,B,192,1.0864073280245066,0.40625,0.265625,0.296875,0.65625
day22_multinli_v4_single_seed2026_lr5e-05_canonical,5e-05,canonical,B1,144,C,192,1.0932754756261904,0.3541666666666667,0.1875,0.015625,0.859375
day22_multinli_v4_single_seed2026_lr5e-05_canonical,5e-05,canonical,A2,216,A,192,1.0902508683502674,0.375,0.125,0.046875,0.953125
day22_multinli_v4_single_seed2026_lr5e-05_canonical,5e-05,canonical,A2,216,B,192,1.0816923721383016,0.40625,0.40625,0.109375,0.703125
day22_multinli_v4_single_seed2026_lr5e-05_canonical,5e-05,canonical,A2,216,C,192,1.0900331754237411,0.375,0.40625,0.03125,0.6875
day22_multinli_v4_single_seed2026_lr5e-05_canonical,5e-05,canonical,C1,288,A,192,1.0815230545898278,0.3802083333333333,0.4375,0.40625,0.296875
day22_multinli_v4_single_seed2026_lr5e-05_canonical,5e-05,canonical,C1,288,B,192,1.0722614132488768,0.3854166666666667,0.578125,0.5,0.078125
day22_multinli_v4_single_seed2026_lr5e-05_canonical,5e-05,canonical,C1,288,C,192,1.0859690075740218,0.375,0.796875,0.25,0.078125
day22_multinli_v4_single_seed2026_lr5e-05_canonical,5e-05,canonical,B2,360,A,192,1.0319826205571492,0.5052083333333334,0.421875,0.421875,0.671875
day22_multinli_v4_single_seed2026_lr5e-05_canonical,5e-05,canonical,B2,360,B,192,0.9803561540320516,0.5572916666666666,0.71875,0.34375,0.609375
day22_multinli_v4_single_seed2026_lr5e-05_canonical,5e-05,canonical,B2,360,C,192,1.054833633514742,0.421875,0.59375,0.28125,0.390625
day22_multinli_v4_single_seed2026_lr5e-05_b_first,5e-05,b_first,initial,0,A,192,1.102914536992709,0.3333333333333333,0.0,0.71875,0.28125
day22_multinli_v4_single_seed2026_lr5e-05_b_first,5e-05,b_first,initial,0,B,192,1.1017275704070926,0.3489583333333333,0.0,0.875,0.171875
day22_multinli_v4_single_seed2026_lr5e-05_b_first,5e-05,b_first,initial,0,C,192,1.100444925638537,0.375,0.0,0.84375,0.28125
day22_multinli_v4_single_seed2026_lr5e-05_b_first,5e-05,b_first,B1,72,A,192,1.0974178742617369,0.34375,0.0,0.0625,0.96875
day22_multinli_v4_single_seed2026_lr5e-05_b_first,5e-05,b_first,B1,72,B,192,1.0904207369312644,0.3854166666666667,0.25,0.296875,0.609375
day22_multinli_v4_single_seed2026_lr5e-05_b_first,5e-05,b_first,B1,72,C,192,1.0939802285283804,0.3385416666666667,0.03125,0.125,0.859375
day22_multinli_v4_single_seed2026_lr5e-05_b_first,5e-05,b_first,A1,144,A,192,1.0927792703732848,0.3697916666666667,0.546875,0.0,0.5625
day22_multinli_v4_single_seed2026_lr5e-05_b_first,5e-05,b_first,A1,144,B,192,1.087555853649974,0.421875,0.875,0.046875,0.34375
day22_multinli_v4_single_seed2026_lr5e-05_b_first,5e-05,b_first,A1,144,C,192,1.093806637140612,0.3229166666666667,0.734375,0.0,0.234375
day22_multinli_v4_single_seed2026_lr5e-05_b_first,5e-05,b_first,B2,216,A,192,1.0873335727180045,0.375,0.140625,0.84375,0.140625
day22_multinli_v4_single_seed2026_lr5e-05_b_first,5e-05,b_first,B2,216,B,192,1.072282665098707,0.421875,0.53125,0.546875,0.1875
day22_multinli_v4_single_seed2026_lr5e-05_b_first,5e-05,b_first,B2,216,C,192,1.0889919664089878,0.40625,0.359375,0.796875,0.0625
day22_multinli_v4_single_seed2026_lr5e-05_b_first,5e-05,b_first,C1,288,A,192,1.066114814331134,0.4635416666666667,0.484375,0.40625,0.5
day22_multinli_v4_single_seed2026_lr5e-05_b_first,5e-05,b_first,C1,288,B,192,1.0374821092312534,0.46875,0.703125,0.328125,0.375
day22_multinli_v4_single_seed2026_lr5e-05_b_first,5e-05,b_first,C1,288,C,192,1.0733318931112688,0.3958333333333333,0.765625,0.1875,0.234375
day22_multinli_v4_single_seed2026_lr5e-05_b_first,5e-05,b_first,A2,360,A,192,1.0195895868043106,0.5364583333333334,0.546875,0.265625,0.796875
day22_multinli_v4_single_seed2026_lr5e-05_b_first,5e-05,b_first,A2,360,B,192,0.9745391889785728,0.5625,0.765625,0.265625,0.65625
day22_multinli_v4_single_seed2026_lr5e-05_b_first,5e-05,b_first,A2,360,C,192,1.0291201413298647,0.4427083333333333,0.59375,0.21875,0.515625
day22_multinli_v4_single_seed2026_lr0.0002_canonical,0.0002,canonical,initial,0,A,192,1.102914536992709,0.3333333333333333,0.0,0.71875,0.28125
day22_multinli_v4_single_seed2026_lr0.0002_canonical,0.0002,canonical,initial,0,B,192,1.1017275704070926,0.3489583333333333,0.0,0.875,0.171875
day22_multinli_v4_single_seed2026_lr0.0002_canonical,0.0002,canonical,initial,0,C,192,1.100444925638537,0.375,0.0,0.84375,0.28125
day22_multinli_v4_single_seed2026_lr0.0002_canonical,0.0002,canonical,A1,72,A,192,1.0918176658451555,0.390625,0.5625,0.46875,0.140625
day22_multinli_v4_single_seed2026_lr0.0002_canonical,0.0002,canonical,A1,72,B,192,1.0921211323390403,0.3854166666666667,0.796875,0.359375,0.0
day22_multinli_v4_single_seed2026_lr0.0002_canonical,0.0002,canonical,A1,72,C,192,1.0951175494119525,0.3333333333333333,0.796875,0.140625,0.0625
day22_multinli_v4_single_seed2026_lr0.0002_canonical,0.0002,canonical,B1,144,A,192,1.0445581935346129,0.484375,0.421875,0.171875,0.859375
day22_multinli_v4_single_seed2026_lr0.0002_canonical,0.0002,canonical,B1,144,B,192,0.9507468845695256,0.5520833333333334,0.765625,0.234375,0.65625
day22_multinli_v4_single_seed2026_lr0.0002_canonical,0.0002,canonical,B1,144,C,192,1.0719297238004704,0.421875,0.453125,0.046875,0.765625
day22_multinli_v4_single_seed2026_lr0.0002_canonical,0.0002,canonical,A2,216,A,192,0.9645994288536408,0.5520833333333334,0.53125,0.4375,0.6875
day22_multinli_v4_single_seed2026_lr0.0002_canonical,0.0002,canonical,A2,216,B,192,0.8915684063298007,0.6458333333333334,0.8125,0.453125,0.671875
day22_multinli_v4_single_seed2026_lr0.0002_canonical,0.0002,canonical,A2,216,C,192,0.984427862955878,0.5520833333333334,0.484375,0.609375,0.5625
day22_multinli_v4_single_seed2026_lr0.0002_canonical,0.0002,canonical,C1,288,A,192,0.9377556724939496,0.5677083333333334,0.5625,0.515625,0.625
day22_multinli_v4_single_seed2026_lr0.0002_canonical,0.0002,canonical,C1,288,B,192,0.8254069078636045,0.6614583333333334,0.6875,0.640625,0.65625
day22_multinli_v4_single_seed2026_lr0.0002_canonical,0.0002,canonical,C1,288,C,192,0.9743253701211264,0.5260416666666666,0.53125,0.46875,0.578125
day22_multinli_v4_single_seed2026_lr0.0002_canonical,0.0002,canonical,B2,360,A,192,0.9023546912164117,0.59375,0.609375,0.5625,0.609375
day22_multinli_v4_single_seed2026_lr0.0002_canonical,0.0002,canonical,B2,360,B,192,0.7853058240337608,0.671875,0.8125,0.59375,0.609375
day22_multinli_v4_single_seed2026_lr0.0002_canonical,0.0002,canonical,B2,360,C,192,1.002963235679393,0.5520833333333334,0.484375,0.609375,0.5625
day22_multinli_v4_single_seed2026_lr0.0002_b_first,0.0002,b_first,initial,0,A,192,1.102914536992709,0.3333333333333333,0.0,0.71875,0.28125
day22_multinli_v4_single_seed2026_lr0.0002_b_first,0.0002,b_first,initial,0,B,192,1.1017275704070926,0.3489583333333333,0.0,0.875,0.171875
day22_multinli_v4_single_seed2026_lr0.0002_b_first,0.0002,b_first,initial,0,C,192,1.100444925638537,0.375,0.0,0.84375,0.28125
day22_multinli_v4_single_seed2026_lr0.0002_b_first,0.0002,b_first,B1,72,A,192,1.1020250289390483,0.3333333333333333,0.0,0.0,1.0
day22_multinli_v4_single_seed2026_lr0.0002_b_first,0.0002,b_first,B1,72,B,192,1.066012188481788,0.4114583333333333,0.296875,0.03125,0.90625
day22_multinli_v4_single_seed2026_lr0.0002_b_first,0.0002,b_first,B1,72,C,192,1.0969107284521062,0.3333333333333333,0.0625,0.0,0.9375
day22_multinli_v4_single_seed2026_lr0.0002_b_first,0.0002,b_first,A1,144,A,192,0.9825921272858976,0.5208333333333334,0.515625,0.46875,0.578125
day22_multinli_v4_single_seed2026_lr0.0002_b_first,0.0002,b_first,A1,144,B,192,0.9360029843325416,0.5833333333333334,0.8125,0.28125,0.65625
day22_multinli_v4_single_seed2026_lr0.0002_b_first,0.0002,b_first,A1,144,C,192,1.030632929566006,0.4583333333333333,0.71875,0.28125,0.375
day22_multinli_v4_single_seed2026_lr0.0002_b_first,0.0002,b_first,B2,216,A,192,0.9330795052616546,0.5625,0.46875,0.609375,0.609375
day22_multinli_v4_single_seed2026_lr0.0002_b_first,0.0002,b_first,B2,216,B,192,0.8250750534546872,0.640625,0.71875,0.5625,0.640625
day22_multinli_v4_single_seed2026_lr0.0002_b_first,0.0002,b_first,B2,216,C,192,1.0253962002073724,0.4791666666666667,0.421875,0.515625,0.5
day22_multinli_v4_single_seed2026_lr0.0002_b_first,0.0002,b_first,C1,288,A,192,0.9149983154299358,0.5364583333333334,0.4375,0.546875,0.625
day22_multinli_v4_single_seed2026_lr0.0002_b_first,0.0002,b_first,C1,288,B,192,0.8000615089355657,0.6770833333333334,0.734375,0.671875,0.625
day22_multinli_v4_single_seed2026_lr0.0002_b_first,0.0002,b_first,C1,288,C,192,1.0011341827145468,0.5,0.546875,0.46875,0.484375
day22_multinli_v4_single_seed2026_lr0.0002_b_first,0.0002,b_first,A2,360,A,192,0.8757313268724829,0.5885416666666666,0.609375,0.546875,0.609375
day22_multinli_v4_single_seed2026_lr0.0002_b_first,0.0002,b_first,A2,360,B,192,0.7945464099757373,0.6770833333333334,0.8125,0.640625,0.578125
day22_multinli_v4_single_seed2026_lr0.0002_b_first,0.0002,b_first,A2,360,C,192,0.9420623251547416,0.5416666666666666,0.5625,0.546875,0.515625
day22_multinli_v4_single_seed2026_lr0.0008_canonical,0.0008,canonical,initial,0,A,192,1.102914536992709,0.3333333333333333,0.0,0.71875,0.28125
day22_multinli_v4_single_seed2026_lr0.0008_canonical,0.0008,canonical,initial,0,B,192,1.1017275704070926,0.3489583333333333,0.0,0.875,0.171875
day22_multinli_v4_single_seed2026_lr0.0008_canonical,0.0008,canonical,initial,0,C,192,1.100444925638537,0.375,0.0,0.84375,0.28125
day22_multinli_v4_single_seed2026_lr0.0008_canonical,0.0008,canonical,A1,72,A,192,1.0841114126766722,0.3854166666666667,0.90625,0.25,0.0
day22_multinli_v4_single_seed2026_lr0.0008_canonical,0.0008,canonical,A1,72,B,192,1.1036484042803447,0.3541666666666667,0.953125,0.09375,0.015625
day22_multinli_v4_single_seed2026_lr0.0008_canonical,0.0008,canonical,A1,72,C,192,1.130771326366812,0.34375,1.0,0.03125,0.0
day22_multinli_v4_single_seed2026_lr0.0008_canonical,0.0008,canonical,B1,144,A,192,1.0827988774884336,0.5677083333333334,0.5625,0.3125,0.828125
day22_multinli_v4_single_seed2026_lr0.0008_canonical,0.0008,canonical,B1,144,B,192,0.9176319657854036,0.6145833333333334,0.828125,0.328125,0.6875
day22_multinli_v4_single_seed2026_lr0.0008_canonical,0.0008,canonical,B1,144,C,192,1.1575071661015195,0.453125,0.4375,0.25,0.671875
day22_multinli_v4_single_seed2026_lr0.0008_canonical,0.0008,canonical,A2,216,A,192,0.8685669204375396,0.6197916666666666,0.703125,0.53125,0.625
day22_multinli_v4_single_seed2026_lr0.0008_canonical,0.0008,canonical,A2,216,B,192,0.8343358039079855,0.65625,0.828125,0.5,0.640625
day22_multinli_v4_single_seed2026_lr0.0008_canonical,0.0008,canonical,A2,216,C,192,0.9691256683630248,0.5364583333333334,0.421875,0.765625,0.421875
day22_multinli_v4_single_seed2026_lr0.0008_canonical,0.0008,canonical,C1,288,A,192,0.88600361419473,0.5677083333333334,0.625,0.328125,0.75
day22_multinli_v4_single_seed2026_lr0.0008_canonical,0.0008,canonical,C1,288,B,192,0.8003950020065531,0.6979166666666666,0.84375,0.546875,0.703125
day22_multinli_v4_single_seed2026_lr0.0008_canonical,0.0008,canonical,C1,288,C,192,0.988173888908932,0.53125,0.609375,0.328125,0.65625
day22_multinli_v4_single_seed2026_lr0.0008_canonical,0.0008,canonical,B2,360,A,192,0.9027135393941232,0.6041666666666666,0.59375,0.5,0.71875
day22_multinli_v4_single_seed2026_lr0.0008_canonical,0.0008,canonical,B2,360,B,192,0.7569274111253131,0.671875,0.796875,0.546875,0.671875
day22_multinli_v4_single_seed2026_lr0.0008_canonical,0.0008,canonical,B2,360,C,192,1.0258729766646866,0.515625,0.453125,0.46875,0.625
day22_multinli_v4_single_seed2026_lr0.0008_b_first,0.0008,b_first,initial,0,A,192,1.102914536992709,0.3333333333333333,0.0,0.71875,0.28125
day22_multinli_v4_single_seed2026_lr0.0008_b_first,0.0008,b_first,initial,0,B,192,1.1017275704070926,0.3489583333333333,0.0,0.875,0.171875
day22_multinli_v4_single_seed2026_lr0.0008_b_first,0.0008,b_first,initial,0,C,192,1.100444925638537,0.375,0.0,0.84375,0.28125
day22_multinli_v4_single_seed2026_lr0.0008_b_first,0.0008,b_first,B1,72,A,192,1.0890813330188394,0.4270833333333333,0.296875,0.046875,0.9375
day22_multinli_v4_single_seed2026_lr0.0008_b_first,0.0008,b_first,B1,72,B,192,0.9458299012233814,0.5677083333333334,0.90625,0.109375,0.6875
day22_multinli_v4_single_seed2026_lr0.0008_b_first,0.0008,b_first,B1,72,C,192,1.0743191750952974,0.4270833333333333,0.5,0.015625,0.765625
day22_multinli_v4_single_seed2026_lr0.0008_b_first,0.0008,b_first,A1,144,A,192,0.9045521958420674,0.5833333333333334,0.703125,0.5625,0.484375
day22_multinli_v4_single_seed2026_lr0.0008_b_first,0.0008,b_first,A1,144,B,192,0.9561643585717926,0.546875,0.90625,0.4375,0.296875
day22_multinli_v4_single_seed2026_lr0.0008_b_first,0.0008,b_first,A1,144,C,192,1.0076156066109736,0.5104166666666666,0.71875,0.515625,0.296875
day22_multinli_v4_single_seed2026_lr0.0008_b_first,0.0008,b_first,B2,216,A,192,0.9160424742828278,0.5729166666666666,0.546875,0.59375,0.578125
day22_multinli_v4_single_seed2026_lr0.0008_b_first,0.0008,b_first,B2,216,B,192,0.8026847839937545,0.6354166666666666,0.78125,0.546875,0.578125
day22_multinli_v4_single_seed2026_lr0.0008_b_first,0.0008,b_first,B2,216,C,192,1.0298406604561023,0.515625,0.34375,0.703125,0.5
day22_multinli_v4_single_seed2026_lr0.0008_b_first,0.0008,b_first,C1,288,A,192,0.8891373761434807,0.6145833333333334,0.609375,0.5,0.734375
day22_multinli_v4_single_seed2026_lr0.0008_b_first,0.0008,b_first,C1,288,B,192,0.7871725131311299,0.6875,0.828125,0.5625,0.671875
day22_multinli_v4_single_seed2026_lr0.0008_b_first,0.0008,b_first,C1,288,C,192,0.9745624595864988,0.5104166666666666,0.609375,0.328125,0.59375
day22_multinli_v4_single_seed2026_lr0.0008_b_first,0.0008,b_first,A2,360,A,192,0.8863938123686239,0.625,0.53125,0.640625,0.703125
day22_multinli_v4_single_seed2026_lr0.0008_b_first,0.0008,b_first,A2,360,B,192,0.7853018161452686,0.6614583333333334,0.8125,0.59375,0.578125
day22_multinli_v4_single_seed2026_lr0.0008_b_first,0.0008,b_first,A2,360,C,192,0.9040034029167144,0.5729166666666666,0.53125,0.59375,0.59375
