run,subset,signal,n,harmful,base_rate,auroc,auprc
canonical_2026,all,novelty,42,30,0.7142857142857143,0.5444444444444445,0.7546944307817288
canonical_2026,all,grad_conflict,42,30,0.7142857142857143,0.8444444444444443,0.8914583900148486
canonical_2026,all,virtual_interference,42,30,0.7142857142857143,0.8333333333333334,0.8719215762489272
canonical_2026,all,cable_risk,42,30,0.7142857142857143,0.7194444444444444,0.8777862912004115
canonical_2026,all,adamw_I1,42,30,0.7142857142857143,0.9194444444444444,0.9692487319137437
canonical_2026,all,adamw_I3,42,30,0.7142857142857143,0.9333333333333332,0.9767943630807517
canonical_2026,all,adamw_I5,42,30,0.7142857142857143,0.9388888888888889,0.9770043508951556
canonical_2026,noncross,novelty,37,29,0.7837837837837838,0.44396551724137934,0.7758785647482767
canonical_2026,noncross,grad_conflict,37,29,0.7837837837837838,0.8491379310344828,0.9076596546964388
canonical_2026,noncross,virtual_interference,37,29,0.7837837837837838,0.8232758620689655,0.8843903634052075
canonical_2026,noncross,cable_risk,37,29,0.7837837837837838,0.6767241379310345,0.89428840544504
canonical_2026,noncross,adamw_I1,37,29,0.7837837837837838,0.9698275862068966,0.993295019157088
canonical_2026,noncross,adamw_I3,37,29,0.7837837837837838,0.9655172413793104,0.9921059585149952
canonical_2026,noncross,adamw_I5,37,29,0.7837837837837838,0.978448275862069,0.9943466536436214
altorder_1337,all,novelty,42,32,0.7619047619047619,0.425,0.756787929453866
altorder_1337,all,grad_conflict,42,32,0.7619047619047619,0.8625,0.950553232902919
altorder_1337,all,virtual_interference,42,32,0.7619047619047619,0.896875,0.9629135940542753
altorder_1337,all,cable_risk,42,32,0.7619047619047619,0.8843749999999999,0.9626290479045598
altorder_1337,all,adamw_I1,42,32,0.7619047619047619,0.921875,0.9758990809138977
altorder_1337,all,adamw_I3,42,32,0.7619047619047619,0.95,0.9846748809663077
altorder_1337,all,adamw_I5,42,32,0.7619047619047619,0.9562499999999999,0.9867101457060097
altorder_1337,noncross,novelty,38,31,0.8157894736842105,0.4009216589861751,0.7954894201553042
altorder_1337,noncross,grad_conflict,38,31,0.8157894736842105,0.9953917050691244,0.9989919354838708
altorder_1337,noncross,virtual_interference,38,31,0.8157894736842105,0.9953917050691244,0.9989919354838708
altorder_1337,noncross,cable_risk,38,31,0.8157894736842105,0.9262672811059908,0.9799037060216083
altorder_1337,noncross,adamw_I1,38,31,0.8157894736842105,0.9769585253456221,0.9952727813289727
altorder_1337,noncross,adamw_I3,38,31,0.8157894736842105,0.9953917050691244,0.9989919354838708
altorder_1337,noncross,adamw_I5,38,31,0.8157894736842105,1.0,0.9999999999999998
run3_seed17,all,novelty,43,34,0.7906976744186046,0.40522875816993464,0.7645556557760761
run3_seed17,all,grad_conflict,43,34,0.7906976744186046,0.8496732026143791,0.9392352914460231
run3_seed17,all,virtual_interference,43,34,0.7906976744186046,0.8562091503267975,0.9206423465930655
run3_seed17,all,cable_risk,43,34,0.7906976744186046,0.8758169934640523,0.9631369537892361
run3_seed17,all,adamw_I1,43,34,0.7906976744186046,0.9084967320261438,0.9727524026221755
run3_seed17,all,adamw_I3,43,34,0.7906976744186046,0.934640522875817,0.9809261915953372
run3_seed17,all,adamw_I5,43,34,0.7906976744186046,0.9411764705882353,0.9839266965478665
run3_seed17,noncross,novelty,40,34,0.85,0.39215686274509803,0.8220634875438284
run3_seed17,noncross,grad_conflict,40,34,0.85,0.9852941176470589,0.997403346365284
run3_seed17,noncross,virtual_interference,40,34,0.85,1.0,1.0
run3_seed17,noncross,cable_risk,40,34,0.85,0.9166666666666667,0.982804163741648
run3_seed17,noncross,adamw_I1,40,34,0.85,0.9901960784313726,0.9983660130718954
run3_seed17,noncross,adamw_I3,40,34,0.85,0.9950980392156863,0.9991596638655462
run3_seed17,noncross,adamw_I5,40,34,0.85,1.0,1.0
run4_seed31415,all,novelty,42,32,0.7619047619047619,0.34375,0.6737630110998296
run4_seed31415,all,grad_conflict,42,32,0.7619047619047619,0.925,0.9758415759011497
run4_seed31415,all,virtual_interference,42,32,0.7619047619047619,0.921875,0.9745675071812645
run4_seed31415,all,cable_risk,42,32,0.7619047619047619,0.809375,0.9333527453525929
run4_seed31415,all,adamw_I1,42,32,0.7619047619047619,0.984375,0.9954274891774892
run4_seed31415,all,adamw_I3,42,32,0.7619047619047619,0.9874999999999999,0.9963448660714286
run4_seed31415,all,adamw_I5,42,32,0.7619047619047619,0.984375,0.9953368015552996
run4_seed31415,noncross,novelty,37,30,0.8108108108108109,0.37142857142857144,0.7397151692039525
run4_seed31415,noncross,grad_conflict,37,30,0.8108108108108109,0.980952380952381,0.995473718593852
run4_seed31415,noncross,virtual_interference,37,30,0.8108108108108109,0.9857142857142858,0.9966641947843282
run4_seed31415,noncross,cable_risk,37,30,0.8108108108108109,0.8142857142857143,0.948400166597077
run4_seed31415,noncross,adamw_I1,37,30,0.8108108108108109,1.0,0.9999999999999999
run4_seed31415,noncross,adamw_I3,37,30,0.8108108108108109,1.0,0.9999999999999999
run4_seed31415,noncross,adamw_I5,37,30,0.8108108108108109,1.0,0.9999999999999999
run5_seed4242,all,novelty,42,30,0.7142857142857143,0.6583333333333333,0.8180887019380477
run5_seed4242,all,grad_conflict,42,30,0.7142857142857143,0.7888888888888889,0.8996294622999941
run5_seed4242,all,virtual_interference,42,30,0.7142857142857143,0.7805555555555556,0.8909994072013482
run5_seed4242,all,cable_risk,42,30,0.7142857142857143,0.9472222222222222,0.9794298357716209
run5_seed4242,all,adamw_I1,42,30,0.7142857142857143,0.9277777777777778,0.9729387539658212
run5_seed4242,all,adamw_I3,42,30,0.7142857142857143,0.95,0.9810294308610956
run5_seed4242,all,adamw_I5,42,30,0.7142857142857143,0.9388888888888889,0.9762941313794193
run5_seed4242,noncross,novelty,37,30,0.8108108108108109,0.5761904761904763,0.8438717164613566
run5_seed4242,noncross,grad_conflict,37,30,0.8108108108108109,0.9761904761904763,0.9942391506926175
run5_seed4242,noncross,virtual_interference,37,30,0.8108108108108109,0.9857142857142858,0.9966641947843282
run5_seed4242,noncross,cable_risk,37,30,0.8108108108108109,0.980952380952381,0.995766129032258
run5_seed4242,noncross,adamw_I1,37,30,0.8108108108108109,0.9857142857142858,0.9968055555555556
run5_seed4242,noncross,adamw_I3,37,30,0.8108108108108109,0.9952380952380953,0.9989247311827957
run5_seed4242,noncross,adamw_I5,37,30,0.8108108108108109,0.9904761904761905,0.9979166666666667
