seed,method,A_reuse,B_reuse,A1_dom,B1_dom,A2_dom,C1_dom,B2_dom,spawns,recurrence_spawns,final_adapters,A_after_A1,A_after_A2,B_after_B1,B_after_B2,C_after_C1
2026,V3,True,True,default,default,default,default,default,1,1,2,0.274914089347079,0.2714776632302405,0.0,0.0,0.0
2026,CF,True,True,default,adapter_1,default,adapter_2,adapter_1,2,0,3,0.274914089347079,0.2233676975945017,0.1225806451612903,0.3290322580645161,0.2637362637362637
1337,V3,True,True,default,default,default,default,default,0,0,1,0.1305841924398625,0.4570446735395189,0.0,0.2516129032258064,0.0
1337,CF,True,True,default,adapter_1,default,adapter_2,adapter_1,2,0,3,0.1305841924398625,0.2886597938144329,0.0903225806451612,0.3451612903225806,0.2454212454212454
17,V3,True,True,default,default,default,default,default,0,0,1,0.2061855670103092,0.4432989690721649,0.0,0.2419354838709677,0.0
17,CF,True,True,default,adapter_1,default,adapter_2,adapter_1,2,0,3,0.2061855670103092,0.415807560137457,0.0387096774193548,0.3548387096774194,0.1758241758241758
31415,V3,True,True,default,default,default,default,default,1,1,2,0.1718213058419244,0.4570446735395189,0.0,0.0,0.0
31415,CF,True,True,default,adapter_1,default,adapter_2,adapter_1,2,0,3,0.1718213058419244,0.3505154639175257,0.2548387096774193,0.4032258064516129,0.2197802197802197
4242,V3,True,True,default,default,default,default,default,0,0,1,0.1237113402061855,0.3951890034364261,0.0,0.1548387096774193,0.0
4242,CF,True,True,default,adapter_1,default,adapter_2,adapter_1,2,0,3,0.1237113402061855,0.3470790378006873,0.1677419354838709,0.2451612903225806,0.1465201465201465
