regime,rule,contrast,seed_clusters,mean,ci_low,ci_high
amazon,frozen_centroid,LoRA minus head-only / CAU,5,0.029947916666666664,0.012991299638405791,0.04690453369492754
amazon,frozen_centroid,LoRA minus head-only / single,5,0.04401041666666666,0.026507651141223085,0.061513182192110244
amazon,frozen_centroid,CAU minus single / private,5,-0.016927083333333325,-0.04049506198921687,0.0066408953225502165
amazon,frozen_centroid,CAU minus single / head-only,5,-0.0028645833333333258,-0.024172587754034355,0.0184434210873677
amazon,last_active,LoRA minus head-only / CAU,5,0.003645833333333326,-0.08503551998087786,0.0923271866475445
amazon,last_active,LoRA minus head-only / single,5,0.04401041666666666,0.026507651141223085,0.061513182192110244
amazon,last_active,CAU minus single / private,5,-0.043229166666666666,-0.13699648518779484,0.05053815185446149
amazon,last_active,CAU minus single / head-only,5,-0.0028645833333333258,-0.024172587754034355,0.0184434210873677
amazon,uniform_probability,LoRA minus head-only / CAU,5,0.035416666666666666,0.028240773207851552,0.04259256012548178
amazon,uniform_probability,LoRA minus head-only / single,5,0.04401041666666666,0.026507651141223085,0.061513182192110244
amazon,uniform_probability,CAU minus single / private,5,-0.011458333333333326,-0.024956017382055603,0.0020393507153889517
amazon,uniform_probability,CAU minus single / head-only,5,-0.0028645833333333258,-0.024172587754034355,0.0184434210873677
banking,frozen_centroid,LoRA minus head-only / CAU,5,0.04886587380767627,0.0172469891593715,0.08048475845598105
banking,frozen_centroid,LoRA minus head-only / single,5,0.040876103905701525,-0.0005440082933248422,0.0822962161047279
banking,frozen_centroid,CAU minus single / private,5,-0.005381419747897999,-0.03988559800054436,0.02912275850474836
banking,frozen_centroid,CAU minus single / head-only,5,-0.01337118964987275,-0.03632046664566107,0.009578087345915571
banking,last_active,LoRA minus head-only / CAU,5,0.036097624062372984,0.01360246803621603,0.05859278008852994
banking,last_active,LoRA minus head-only / single,5,0.040876103905701525,-0.0005440082933248422,0.0822962161047279
banking,last_active,CAU minus single / private,5,-0.06010124524258211,-0.10595345864925984,-0.014249031835904376
banking,last_active,CAU minus single / head-only,5,-0.055322765399253584,-0.06939474007961227,-0.0412507907188949
banking,uniform_probability,LoRA minus head-only / CAU,5,0.05550345490152607,0.004246266245470115,0.10676064355758202
banking,uniform_probability,LoRA minus head-only / single,5,0.040876103905701525,-0.0005440082933248422,0.0822962161047279
banking,uniform_probability,CAU minus single / private,5,-0.03345046742785353,-0.0834581365415264,0.016557201685819332
banking,uniform_probability,CAU minus single / head-only,5,-0.04807781842367808,-0.08701050111383156,-0.0091451357335246
