run,regime,seed,architecture,policy,order,condition,rule,macro_accuracy,router_training_examples,fit_and_training_feature_seconds,classifier_and_route_inference_seconds,adapters,learned_router_coefficients,normalization_statistics,original_prediction_agreement,source_sha256,frozen_algorithm_sha256,execution_scope,learner_state_sha256,official_test_used
day5_amazon_head_only_cau_seed2026,amazon,2026,head_only,cau,canonical,sharp,linear_hard,0.8255208333333334,512,0.1977943405508995,0.1521635372191667,['default'],0,0,True,d25ad35ff10ddfa32a726249caf3c4a96645e12d35056e9cd1e156cb205b1003,1e2343f62b6de00e872d3611a1a880249eeed38b4fa5bb2211370d19645fbdba,pilot,d66087d2cf835fabc92d1feaab147af975d9345f65fac0107bd78d6df11a10f7,False
day5_amazon_head_only_cau_seed2026,amazon,2026,head_only,cau,canonical,sharp,linear_probability_mixture,0.8255208333333334,512,0.1977943405508995,0.1521635372191667,['default'],0,0,True,d25ad35ff10ddfa32a726249caf3c4a96645e12d35056e9cd1e156cb205b1003,1e2343f62b6de00e872d3611a1a880249eeed38b4fa5bb2211370d19645fbdba,pilot,d66087d2cf835fabc92d1feaab147af975d9345f65fac0107bd78d6df11a10f7,False
day5_amazon_private_cau_seed2026,amazon,2026,private,cau,canonical,sharp,linear_hard,0.8541666666666666,512,0.1980240084230899,0.1458227597177028,['default'],0,0,True,d25ad35ff10ddfa32a726249caf3c4a96645e12d35056e9cd1e156cb205b1003,1e2343f62b6de00e872d3611a1a880249eeed38b4fa5bb2211370d19645fbdba,pilot,56b0b7c6102a51fc570c5f53f64e5231e8981b1e6e9b43c0c5ff53d64601ae4b,False
day5_amazon_private_cau_seed2026,amazon,2026,private,cau,canonical,sharp,linear_probability_mixture,0.8541666666666666,512,0.1980240084230899,0.1458227597177028,['default'],0,0,True,d25ad35ff10ddfa32a726249caf3c4a96645e12d35056e9cd1e156cb205b1003,1e2343f62b6de00e872d3611a1a880249eeed38b4fa5bb2211370d19645fbdba,pilot,56b0b7c6102a51fc570c5f53f64e5231e8981b1e6e9b43c0c5ff53d64601ae4b,False
day5_amazon_private_single_seed2026,amazon,2026,private,single,canonical,sharp,linear_hard,0.8515625,512,0.1930492259562015,0.1454440634697675,['default'],0,0,True,d25ad35ff10ddfa32a726249caf3c4a96645e12d35056e9cd1e156cb205b1003,1e2343f62b6de00e872d3611a1a880249eeed38b4fa5bb2211370d19645fbdba,pilot,4a19215ccc02c1395410dd30be834f818f6c734cbec35e33153ab7af10ed4b53,False
day5_amazon_private_single_seed2026,amazon,2026,private,single,canonical,sharp,linear_probability_mixture,0.8515625,512,0.1930492259562015,0.1454440634697675,['default'],0,0,True,d25ad35ff10ddfa32a726249caf3c4a96645e12d35056e9cd1e156cb205b1003,1e2343f62b6de00e872d3611a1a880249eeed38b4fa5bb2211370d19645fbdba,pilot,4a19215ccc02c1395410dd30be834f818f6c734cbec35e33153ab7af10ed4b53,False
day5_banking_head_only_cau_seed2026,banking,2026,head_only,cau,canonical,sharp,linear_hard,0.1788748516384033,1255,0.5664001647382975,0.4793670065701008,"['adapter_1', 'adapter_2', 'default']",2307,1536,True,d25ad35ff10ddfa32a726249caf3c4a96645e12d35056e9cd1e156cb205b1003,1e2343f62b6de00e872d3611a1a880249eeed38b4fa5bb2211370d19645fbdba,pilot,f049ae82e2d700c602fc47b3bc50597abd144a72bd41947898c888085addbbce,False
day5_banking_head_only_cau_seed2026,banking,2026,head_only,cau,canonical,sharp,linear_probability_mixture,0.171548844312396,1255,0.5664001647382975,0.4793670065701008,"['adapter_1', 'adapter_2', 'default']",2307,1536,True,d25ad35ff10ddfa32a726249caf3c4a96645e12d35056e9cd1e156cb205b1003,1e2343f62b6de00e872d3611a1a880249eeed38b4fa5bb2211370d19645fbdba,pilot,f049ae82e2d700c602fc47b3bc50597abd144a72bd41947898c888085addbbce,False
day5_banking_private_cau_seed2026,banking,2026,private,cau,canonical,sharp,linear_hard,0.2328292185957633,1255,0.6135467793792486,0.5552438721060753,"['adapter_1', 'adapter_2', 'default']",2307,1536,True,d25ad35ff10ddfa32a726249caf3c4a96645e12d35056e9cd1e156cb205b1003,1e2343f62b6de00e872d3611a1a880249eeed38b4fa5bb2211370d19645fbdba,pilot,6b6b13fbfda483f0e74d8c955b62a9d0fb6a218d7a9144d51b1811336c7de004,False
day5_banking_private_cau_seed2026,banking,2026,private,cau,canonical,sharp,linear_probability_mixture,0.2192524727609529,1255,0.6135467793792486,0.5552438721060753,"['adapter_1', 'adapter_2', 'default']",2307,1536,True,d25ad35ff10ddfa32a726249caf3c4a96645e12d35056e9cd1e156cb205b1003,1e2343f62b6de00e872d3611a1a880249eeed38b4fa5bb2211370d19645fbdba,pilot,6b6b13fbfda483f0e74d8c955b62a9d0fb6a218d7a9144d51b1811336c7de004,False
day5_banking_private_single_seed2026,banking,2026,private,single,canonical,sharp,linear_hard,0.1693123452684477,512,0.149365609511733,0.2511663194745779,['default'],0,0,True,d25ad35ff10ddfa32a726249caf3c4a96645e12d35056e9cd1e156cb205b1003,1e2343f62b6de00e872d3611a1a880249eeed38b4fa5bb2211370d19645fbdba,pilot,57bbf7bb737c8a203d0b915114c0a8db13fc33c013f4519a5701ca82eb4d29bc,False
day5_banking_private_single_seed2026,banking,2026,private,single,canonical,sharp,linear_probability_mixture,0.1693123452684477,512,0.149365609511733,0.2511663194745779,['default'],0,0,True,d25ad35ff10ddfa32a726249caf3c4a96645e12d35056e9cd1e156cb205b1003,1e2343f62b6de00e872d3611a1a880249eeed38b4fa5bb2211370d19645fbdba,pilot,57bbf7bb737c8a203d0b915114c0a8db13fc33c013f4519a5701ca82eb4d29bc,False
day6_amazon_head_only_cau_seed2027_b_first,amazon,2027,head_only,cau,b_first,sharp,linear_hard,0.8307291666666666,512,0.1974866483360529,0.14546293579041958,['default'],0,0,True,d25ad35ff10ddfa32a726249caf3c4a96645e12d35056e9cd1e156cb205b1003,1e2343f62b6de00e872d3611a1a880249eeed38b4fa5bb2211370d19645fbdba,replication,c215e2d70d0899f3e1d2243e5d2b59e9c9f9a69314c57fa7d52a470cbe1a73f2,False
day6_amazon_head_only_cau_seed2027_b_first,amazon,2027,head_only,cau,b_first,sharp,linear_probability_mixture,0.8307291666666666,512,0.1974866483360529,0.14546293579041958,['default'],0,0,True,d25ad35ff10ddfa32a726249caf3c4a96645e12d35056e9cd1e156cb205b1003,1e2343f62b6de00e872d3611a1a880249eeed38b4fa5bb2211370d19645fbdba,replication,c215e2d70d0899f3e1d2243e5d2b59e9c9f9a69314c57fa7d52a470cbe1a73f2,False
day6_amazon_head_only_cau_seed2027_canonical,amazon,2027,head_only,cau,canonical,sharp,linear_hard,0.7942708333333334,512,0.19070862606167793,0.1514735035598278,['default'],0,0,True,d25ad35ff10ddfa32a726249caf3c4a96645e12d35056e9cd1e156cb205b1003,1e2343f62b6de00e872d3611a1a880249eeed38b4fa5bb2211370d19645fbdba,replication,57da841dabd36b67020ae1129f8d107b027476084cc800ab43553171b46f6078,False
day6_amazon_head_only_cau_seed2027_canonical,amazon,2027,head_only,cau,canonical,sharp,linear_probability_mixture,0.7942708333333334,512,0.19070862606167793,0.1514735035598278,['default'],0,0,True,d25ad35ff10ddfa32a726249caf3c4a96645e12d35056e9cd1e156cb205b1003,1e2343f62b6de00e872d3611a1a880249eeed38b4fa5bb2211370d19645fbdba,replication,57da841dabd36b67020ae1129f8d107b027476084cc800ab43553171b46f6078,False
day6_amazon_head_only_cau_seed2028_b_first,amazon,2028,head_only,cau,b_first,sharp,linear_hard,0.8098958333333334,512,0.2086184024810791,0.1539758164435625,['default'],0,0,True,d25ad35ff10ddfa32a726249caf3c4a96645e12d35056e9cd1e156cb205b1003,1e2343f62b6de00e872d3611a1a880249eeed38b4fa5bb2211370d19645fbdba,replication,cef7a6266c05948101190f43ab27b137b9bdcb13d8d33c9482abfb0215024175,False
day6_amazon_head_only_cau_seed2028_b_first,amazon,2028,head_only,cau,b_first,sharp,linear_probability_mixture,0.8098958333333334,512,0.2086184024810791,0.1539758164435625,['default'],0,0,True,d25ad35ff10ddfa32a726249caf3c4a96645e12d35056e9cd1e156cb205b1003,1e2343f62b6de00e872d3611a1a880249eeed38b4fa5bb2211370d19645fbdba,replication,cef7a6266c05948101190f43ab27b137b9bdcb13d8d33c9482abfb0215024175,False
day6_amazon_head_only_cau_seed2028_canonical,amazon,2028,head_only,cau,canonical,sharp,linear_hard,0.7994791666666666,512,0.20641533471643925,0.15322711318731308,['default'],0,0,True,d25ad35ff10ddfa32a726249caf3c4a96645e12d35056e9cd1e156cb205b1003,1e2343f62b6de00e872d3611a1a880249eeed38b4fa5bb2211370d19645fbdba,replication,7957f17eddbf571f0be9f9ff4462a7d23de6c995f1c7a910edaacdfc25a510a2,False
day6_amazon_head_only_cau_seed2028_canonical,amazon,2028,head_only,cau,canonical,sharp,linear_probability_mixture,0.7994791666666666,512,0.20641533471643925,0.15322711318731308,['default'],0,0,True,d25ad35ff10ddfa32a726249caf3c4a96645e12d35056e9cd1e156cb205b1003,1e2343f62b6de00e872d3611a1a880249eeed38b4fa5bb2211370d19645fbdba,replication,7957f17eddbf571f0be9f9ff4462a7d23de6c995f1c7a910edaacdfc25a510a2,False
day6_amazon_head_only_cau_seed2029_b_first,amazon,2029,head_only,cau,b_first,sharp,linear_hard,0.8098958333333334,512,0.1960486490279436,0.14533326216042042,['default'],0,0,True,d25ad35ff10ddfa32a726249caf3c4a96645e12d35056e9cd1e156cb205b1003,1e2343f62b6de00e872d3611a1a880249eeed38b4fa5bb2211370d19645fbdba,replication,0878de08562970c0b307b81bf2508157ae73f79b837f1e09ffbf39d0d26827e6,False
day6_amazon_head_only_cau_seed2029_b_first,amazon,2029,head_only,cau,b_first,sharp,linear_probability_mixture,0.8098958333333334,512,0.1960486490279436,0.14533326216042042,['default'],0,0,True,d25ad35ff10ddfa32a726249caf3c4a96645e12d35056e9cd1e156cb205b1003,1e2343f62b6de00e872d3611a1a880249eeed38b4fa5bb2211370d19645fbdba,replication,0878de08562970c0b307b81bf2508157ae73f79b837f1e09ffbf39d0d26827e6,False
day6_amazon_head_only_cau_seed2029_canonical,amazon,2029,head_only,cau,canonical,sharp,linear_hard,0.78125,512,0.2017547059804201,0.14657882414758205,['default'],0,0,True,d25ad35ff10ddfa32a726249caf3c4a96645e12d35056e9cd1e156cb205b1003,1e2343f62b6de00e872d3611a1a880249eeed38b4fa5bb2211370d19645fbdba,replication,0172b9f025ac35e907e4f75778b634d5708837ba2cfbbba20dc090ee9f8d0a18,False
day6_amazon_head_only_cau_seed2029_canonical,amazon,2029,head_only,cau,canonical,sharp,linear_probability_mixture,0.78125,512,0.2017547059804201,0.14657882414758205,['default'],0,0,True,d25ad35ff10ddfa32a726249caf3c4a96645e12d35056e9cd1e156cb205b1003,1e2343f62b6de00e872d3611a1a880249eeed38b4fa5bb2211370d19645fbdba,replication,0172b9f025ac35e907e4f75778b634d5708837ba2cfbbba20dc090ee9f8d0a18,False
day6_amazon_head_only_cau_seed2030_b_first,amazon,2030,head_only,cau,b_first,sharp,linear_hard,0.8046875,512,0.20205658674240112,0.14547709561884403,['default'],0,0,True,d25ad35ff10ddfa32a726249caf3c4a96645e12d35056e9cd1e156cb205b1003,1e2343f62b6de00e872d3611a1a880249eeed38b4fa5bb2211370d19645fbdba,replication,a4595f92007d50f0e13bd9b580db5c28f0bfe7e016c3b252af4eacd9b1c329ce,False
day6_amazon_head_only_cau_seed2030_b_first,amazon,2030,head_only,cau,b_first,sharp,linear_probability_mixture,0.8046875,512,0.20205658674240112,0.14547709561884403,['default'],0,0,True,d25ad35ff10ddfa32a726249caf3c4a96645e12d35056e9cd1e156cb205b1003,1e2343f62b6de00e872d3611a1a880249eeed38b4fa5bb2211370d19645fbdba,replication,a4595f92007d50f0e13bd9b580db5c28f0bfe7e016c3b252af4eacd9b1c329ce,False
day6_amazon_head_only_cau_seed2030_canonical,amazon,2030,head_only,cau,canonical,sharp,linear_hard,0.8020833333333334,512,0.20737504959106445,0.14708000980317593,['default'],0,0,True,d25ad35ff10ddfa32a726249caf3c4a96645e12d35056e9cd1e156cb205b1003,1e2343f62b6de00e872d3611a1a880249eeed38b4fa5bb2211370d19645fbdba,replication,79b1b2d8414daa73e849d7e5aec43b19ef21df8cbd3631a80a46e3ad0b908efe,False
day6_amazon_head_only_cau_seed2030_canonical,amazon,2030,head_only,cau,canonical,sharp,linear_probability_mixture,0.8020833333333334,512,0.20737504959106445,0.14708000980317593,['default'],0,0,True,d25ad35ff10ddfa32a726249caf3c4a96645e12d35056e9cd1e156cb205b1003,1e2343f62b6de00e872d3611a1a880249eeed38b4fa5bb2211370d19645fbdba,replication,79b1b2d8414daa73e849d7e5aec43b19ef21df8cbd3631a80a46e3ad0b908efe,False
day6_amazon_head_only_cau_seed2031_b_first,amazon,2031,head_only,cau,b_first,sharp,linear_hard,0.8125,512,0.19231818057596684,0.14030375704169273,['default'],0,0,True,d25ad35ff10ddfa32a726249caf3c4a96645e12d35056e9cd1e156cb205b1003,1e2343f62b6de00e872d3611a1a880249eeed38b4fa5bb2211370d19645fbdba,replication,f753d49313a9bab5c4f09dc833380f2862844f83382a894cc80bb1b3def3d671,False
day6_amazon_head_only_cau_seed2031_b_first,amazon,2031,head_only,cau,b_first,sharp,linear_probability_mixture,0.8125,512,0.19231818057596684,0.14030375704169273,['default'],0,0,True,d25ad35ff10ddfa32a726249caf3c4a96645e12d35056e9cd1e156cb205b1003,1e2343f62b6de00e872d3611a1a880249eeed38b4fa5bb2211370d19645fbdba,replication,f753d49313a9bab5c4f09dc833380f2862844f83382a894cc80bb1b3def3d671,False
day6_amazon_head_only_cau_seed2031_canonical,amazon,2031,head_only,cau,canonical,sharp,linear_hard,0.796875,512,0.20203851535916328,0.1441180184483528,['default'],0,0,True,d25ad35ff10ddfa32a726249caf3c4a96645e12d35056e9cd1e156cb205b1003,1e2343f62b6de00e872d3611a1a880249eeed38b4fa5bb2211370d19645fbdba,replication,a193d401c86bc38c0d8aeaf7443e8d1b23c8bc1c5e8520d3331e93f55ec70ca8,False
day6_amazon_head_only_cau_seed2031_canonical,amazon,2031,head_only,cau,canonical,sharp,linear_probability_mixture,0.796875,512,0.20203851535916328,0.1441180184483528,['default'],0,0,True,d25ad35ff10ddfa32a726249caf3c4a96645e12d35056e9cd1e156cb205b1003,1e2343f62b6de00e872d3611a1a880249eeed38b4fa5bb2211370d19645fbdba,replication,a193d401c86bc38c0d8aeaf7443e8d1b23c8bc1c5e8520d3331e93f55ec70ca8,False
day6_amazon_head_only_single_seed2027_b_first,amazon,2027,head_only,single,b_first,sharp,linear_hard,0.828125,512,0.1900644451379776,0.1408126763999462,['default'],0,0,True,d25ad35ff10ddfa32a726249caf3c4a96645e12d35056e9cd1e156cb205b1003,1e2343f62b6de00e872d3611a1a880249eeed38b4fa5bb2211370d19645fbdba,replication,efaf8e5211214697afc29512607add9e3b1888772ff92a21dd6ac44f5cf61702,False
day6_amazon_head_only_single_seed2027_b_first,amazon,2027,head_only,single,b_first,sharp,linear_probability_mixture,0.828125,512,0.1900644451379776,0.1408126763999462,['default'],0,0,True,d25ad35ff10ddfa32a726249caf3c4a96645e12d35056e9cd1e156cb205b1003,1e2343f62b6de00e872d3611a1a880249eeed38b4fa5bb2211370d19645fbdba,replication,efaf8e5211214697afc29512607add9e3b1888772ff92a21dd6ac44f5cf61702,False
day6_amazon_head_only_single_seed2027_canonical,amazon,2027,head_only,single,canonical,sharp,linear_hard,0.7942708333333334,512,0.19210067577660084,0.14038030058145523,['default'],0,0,True,d25ad35ff10ddfa32a726249caf3c4a96645e12d35056e9cd1e156cb205b1003,1e2343f62b6de00e872d3611a1a880249eeed38b4fa5bb2211370d19645fbdba,replication,58f9033e7da86b1e4f553493f72272bff825504724326abc7c1e5c4429dfcfe0,False
day6_amazon_head_only_single_seed2027_canonical,amazon,2027,head_only,single,canonical,sharp,linear_probability_mixture,0.7942708333333334,512,0.19210067577660084,0.14038030058145523,['default'],0,0,True,d25ad35ff10ddfa32a726249caf3c4a96645e12d35056e9cd1e156cb205b1003,1e2343f62b6de00e872d3611a1a880249eeed38b4fa5bb2211370d19645fbdba,replication,58f9033e7da86b1e4f553493f72272bff825504724326abc7c1e5c4429dfcfe0,False
day6_amazon_head_only_single_seed2028_b_first,amazon,2028,head_only,single,b_first,sharp,linear_hard,0.8151041666666666,512,0.21178899705410004,0.15734714269638062,['default'],0,0,True,d25ad35ff10ddfa32a726249caf3c4a96645e12d35056e9cd1e156cb205b1003,1e2343f62b6de00e872d3611a1a880249eeed38b4fa5bb2211370d19645fbdba,replication,c9fb7e5f757f64b7a8a4682739aede3edf4b6c24ab3ef0493635f42acb87723e,False
day6_amazon_head_only_single_seed2028_b_first,amazon,2028,head_only,single,b_first,sharp,linear_probability_mixture,0.8151041666666666,512,0.21178899705410004,0.15734714269638062,['default'],0,0,True,d25ad35ff10ddfa32a726249caf3c4a96645e12d35056e9cd1e156cb205b1003,1e2343f62b6de00e872d3611a1a880249eeed38b4fa5bb2211370d19645fbdba,replication,c9fb7e5f757f64b7a8a4682739aede3edf4b6c24ab3ef0493635f42acb87723e,False
day6_amazon_head_only_single_seed2028_canonical,amazon,2028,head_only,single,canonical,sharp,linear_hard,0.8125,512,0.20003651455044746,0.1458127573132515,['default'],0,0,True,d25ad35ff10ddfa32a726249caf3c4a96645e12d35056e9cd1e156cb205b1003,1e2343f62b6de00e872d3611a1a880249eeed38b4fa5bb2211370d19645fbdba,replication,5a4eafddb48cba7686b358738365130a073f71789e5e307c6ebf6b213135f8a5,False
day6_amazon_head_only_single_seed2028_canonical,amazon,2028,head_only,single,canonical,sharp,linear_probability_mixture,0.8125,512,0.20003651455044746,0.1458127573132515,['default'],0,0,True,d25ad35ff10ddfa32a726249caf3c4a96645e12d35056e9cd1e156cb205b1003,1e2343f62b6de00e872d3611a1a880249eeed38b4fa5bb2211370d19645fbdba,replication,5a4eafddb48cba7686b358738365130a073f71789e5e307c6ebf6b213135f8a5,False
day6_amazon_head_only_single_seed2029_b_first,amazon,2029,head_only,single,b_first,sharp,linear_hard,0.8203125,512,0.2009281273931265,0.1478285863995552,['default'],0,0,True,d25ad35ff10ddfa32a726249caf3c4a96645e12d35056e9cd1e156cb205b1003,1e2343f62b6de00e872d3611a1a880249eeed38b4fa5bb2211370d19645fbdba,replication,6e61b67cfa1f1a136a929d5da97fa94f662cba4d56e7a67e0a87051c5ec96ff9,False
day6_amazon_head_only_single_seed2029_b_first,amazon,2029,head_only,single,b_first,sharp,linear_probability_mixture,0.8203125,512,0.2009281273931265,0.1478285863995552,['default'],0,0,True,d25ad35ff10ddfa32a726249caf3c4a96645e12d35056e9cd1e156cb205b1003,1e2343f62b6de00e872d3611a1a880249eeed38b4fa5bb2211370d19645fbdba,replication,6e61b67cfa1f1a136a929d5da97fa94f662cba4d56e7a67e0a87051c5ec96ff9,False
day6_amazon_head_only_single_seed2029_canonical,amazon,2029,head_only,single,canonical,sharp,linear_hard,0.828125,512,0.20589772798120975,0.15011469461023808,['default'],0,0,True,d25ad35ff10ddfa32a726249caf3c4a96645e12d35056e9cd1e156cb205b1003,1e2343f62b6de00e872d3611a1a880249eeed38b4fa5bb2211370d19645fbdba,replication,99eafcbcfd4eea82cc176ad74455afc283b2b384dd79f3c050e5d69b4362ad51,False
day6_amazon_head_only_single_seed2029_canonical,amazon,2029,head_only,single,canonical,sharp,linear_probability_mixture,0.828125,512,0.20589772798120975,0.15011469461023808,['default'],0,0,True,d25ad35ff10ddfa32a726249caf3c4a96645e12d35056e9cd1e156cb205b1003,1e2343f62b6de00e872d3611a1a880249eeed38b4fa5bb2211370d19645fbdba,replication,99eafcbcfd4eea82cc176ad74455afc283b2b384dd79f3c050e5d69b4362ad51,False
day6_amazon_head_only_single_seed2030_b_first,amazon,2030,head_only,single,b_first,sharp,linear_hard,0.78125,512,0.21181564964354038,0.1555006504058838,['default'],0,0,True,d25ad35ff10ddfa32a726249caf3c4a96645e12d35056e9cd1e156cb205b1003,1e2343f62b6de00e872d3611a1a880249eeed38b4fa5bb2211370d19645fbdba,replication,0a8f1601611dfa30e2132a9a1e8fda4c15f65697ef35dd1bdd93dc0dd931a1a0,False
day6_amazon_head_only_single_seed2030_b_first,amazon,2030,head_only,single,b_first,sharp,linear_probability_mixture,0.78125,512,0.21181564964354038,0.1555006504058838,['default'],0,0,True,d25ad35ff10ddfa32a726249caf3c4a96645e12d35056e9cd1e156cb205b1003,1e2343f62b6de00e872d3611a1a880249eeed38b4fa5bb2211370d19645fbdba,replication,0a8f1601611dfa30e2132a9a1e8fda4c15f65697ef35dd1bdd93dc0dd931a1a0,False
day6_amazon_head_only_single_seed2030_canonical,amazon,2030,head_only,single,canonical,sharp,linear_hard,0.7916666666666666,512,0.21323864720761776,0.15155206620693207,['default'],0,0,True,d25ad35ff10ddfa32a726249caf3c4a96645e12d35056e9cd1e156cb205b1003,1e2343f62b6de00e872d3611a1a880249eeed38b4fa5bb2211370d19645fbdba,replication,94c5ea94eb2a348fa9cad2031804edbc0600c04e89ac5fdb3543be5586c917e4,False
day6_amazon_head_only_single_seed2030_canonical,amazon,2030,head_only,single,canonical,sharp,linear_probability_mixture,0.7916666666666666,512,0.21323864720761776,0.15155206620693207,['default'],0,0,True,d25ad35ff10ddfa32a726249caf3c4a96645e12d35056e9cd1e156cb205b1003,1e2343f62b6de00e872d3611a1a880249eeed38b4fa5bb2211370d19645fbdba,replication,94c5ea94eb2a348fa9cad2031804edbc0600c04e89ac5fdb3543be5586c917e4,False
day6_amazon_head_only_single_seed2031_b_first,amazon,2031,head_only,single,b_first,sharp,linear_hard,0.8177083333333334,512,0.20497529581189156,0.14373193681240082,['default'],0,0,True,d25ad35ff10ddfa32a726249caf3c4a96645e12d35056e9cd1e156cb205b1003,1e2343f62b6de00e872d3611a1a880249eeed38b4fa5bb2211370d19645fbdba,replication,49447fc04a31bdb8495c5fc37656d31e27b2089493397a92361c39c161af520a,False
day6_amazon_head_only_single_seed2031_b_first,amazon,2031,head_only,single,b_first,sharp,linear_probability_mixture,0.8177083333333334,512,0.20497529581189156,0.14373193681240082,['default'],0,0,True,d25ad35ff10ddfa32a726249caf3c4a96645e12d35056e9cd1e156cb205b1003,1e2343f62b6de00e872d3611a1a880249eeed38b4fa5bb2211370d19645fbdba,replication,49447fc04a31bdb8495c5fc37656d31e27b2089493397a92361c39c161af520a,False
day6_amazon_head_only_single_seed2031_canonical,amazon,2031,head_only,single,canonical,sharp,linear_hard,0.78125,512,0.20615744777023792,0.1557344887405634,['default'],0,0,True,d25ad35ff10ddfa32a726249caf3c4a96645e12d35056e9cd1e156cb205b1003,1e2343f62b6de00e872d3611a1a880249eeed38b4fa5bb2211370d19645fbdba,replication,23a9aeea2d47e94f1924796650b93b79f0e432ef2cb1afc9de2137fd7c0c9656,False
day6_amazon_head_only_single_seed2031_canonical,amazon,2031,head_only,single,canonical,sharp,linear_probability_mixture,0.78125,512,0.20615744777023792,0.1557344887405634,['default'],0,0,True,d25ad35ff10ddfa32a726249caf3c4a96645e12d35056e9cd1e156cb205b1003,1e2343f62b6de00e872d3611a1a880249eeed38b4fa5bb2211370d19645fbdba,replication,23a9aeea2d47e94f1924796650b93b79f0e432ef2cb1afc9de2137fd7c0c9656,False
day6_amazon_private_cau_seed2027_b_first,amazon,2027,private,cau,b_first,sharp,linear_hard,0.859375,512,0.1980749610811472,0.1523918230086565,['default'],0,0,True,d25ad35ff10ddfa32a726249caf3c4a96645e12d35056e9cd1e156cb205b1003,1e2343f62b6de00e872d3611a1a880249eeed38b4fa5bb2211370d19645fbdba,replication,3fd386bdb31f9361637c6fb7f299e08e0a5e7a36b28b6e2c754356b97608081b,False
day6_amazon_private_cau_seed2027_b_first,amazon,2027,private,cau,b_first,sharp,linear_probability_mixture,0.859375,512,0.1980749610811472,0.1523918230086565,['default'],0,0,True,d25ad35ff10ddfa32a726249caf3c4a96645e12d35056e9cd1e156cb205b1003,1e2343f62b6de00e872d3611a1a880249eeed38b4fa5bb2211370d19645fbdba,replication,3fd386bdb31f9361637c6fb7f299e08e0a5e7a36b28b6e2c754356b97608081b,False
day6_amazon_private_cau_seed2027_canonical,amazon,2027,private,cau,canonical,sharp,linear_hard,0.8515625,512,0.19918600842356682,0.14226476475596428,['default'],0,0,True,d25ad35ff10ddfa32a726249caf3c4a96645e12d35056e9cd1e156cb205b1003,1e2343f62b6de00e872d3611a1a880249eeed38b4fa5bb2211370d19645fbdba,replication,607fcc8d0a35fbc3f2a9fa19782143b507b3fd6d68fd710409d7cc2520557c75,False
day6_amazon_private_cau_seed2027_canonical,amazon,2027,private,cau,canonical,sharp,linear_probability_mixture,0.8515625,512,0.19918600842356682,0.14226476475596428,['default'],0,0,True,d25ad35ff10ddfa32a726249caf3c4a96645e12d35056e9cd1e156cb205b1003,1e2343f62b6de00e872d3611a1a880249eeed38b4fa5bb2211370d19645fbdba,replication,607fcc8d0a35fbc3f2a9fa19782143b507b3fd6d68fd710409d7cc2520557c75,False
day6_amazon_private_cau_seed2028_b_first,amazon,2028,private,cau,b_first,sharp,linear_hard,0.8385416666666666,512,0.19518360123038292,0.14212447218596935,['default'],0,0,True,d25ad35ff10ddfa32a726249caf3c4a96645e12d35056e9cd1e156cb205b1003,1e2343f62b6de00e872d3611a1a880249eeed38b4fa5bb2211370d19645fbdba,replication,6fa557c108a71f2935d9be468d5ec1686e2b294b8c2be55c02d67b6e8b6096de,False
day6_amazon_private_cau_seed2028_b_first,amazon,2028,private,cau,b_first,sharp,linear_probability_mixture,0.8385416666666666,512,0.19518360123038292,0.14212447218596935,['default'],0,0,True,d25ad35ff10ddfa32a726249caf3c4a96645e12d35056e9cd1e156cb205b1003,1e2343f62b6de00e872d3611a1a880249eeed38b4fa5bb2211370d19645fbdba,replication,6fa557c108a71f2935d9be468d5ec1686e2b294b8c2be55c02d67b6e8b6096de,False
day6_amazon_private_cau_seed2028_canonical,amazon,2028,private,cau,canonical,sharp,linear_hard,0.8333333333333334,512,0.19439431466162205,0.13849338702857494,['default'],0,0,True,d25ad35ff10ddfa32a726249caf3c4a96645e12d35056e9cd1e156cb205b1003,1e2343f62b6de00e872d3611a1a880249eeed38b4fa5bb2211370d19645fbdba,replication,6da7516573e6abbcf8e12b7fcc4c9c1376292069c3ed83b65671d80144449ed5,False
day6_amazon_private_cau_seed2028_canonical,amazon,2028,private,cau,canonical,sharp,linear_probability_mixture,0.8333333333333334,512,0.19439431466162205,0.13849338702857494,['default'],0,0,True,d25ad35ff10ddfa32a726249caf3c4a96645e12d35056e9cd1e156cb205b1003,1e2343f62b6de00e872d3611a1a880249eeed38b4fa5bb2211370d19645fbdba,replication,6da7516573e6abbcf8e12b7fcc4c9c1376292069c3ed83b65671d80144449ed5,False
day6_amazon_private_cau_seed2029_b_first,amazon,2029,private,cau,b_first,sharp,linear_hard,0.84375,512,0.19225679896771908,0.1441851109266281,['default'],0,0,True,d25ad35ff10ddfa32a726249caf3c4a96645e12d35056e9cd1e156cb205b1003,1e2343f62b6de00e872d3611a1a880249eeed38b4fa5bb2211370d19645fbdba,replication,06ba9c8d293c4fcfa0721b3b4133651dc97a9acc36fd0441d5b4fa63e723f006,False
day6_amazon_private_cau_seed2029_b_first,amazon,2029,private,cau,b_first,sharp,linear_probability_mixture,0.84375,512,0.19225679896771908,0.1441851109266281,['default'],0,0,True,d25ad35ff10ddfa32a726249caf3c4a96645e12d35056e9cd1e156cb205b1003,1e2343f62b6de00e872d3611a1a880249eeed38b4fa5bb2211370d19645fbdba,replication,06ba9c8d293c4fcfa0721b3b4133651dc97a9acc36fd0441d5b4fa63e723f006,False
day6_amazon_private_cau_seed2029_canonical,amazon,2029,private,cau,canonical,sharp,linear_hard,0.734375,736,0.3870991375297308,0.25379263795912266,"['adapter_1', 'default']",769,1536,True,d25ad35ff10ddfa32a726249caf3c4a96645e12d35056e9cd1e156cb205b1003,1e2343f62b6de00e872d3611a1a880249eeed38b4fa5bb2211370d19645fbdba,replication,c8504a8048d9bda9924fab881971ed235ac14491c7888dae28ea552b56f531ac,False
day6_amazon_private_cau_seed2029_canonical,amazon,2029,private,cau,canonical,sharp,linear_probability_mixture,0.7604166666666666,736,0.3870991375297308,0.25379263795912266,"['adapter_1', 'default']",769,1536,True,d25ad35ff10ddfa32a726249caf3c4a96645e12d35056e9cd1e156cb205b1003,1e2343f62b6de00e872d3611a1a880249eeed38b4fa5bb2211370d19645fbdba,replication,c8504a8048d9bda9924fab881971ed235ac14491c7888dae28ea552b56f531ac,False
day6_amazon_private_cau_seed2030_b_first,amazon,2030,private,cau,b_first,sharp,linear_hard,0.8619791666666666,512,0.20827971026301384,0.15623819641768932,['default'],0,0,True,d25ad35ff10ddfa32a726249caf3c4a96645e12d35056e9cd1e156cb205b1003,1e2343f62b6de00e872d3611a1a880249eeed38b4fa5bb2211370d19645fbdba,replication,49dd123c41459e7ad2f3fc987226243d414bd587c05ac086ac4bd89653d32938,False
day6_amazon_private_cau_seed2030_b_first,amazon,2030,private,cau,b_first,sharp,linear_probability_mixture,0.8619791666666666,512,0.20827971026301384,0.15623819641768932,['default'],0,0,True,d25ad35ff10ddfa32a726249caf3c4a96645e12d35056e9cd1e156cb205b1003,1e2343f62b6de00e872d3611a1a880249eeed38b4fa5bb2211370d19645fbdba,replication,49dd123c41459e7ad2f3fc987226243d414bd587c05ac086ac4bd89653d32938,False
day6_amazon_private_cau_seed2030_canonical,amazon,2030,private,cau,canonical,sharp,linear_hard,0.8020833333333334,512,0.20403297245502472,0.14666954800486565,['default'],0,0,True,d25ad35ff10ddfa32a726249caf3c4a96645e12d35056e9cd1e156cb205b1003,1e2343f62b6de00e872d3611a1a880249eeed38b4fa5bb2211370d19645fbdba,replication,675de8c409a7cab366c7586565d650a523af658d861f9f6676859ea3e628c9b9,False
day6_amazon_private_cau_seed2030_canonical,amazon,2030,private,cau,canonical,sharp,linear_probability_mixture,0.8020833333333334,512,0.20403297245502472,0.14666954800486565,['default'],0,0,True,d25ad35ff10ddfa32a726249caf3c4a96645e12d35056e9cd1e156cb205b1003,1e2343f62b6de00e872d3611a1a880249eeed38b4fa5bb2211370d19645fbdba,replication,675de8c409a7cab366c7586565d650a523af658d861f9f6676859ea3e628c9b9,False
day6_amazon_private_cau_seed2031_b_first,amazon,2031,private,cau,b_first,sharp,linear_hard,0.8385416666666666,512,0.20822181925177574,0.14762059971690178,['default'],0,0,True,d25ad35ff10ddfa32a726249caf3c4a96645e12d35056e9cd1e156cb205b1003,1e2343f62b6de00e872d3611a1a880249eeed38b4fa5bb2211370d19645fbdba,replication,01c41555f9107f6c9f8b3af9fcee42bf4aacff3c7bead9fe4ee140b7b0876fcc,False
day6_amazon_private_cau_seed2031_b_first,amazon,2031,private,cau,b_first,sharp,linear_probability_mixture,0.8385416666666666,512,0.20822181925177574,0.14762059971690178,['default'],0,0,True,d25ad35ff10ddfa32a726249caf3c4a96645e12d35056e9cd1e156cb205b1003,1e2343f62b6de00e872d3611a1a880249eeed38b4fa5bb2211370d19645fbdba,replication,01c41555f9107f6c9f8b3af9fcee42bf4aacff3c7bead9fe4ee140b7b0876fcc,False
day6_amazon_private_cau_seed2031_canonical,amazon,2031,private,cau,canonical,sharp,linear_hard,0.8489583333333334,512,0.19753135181963444,0.1497570425271988,['default'],0,0,True,d25ad35ff10ddfa32a726249caf3c4a96645e12d35056e9cd1e156cb205b1003,1e2343f62b6de00e872d3611a1a880249eeed38b4fa5bb2211370d19645fbdba,replication,81a75c7fa873a1bdcb8f932bf086f4513c0c141d8544af216311603d33b92281,False
day6_amazon_private_cau_seed2031_canonical,amazon,2031,private,cau,canonical,sharp,linear_probability_mixture,0.8489583333333334,512,0.19753135181963444,0.1497570425271988,['default'],0,0,True,d25ad35ff10ddfa32a726249caf3c4a96645e12d35056e9cd1e156cb205b1003,1e2343f62b6de00e872d3611a1a880249eeed38b4fa5bb2211370d19645fbdba,replication,81a75c7fa873a1bdcb8f932bf086f4513c0c141d8544af216311603d33b92281,False
day6_amazon_private_single_seed2027_b_first,amazon,2027,private,single,b_first,sharp,linear_hard,0.8567708333333334,512,0.19964349083602428,0.14541281387209892,['default'],0,0,True,d25ad35ff10ddfa32a726249caf3c4a96645e12d35056e9cd1e156cb205b1003,1e2343f62b6de00e872d3611a1a880249eeed38b4fa5bb2211370d19645fbdba,replication,7efb37aaa284b6d2e1af1b6c1f49c679c9f468b874eec886786836c7c8bd0775,False
day6_amazon_private_single_seed2027_b_first,amazon,2027,private,single,b_first,sharp,linear_probability_mixture,0.8567708333333334,512,0.19964349083602428,0.14541281387209892,['default'],0,0,True,d25ad35ff10ddfa32a726249caf3c4a96645e12d35056e9cd1e156cb205b1003,1e2343f62b6de00e872d3611a1a880249eeed38b4fa5bb2211370d19645fbdba,replication,7efb37aaa284b6d2e1af1b6c1f49c679c9f468b874eec886786836c7c8bd0775,False
day6_amazon_private_single_seed2027_canonical,amazon,2027,private,single,canonical,sharp,linear_hard,0.8463541666666666,512,0.2035223487764597,0.15057801268994808,['default'],0,0,True,d25ad35ff10ddfa32a726249caf3c4a96645e12d35056e9cd1e156cb205b1003,1e2343f62b6de00e872d3611a1a880249eeed38b4fa5bb2211370d19645fbdba,replication,3e943144530d1ef335de2f86f079c676e4005092cc8e18532e0cf410d74a5bd4,False
day6_amazon_private_single_seed2027_canonical,amazon,2027,private,single,canonical,sharp,linear_probability_mixture,0.8463541666666666,512,0.2035223487764597,0.15057801268994808,['default'],0,0,True,d25ad35ff10ddfa32a726249caf3c4a96645e12d35056e9cd1e156cb205b1003,1e2343f62b6de00e872d3611a1a880249eeed38b4fa5bb2211370d19645fbdba,replication,3e943144530d1ef335de2f86f079c676e4005092cc8e18532e0cf410d74a5bd4,False
day6_amazon_private_single_seed2028_b_first,amazon,2028,private,single,b_first,sharp,linear_hard,0.8541666666666666,512,0.20895817130804062,0.14882839284837246,['default'],0,0,True,d25ad35ff10ddfa32a726249caf3c4a96645e12d35056e9cd1e156cb205b1003,1e2343f62b6de00e872d3611a1a880249eeed38b4fa5bb2211370d19645fbdba,replication,c00c3abda5332bbced80378c4c76be98a0cff4c9eb54962ab7219ff46e2f66a7,False
day6_amazon_private_single_seed2028_b_first,amazon,2028,private,single,b_first,sharp,linear_probability_mixture,0.8541666666666666,512,0.20895817130804062,0.14882839284837246,['default'],0,0,True,d25ad35ff10ddfa32a726249caf3c4a96645e12d35056e9cd1e156cb205b1003,1e2343f62b6de00e872d3611a1a880249eeed38b4fa5bb2211370d19645fbdba,replication,c00c3abda5332bbced80378c4c76be98a0cff4c9eb54962ab7219ff46e2f66a7,False
day6_amazon_private_single_seed2028_canonical,amazon,2028,private,single,canonical,sharp,linear_hard,0.859375,512,0.1961233913898468,0.14083686657249928,['default'],0,0,True,d25ad35ff10ddfa32a726249caf3c4a96645e12d35056e9cd1e156cb205b1003,1e2343f62b6de00e872d3611a1a880249eeed38b4fa5bb2211370d19645fbdba,replication,6e73ab1f53ddf4c232d0e1439570769967e79a4bbc507587c2b7620b0bfca6d9,False
day6_amazon_private_single_seed2028_canonical,amazon,2028,private,single,canonical,sharp,linear_probability_mixture,0.859375,512,0.1961233913898468,0.14083686657249928,['default'],0,0,True,d25ad35ff10ddfa32a726249caf3c4a96645e12d35056e9cd1e156cb205b1003,1e2343f62b6de00e872d3611a1a880249eeed38b4fa5bb2211370d19645fbdba,replication,6e73ab1f53ddf4c232d0e1439570769967e79a4bbc507587c2b7620b0bfca6d9,False
day6_amazon_private_single_seed2029_b_first,amazon,2029,private,single,b_first,sharp,linear_hard,0.84375,512,0.1887978706508875,0.13973378017544746,['default'],0,0,True,d25ad35ff10ddfa32a726249caf3c4a96645e12d35056e9cd1e156cb205b1003,1e2343f62b6de00e872d3611a1a880249eeed38b4fa5bb2211370d19645fbdba,replication,f03db4c9d250771f148af5767dbe53af853a5621ec2394b5e7867286035534c7,False
day6_amazon_private_single_seed2029_b_first,amazon,2029,private,single,b_first,sharp,linear_probability_mixture,0.84375,512,0.1887978706508875,0.13973378017544746,['default'],0,0,True,d25ad35ff10ddfa32a726249caf3c4a96645e12d35056e9cd1e156cb205b1003,1e2343f62b6de00e872d3611a1a880249eeed38b4fa5bb2211370d19645fbdba,replication,f03db4c9d250771f148af5767dbe53af853a5621ec2394b5e7867286035534c7,False
day6_amazon_private_single_seed2029_canonical,amazon,2029,private,single,canonical,sharp,linear_hard,0.8541666666666666,512,0.18802725709974766,0.13972592167556286,['default'],0,0,True,d25ad35ff10ddfa32a726249caf3c4a96645e12d35056e9cd1e156cb205b1003,1e2343f62b6de00e872d3611a1a880249eeed38b4fa5bb2211370d19645fbdba,replication,6bcffa65c1e7f68f0720943b5abf14bdeedeb1f182db42c04bbeb95b66e5d6cb,False
day6_amazon_private_single_seed2029_canonical,amazon,2029,private,single,canonical,sharp,linear_probability_mixture,0.8541666666666666,512,0.18802725709974766,0.13972592167556286,['default'],0,0,True,d25ad35ff10ddfa32a726249caf3c4a96645e12d35056e9cd1e156cb205b1003,1e2343f62b6de00e872d3611a1a880249eeed38b4fa5bb2211370d19645fbdba,replication,6bcffa65c1e7f68f0720943b5abf14bdeedeb1f182db42c04bbeb95b66e5d6cb,False
day6_amazon_private_single_seed2030_b_first,amazon,2030,private,single,b_first,sharp,linear_hard,0.8567708333333334,512,0.19146945141255856,0.13812508434057236,['default'],0,0,True,d25ad35ff10ddfa32a726249caf3c4a96645e12d35056e9cd1e156cb205b1003,1e2343f62b6de00e872d3611a1a880249eeed38b4fa5bb2211370d19645fbdba,replication,7a1f8145d0183c8fce2badac429aa856a3fe49d8d0f4a47c088a6b3e0b19bf42,False
day6_amazon_private_single_seed2030_b_first,amazon,2030,private,single,b_first,sharp,linear_probability_mixture,0.8567708333333334,512,0.19146945141255856,0.13812508434057236,['default'],0,0,True,d25ad35ff10ddfa32a726249caf3c4a96645e12d35056e9cd1e156cb205b1003,1e2343f62b6de00e872d3611a1a880249eeed38b4fa5bb2211370d19645fbdba,replication,7a1f8145d0183c8fce2badac429aa856a3fe49d8d0f4a47c088a6b3e0b19bf42,False
day6_amazon_private_single_seed2030_canonical,amazon,2030,private,single,canonical,sharp,linear_hard,0.84375,512,0.2161674201488495,0.14942005276679993,['default'],0,0,True,d25ad35ff10ddfa32a726249caf3c4a96645e12d35056e9cd1e156cb205b1003,1e2343f62b6de00e872d3611a1a880249eeed38b4fa5bb2211370d19645fbdba,replication,6300e767f5f9f86398b6217d9c42fa26ce946c1f1cfe13e7dd690e83f73bd092,False
day6_amazon_private_single_seed2030_canonical,amazon,2030,private,single,canonical,sharp,linear_probability_mixture,0.84375,512,0.2161674201488495,0.14942005276679993,['default'],0,0,True,d25ad35ff10ddfa32a726249caf3c4a96645e12d35056e9cd1e156cb205b1003,1e2343f62b6de00e872d3611a1a880249eeed38b4fa5bb2211370d19645fbdba,replication,6300e767f5f9f86398b6217d9c42fa26ce946c1f1cfe13e7dd690e83f73bd092,False
day6_amazon_private_single_seed2031_b_first,amazon,2031,private,single,b_first,sharp,linear_hard,0.8541666666666666,512,0.19691062718629837,0.1494569517672062,['default'],0,0,True,d25ad35ff10ddfa32a726249caf3c4a96645e12d35056e9cd1e156cb205b1003,1e2343f62b6de00e872d3611a1a880249eeed38b4fa5bb2211370d19645fbdba,replication,40f3172ed515d75345f822b1a344d0697af4ef70d52c4d217fecd8e971154b67,False
day6_amazon_private_single_seed2031_b_first,amazon,2031,private,single,b_first,sharp,linear_probability_mixture,0.8541666666666666,512,0.19691062718629837,0.1494569517672062,['default'],0,0,True,d25ad35ff10ddfa32a726249caf3c4a96645e12d35056e9cd1e156cb205b1003,1e2343f62b6de00e872d3611a1a880249eeed38b4fa5bb2211370d19645fbdba,replication,40f3172ed515d75345f822b1a344d0697af4ef70d52c4d217fecd8e971154b67,False
day6_amazon_private_single_seed2031_canonical,amazon,2031,private,single,canonical,sharp,linear_hard,0.8411458333333334,512,0.20407410338521004,0.14641021750867367,['default'],0,0,True,d25ad35ff10ddfa32a726249caf3c4a96645e12d35056e9cd1e156cb205b1003,1e2343f62b6de00e872d3611a1a880249eeed38b4fa5bb2211370d19645fbdba,replication,4d32fa645d5ed82fff6584f88146cde110b819e93c0f9d96b451a764ba2a8d40,False
day6_amazon_private_single_seed2031_canonical,amazon,2031,private,single,canonical,sharp,linear_probability_mixture,0.8411458333333334,512,0.20407410338521004,0.14641021750867367,['default'],0,0,True,d25ad35ff10ddfa32a726249caf3c4a96645e12d35056e9cd1e156cb205b1003,1e2343f62b6de00e872d3611a1a880249eeed38b4fa5bb2211370d19645fbdba,replication,4d32fa645d5ed82fff6584f88146cde110b819e93c0f9d96b451a764ba2a8d40,False
day6_banking_head_only_cau_seed2027_b_first,banking,2027,head_only,cau,b_first,sharp,linear_hard,0.12809788962100235,1255,0.6086827740073204,0.5004955846816301,"['adapter_1', 'adapter_2', 'default']",2307,1536,True,d25ad35ff10ddfa32a726249caf3c4a96645e12d35056e9cd1e156cb205b1003,1e2343f62b6de00e872d3611a1a880249eeed38b4fa5bb2211370d19645fbdba,replication,bb332f3a9ba18d79b4da5d4e035800881f77f4c55ecccace3438e0630ad3a236,False
day6_banking_head_only_cau_seed2027_b_first,banking,2027,head_only,cau,b_first,sharp,linear_probability_mixture,0.1145913503412672,1255,0.6086827740073204,0.5004955846816301,"['adapter_1', 'adapter_2', 'default']",2307,1536,True,d25ad35ff10ddfa32a726249caf3c4a96645e12d35056e9cd1e156cb205b1003,1e2343f62b6de00e872d3611a1a880249eeed38b4fa5bb2211370d19645fbdba,replication,bb332f3a9ba18d79b4da5d4e035800881f77f4c55ecccace3438e0630ad3a236,False
day6_banking_head_only_cau_seed2027_canonical,banking,2027,head_only,cau,canonical,sharp,linear_hard,0.1533561697512479,1255,0.5471392348408699,0.5482746008783579,"['adapter_1', 'adapter_2', 'default']",2307,1536,True,d25ad35ff10ddfa32a726249caf3c4a96645e12d35056e9cd1e156cb205b1003,1e2343f62b6de00e872d3611a1a880249eeed38b4fa5bb2211370d19645fbdba,replication,a4cf9353323032530f0de7bc77f6e89f4d686b31009663edc3c3a8ddb9c45c6d,False
day6_banking_head_only_cau_seed2027_canonical,banking,2027,head_only,cau,canonical,sharp,linear_probability_mixture,0.14739689605003872,1255,0.5471392348408699,0.5482746008783579,"['adapter_1', 'adapter_2', 'default']",2307,1536,True,d25ad35ff10ddfa32a726249caf3c4a96645e12d35056e9cd1e156cb205b1003,1e2343f62b6de00e872d3611a1a880249eeed38b4fa5bb2211370d19645fbdba,replication,a4cf9353323032530f0de7bc77f6e89f4d686b31009663edc3c3a8ddb9c45c6d,False
day6_banking_head_only_cau_seed2028_b_first,banking,2028,head_only,cau,b_first,sharp,linear_hard,0.12276905373014453,1255,0.4772271402180195,0.5069056451320648,"['adapter_1', 'adapter_2', 'default']",2307,1536,True,d25ad35ff10ddfa32a726249caf3c4a96645e12d35056e9cd1e156cb205b1003,1e2343f62b6de00e872d3611a1a880249eeed38b4fa5bb2211370d19645fbdba,replication,a2d76cc38ce30a91ef7365bd453ee8b5e5bb3599c4f1bca05dce565ad9e05181,False
day6_banking_head_only_cau_seed2028_b_first,banking,2028,head_only,cau,b_first,sharp,linear_probability_mixture,0.12025152543942036,1255,0.4772271402180195,0.5069056451320648,"['adapter_1', 'adapter_2', 'default']",2307,1536,True,d25ad35ff10ddfa32a726249caf3c4a96645e12d35056e9cd1e156cb205b1003,1e2343f62b6de00e872d3611a1a880249eeed38b4fa5bb2211370d19645fbdba,replication,a2d76cc38ce30a91ef7365bd453ee8b5e5bb3599c4f1bca05dce565ad9e05181,False
day6_banking_head_only_cau_seed2028_canonical,banking,2028,head_only,cau,canonical,sharp,linear_hard,0.18621982163718112,1255,0.561144445091486,0.5078098736703396,"['adapter_1', 'adapter_2', 'default']",2307,1536,True,d25ad35ff10ddfa32a726249caf3c4a96645e12d35056e9cd1e156cb205b1003,1e2343f62b6de00e872d3611a1a880249eeed38b4fa5bb2211370d19645fbdba,replication,b49f6a8453e37cf484c873e68fb412609dd071bcf0c2a8052e40b05ecd00dee8,False
day6_banking_head_only_cau_seed2028_canonical,banking,2028,head_only,cau,canonical,sharp,linear_probability_mixture,0.18141134260189798,1255,0.561144445091486,0.5078098736703396,"['adapter_1', 'adapter_2', 'default']",2307,1536,True,d25ad35ff10ddfa32a726249caf3c4a96645e12d35056e9cd1e156cb205b1003,1e2343f62b6de00e872d3611a1a880249eeed38b4fa5bb2211370d19645fbdba,replication,b49f6a8453e37cf484c873e68fb412609dd071bcf0c2a8052e40b05ecd00dee8,False
day6_banking_head_only_cau_seed2029_b_first,banking,2029,head_only,cau,b_first,sharp,linear_hard,0.20561526564187024,1255,0.48162444680929184,0.5207144767045975,"['adapter_1', 'adapter_2', 'default']",2307,1536,True,d25ad35ff10ddfa32a726249caf3c4a96645e12d35056e9cd1e156cb205b1003,1e2343f62b6de00e872d3611a1a880249eeed38b4fa5bb2211370d19645fbdba,replication,a319bb432e67d9c06d13ef82b5db0cff9e1fae4f57d4752acdb4374612b4b03a,False
day6_banking_head_only_cau_seed2029_b_first,banking,2029,head_only,cau,b_first,sharp,linear_probability_mixture,0.20639375035783417,1255,0.48162444680929184,0.5207144767045975,"['adapter_1', 'adapter_2', 'default']",2307,1536,True,d25ad35ff10ddfa32a726249caf3c4a96645e12d35056e9cd1e156cb205b1003,1e2343f62b6de00e872d3611a1a880249eeed38b4fa5bb2211370d19645fbdba,replication,a319bb432e67d9c06d13ef82b5db0cff9e1fae4f57d4752acdb4374612b4b03a,False
day6_banking_head_only_cau_seed2029_canonical,banking,2029,head_only,cau,canonical,sharp,linear_hard,0.23957956465439004,1255,0.5392925944179296,0.5487349405884743,"['adapter_1', 'adapter_2', 'default']",2307,1536,True,d25ad35ff10ddfa32a726249caf3c4a96645e12d35056e9cd1e156cb205b1003,1e2343f62b6de00e872d3611a1a880249eeed38b4fa5bb2211370d19645fbdba,replication,8946452ca493168c6d11b09db1edec96411da66ceb3289ce162e3040601c3d7c,False
day6_banking_head_only_cau_seed2029_canonical,banking,2029,head_only,cau,canonical,sharp,linear_probability_mixture,0.22421927184148668,1255,0.5392925944179296,0.5487349405884743,"['adapter_1', 'adapter_2', 'default']",2307,1536,True,d25ad35ff10ddfa32a726249caf3c4a96645e12d35056e9cd1e156cb205b1003,1e2343f62b6de00e872d3611a1a880249eeed38b4fa5bb2211370d19645fbdba,replication,8946452ca493168c6d11b09db1edec96411da66ceb3289ce162e3040601c3d7c,False
day6_banking_head_only_cau_seed2030_b_first,banking,2030,head_only,cau,b_first,sharp,linear_hard,0.1204940608665251,1255,0.5612390767782927,0.5511069111526012,"['adapter_1', 'adapter_2', 'default']",2307,1536,True,d25ad35ff10ddfa32a726249caf3c4a96645e12d35056e9cd1e156cb205b1003,1e2343f62b6de00e872d3611a1a880249eeed38b4fa5bb2211370d19645fbdba,replication,0647cb880e3063a18c36b5dd544a339666b99ed552e255d790e0e7f692cb612f,False
day6_banking_head_only_cau_seed2030_b_first,banking,2030,head_only,cau,b_first,sharp,linear_probability_mixture,0.11797653257580094,1255,0.5612390767782927,0.5511069111526012,"['adapter_1', 'adapter_2', 'default']",2307,1536,True,d25ad35ff10ddfa32a726249caf3c4a96645e12d35056e9cd1e156cb205b1003,1e2343f62b6de00e872d3611a1a880249eeed38b4fa5bb2211370d19645fbdba,replication,0647cb880e3063a18c36b5dd544a339666b99ed552e255d790e0e7f692cb612f,False
day6_banking_head_only_cau_seed2030_canonical,banking,2030,head_only,cau,canonical,sharp,linear_hard,0.12506532376835003,1255,0.5415416248142719,0.5533014666289091,"['adapter_1', 'adapter_2', 'default']",2307,1536,True,d25ad35ff10ddfa32a726249caf3c4a96645e12d35056e9cd1e156cb205b1003,1e2343f62b6de00e872d3611a1a880249eeed38b4fa5bb2211370d19645fbdba,replication,3c3657aeca74d37c1acb1ff2d95a20df12ca5a0f463693fea94b2a352e064456,False
day6_banking_head_only_cau_seed2030_canonical,banking,2030,head_only,cau,canonical,sharp,linear_probability_mixture,0.12491959136455312,1255,0.5415416248142719,0.5533014666289091,"['adapter_1', 'adapter_2', 'default']",2307,1536,True,d25ad35ff10ddfa32a726249caf3c4a96645e12d35056e9cd1e156cb205b1003,1e2343f62b6de00e872d3611a1a880249eeed38b4fa5bb2211370d19645fbdba,replication,3c3657aeca74d37c1acb1ff2d95a20df12ca5a0f463693fea94b2a352e064456,False
day6_banking_head_only_cau_seed2031_b_first,banking,2031,head_only,cau,b_first,sharp,linear_hard,0.17353679834557786,1255,0.5428297258913517,0.5459808837622404,"['adapter_1', 'adapter_2', 'default']",2307,1536,True,d25ad35ff10ddfa32a726249caf3c4a96645e12d35056e9cd1e156cb205b1003,1e2343f62b6de00e872d3611a1a880249eeed38b4fa5bb2211370d19645fbdba,replication,5d97d4294e04d1310ce41c3b646832c8cca1824ad5b51dabbd41a3a8dbe3bf93,False
day6_banking_head_only_cau_seed2031_b_first,banking,2031,head_only,cau,b_first,sharp,linear_probability_mixture,0.1683560093603326,1255,0.5428297258913517,0.5459808837622404,"['adapter_1', 'adapter_2', 'default']",2307,1536,True,d25ad35ff10ddfa32a726249caf3c4a96645e12d35056e9cd1e156cb205b1003,1e2343f62b6de00e872d3611a1a880249eeed38b4fa5bb2211370d19645fbdba,replication,5d97d4294e04d1310ce41c3b646832c8cca1824ad5b51dabbd41a3a8dbe3bf93,False
day6_banking_head_only_cau_seed2031_canonical,banking,2031,head_only,cau,canonical,sharp,linear_hard,0.177038111723845,1255,0.5133030153810978,0.5146853514015675,"['adapter_1', 'adapter_2', 'default']",2307,1536,True,d25ad35ff10ddfa32a726249caf3c4a96645e12d35056e9cd1e156cb205b1003,1e2343f62b6de00e872d3611a1a880249eeed38b4fa5bb2211370d19645fbdba,replication,2ad03d943dfab39d64b22fd00faff83e209d9968ea0ac5d6a2a52dfe7fda0161,False
day6_banking_head_only_cau_seed2031_canonical,banking,2031,head_only,cau,canonical,sharp,linear_probability_mixture,0.17644986281501082,1255,0.5133030153810978,0.5146853514015675,"['adapter_1', 'adapter_2', 'default']",2307,1536,True,d25ad35ff10ddfa32a726249caf3c4a96645e12d35056e9cd1e156cb205b1003,1e2343f62b6de00e872d3611a1a880249eeed38b4fa5bb2211370d19645fbdba,replication,2ad03d943dfab39d64b22fd00faff83e209d9968ea0ac5d6a2a52dfe7fda0161,False
day6_banking_head_only_single_seed2027_b_first,banking,2027,head_only,single,b_first,sharp,linear_hard,0.07440416805232235,512,0.13887693919241428,0.2256737146526575,['default'],0,0,True,d25ad35ff10ddfa32a726249caf3c4a96645e12d35056e9cd1e156cb205b1003,1e2343f62b6de00e872d3611a1a880249eeed38b4fa5bb2211370d19645fbdba,replication,df0aec575d48c81d575e778a29b75b6eedd0a098c3663aed48e8d78add8a7c34,False
day6_banking_head_only_single_seed2027_b_first,banking,2027,head_only,single,b_first,sharp,linear_probability_mixture,0.07440416805232235,512,0.13887693919241428,0.2256737146526575,['default'],0,0,True,d25ad35ff10ddfa32a726249caf3c4a96645e12d35056e9cd1e156cb205b1003,1e2343f62b6de00e872d3611a1a880249eeed38b4fa5bb2211370d19645fbdba,replication,df0aec575d48c81d575e778a29b75b6eedd0a098c3663aed48e8d78add8a7c34,False
day6_banking_head_only_single_seed2027_canonical,banking,2027,head_only,single,canonical,sharp,linear_hard,0.14350958873739053,512,0.14777491614222527,0.22562969475984573,['default'],0,0,True,d25ad35ff10ddfa32a726249caf3c4a96645e12d35056e9cd1e156cb205b1003,1e2343f62b6de00e872d3611a1a880249eeed38b4fa5bb2211370d19645fbdba,replication,f9c1286c5ab9b53507e132fd25f2bee49486e9bbcc5a2fd6e37f5560e371a319,False
day6_banking_head_only_single_seed2027_canonical,banking,2027,head_only,single,canonical,sharp,linear_probability_mixture,0.14350958873739053,512,0.14777491614222527,0.22562969475984573,['default'],0,0,True,d25ad35ff10ddfa32a726249caf3c4a96645e12d35056e9cd1e156cb205b1003,1e2343f62b6de00e872d3611a1a880249eeed38b4fa5bb2211370d19645fbdba,replication,f9c1286c5ab9b53507e132fd25f2bee49486e9bbcc5a2fd6e37f5560e371a319,False
day6_banking_head_only_single_seed2028_b_first,banking,2028,head_only,single,b_first,sharp,linear_hard,0.18394486937885676,512,0.13470417819917202,0.22460552863776684,['default'],0,0,True,d25ad35ff10ddfa32a726249caf3c4a96645e12d35056e9cd1e156cb205b1003,1e2343f62b6de00e872d3611a1a880249eeed38b4fa5bb2211370d19645fbdba,replication,cd69a089ca740c715be94c90138d4691813ce083eafe43fde1f8b34b0655eb8f,False
day6_banking_head_only_single_seed2028_b_first,banking,2028,head_only,single,b_first,sharp,linear_probability_mixture,0.18394486937885676,512,0.13470417819917202,0.22460552863776684,['default'],0,0,True,d25ad35ff10ddfa32a726249caf3c4a96645e12d35056e9cd1e156cb205b1003,1e2343f62b6de00e872d3611a1a880249eeed38b4fa5bb2211370d19645fbdba,replication,cd69a089ca740c715be94c90138d4691813ce083eafe43fde1f8b34b0655eb8f,False
day6_banking_head_only_single_seed2028_canonical,banking,2028,head_only,single,canonical,sharp,linear_hard,0.0633263126778258,512,0.15106754936277866,0.25651028379797935,['default'],0,0,True,d25ad35ff10ddfa32a726249caf3c4a96645e12d35056e9cd1e156cb205b1003,1e2343f62b6de00e872d3611a1a880249eeed38b4fa5bb2211370d19645fbdba,replication,a9c72f430a8bd7c5319fb3c55a7e223c65abe54cdf38141960bad088c9d60ab9,False
day6_banking_head_only_single_seed2028_canonical,banking,2028,head_only,single,canonical,sharp,linear_probability_mixture,0.0633263126778258,512,0.15106754936277866,0.25651028379797935,['default'],0,0,True,d25ad35ff10ddfa32a726249caf3c4a96645e12d35056e9cd1e156cb205b1003,1e2343f62b6de00e872d3611a1a880249eeed38b4fa5bb2211370d19645fbdba,replication,a9c72f430a8bd7c5319fb3c55a7e223c65abe54cdf38141960bad088c9d60ab9,False
day6_banking_head_only_single_seed2029_b_first,banking,2029,head_only,single,b_first,sharp,linear_hard,0.11206444222739535,512,0.15139714814722538,0.24679752811789513,['default'],0,0,True,d25ad35ff10ddfa32a726249caf3c4a96645e12d35056e9cd1e156cb205b1003,1e2343f62b6de00e872d3611a1a880249eeed38b4fa5bb2211370d19645fbdba,replication,73b100d0db00199faf638191c2b425816eb2d66f7f13340d114c841565637dec,False
day6_banking_head_only_single_seed2029_b_first,banking,2029,head_only,single,b_first,sharp,linear_probability_mixture,0.11206444222739535,512,0.15139714814722538,0.24679752811789513,['default'],0,0,True,d25ad35ff10ddfa32a726249caf3c4a96645e12d35056e9cd1e156cb205b1003,1e2343f62b6de00e872d3611a1a880249eeed38b4fa5bb2211370d19645fbdba,replication,73b100d0db00199faf638191c2b425816eb2d66f7f13340d114c841565637dec,False
day6_banking_head_only_single_seed2029_canonical,banking,2029,head_only,single,canonical,sharp,linear_hard,0.15480175885895872,512,0.14302501268684864,0.24310407042503357,['default'],0,0,True,d25ad35ff10ddfa32a726249caf3c4a96645e12d35056e9cd1e156cb205b1003,1e2343f62b6de00e872d3611a1a880249eeed38b4fa5bb2211370d19645fbdba,replication,24f6704314e632b256e564c6a378f46ffb37e6d0c6de485dd7de64b93dbd858d,False
day6_banking_head_only_single_seed2029_canonical,banking,2029,head_only,single,canonical,sharp,linear_probability_mixture,0.15480175885895872,512,0.14302501268684864,0.24310407042503357,['default'],0,0,True,d25ad35ff10ddfa32a726249caf3c4a96645e12d35056e9cd1e156cb205b1003,1e2343f62b6de00e872d3611a1a880249eeed38b4fa5bb2211370d19645fbdba,replication,24f6704314e632b256e564c6a378f46ffb37e6d0c6de485dd7de64b93dbd858d,False
day6_banking_head_only_single_seed2030_b_first,banking,2030,head_only,single,b_first,sharp,linear_hard,0.13520673982928721,512,0.1365104615688324,0.2456563599407673,['default'],0,0,True,d25ad35ff10ddfa32a726249caf3c4a96645e12d35056e9cd1e156cb205b1003,1e2343f62b6de00e872d3611a1a880249eeed38b4fa5bb2211370d19645fbdba,replication,6dd7a65191dda03a0e5fdc3127f9b6e76ff2d4d2e7c3ebbbcdead59e02652b38,False
day6_banking_head_only_single_seed2030_b_first,banking,2030,head_only,single,b_first,sharp,linear_probability_mixture,0.13520673982928721,512,0.1365104615688324,0.2456563599407673,['default'],0,0,True,d25ad35ff10ddfa32a726249caf3c4a96645e12d35056e9cd1e156cb205b1003,1e2343f62b6de00e872d3611a1a880249eeed38b4fa5bb2211370d19645fbdba,replication,6dd7a65191dda03a0e5fdc3127f9b6e76ff2d4d2e7c3ebbbcdead59e02652b38,False
day6_banking_head_only_single_seed2030_canonical,banking,2030,head_only,single,canonical,sharp,linear_hard,0.10463363263496288,512,0.1417893599718809,0.23909982480108738,['default'],0,0,True,d25ad35ff10ddfa32a726249caf3c4a96645e12d35056e9cd1e156cb205b1003,1e2343f62b6de00e872d3611a1a880249eeed38b4fa5bb2211370d19645fbdba,replication,46611ccf8fa49c8a7c28d6d68fd3fdda9793727e990c8615ad9d61cae5c20e17,False
day6_banking_head_only_single_seed2030_canonical,banking,2030,head_only,single,canonical,sharp,linear_probability_mixture,0.10463363263496288,512,0.1417893599718809,0.23909982480108738,['default'],0,0,True,d25ad35ff10ddfa32a726249caf3c4a96645e12d35056e9cd1e156cb205b1003,1e2343f62b6de00e872d3611a1a880249eeed38b4fa5bb2211370d19645fbdba,replication,46611ccf8fa49c8a7c28d6d68fd3fdda9793727e990c8615ad9d61cae5c20e17,False
day6_banking_head_only_single_seed2031_b_first,banking,2031,head_only,single,b_first,sharp,linear_hard,0.08845286923105346,512,0.14563681185245514,0.23924818076193333,['default'],0,0,True,d25ad35ff10ddfa32a726249caf3c4a96645e12d35056e9cd1e156cb205b1003,1e2343f62b6de00e872d3611a1a880249eeed38b4fa5bb2211370d19645fbdba,replication,fc0d1d44475e27fc6d84812f53c3ee9dc3e1bef3b6f6ef3f9f18b2bf042df34f,False
day6_banking_head_only_single_seed2031_b_first,banking,2031,head_only,single,b_first,sharp,linear_probability_mixture,0.08845286923105346,512,0.14563681185245514,0.23924818076193333,['default'],0,0,True,d25ad35ff10ddfa32a726249caf3c4a96645e12d35056e9cd1e156cb205b1003,1e2343f62b6de00e872d3611a1a880249eeed38b4fa5bb2211370d19645fbdba,replication,fc0d1d44475e27fc6d84812f53c3ee9dc3e1bef3b6f6ef3f9f18b2bf042df34f,False
day6_banking_head_only_single_seed2031_canonical,banking,2031,head_only,single,canonical,sharp,linear_hard,0.17504711229353728,512,0.144903015345335,0.23932361416518688,['default'],0,0,True,d25ad35ff10ddfa32a726249caf3c4a96645e12d35056e9cd1e156cb205b1003,1e2343f62b6de00e872d3611a1a880249eeed38b4fa5bb2211370d19645fbdba,replication,51211ccd209516025652bea711d898e7c1443aa7c07cb6729d776dadc80257f5,False
day6_banking_head_only_single_seed2031_canonical,banking,2031,head_only,single,canonical,sharp,linear_probability_mixture,0.17504711229353728,512,0.144903015345335,0.23932361416518688,['default'],0,0,True,d25ad35ff10ddfa32a726249caf3c4a96645e12d35056e9cd1e156cb205b1003,1e2343f62b6de00e872d3611a1a880249eeed38b4fa5bb2211370d19645fbdba,replication,51211ccd209516025652bea711d898e7c1443aa7c07cb6729d776dadc80257f5,False
day6_banking_private_cau_seed2027_b_first,banking,2027,private,cau,b_first,sharp,linear_hard,0.19872893245024936,1255,0.553100548684597,0.5218376573175192,"['adapter_1', 'adapter_2', 'default']",2307,1536,True,d25ad35ff10ddfa32a726249caf3c4a96645e12d35056e9cd1e156cb205b1003,1e2343f62b6de00e872d3611a1a880249eeed38b4fa5bb2211370d19645fbdba,replication,52c7ca3c491d170645694f4eda5b3ae0229c33028568e55ccd1ac637fac25d4b,False
day6_banking_private_cau_seed2027_b_first,banking,2027,private,cau,b_first,sharp,linear_probability_mixture,0.18873434513607443,1255,0.553100548684597,0.5218376573175192,"['adapter_1', 'adapter_2', 'default']",2307,1536,True,d25ad35ff10ddfa32a726249caf3c4a96645e12d35056e9cd1e156cb205b1003,1e2343f62b6de00e872d3611a1a880249eeed38b4fa5bb2211370d19645fbdba,replication,52c7ca3c491d170645694f4eda5b3ae0229c33028568e55ccd1ac637fac25d4b,False
day6_banking_private_cau_seed2027_canonical,banking,2027,private,cau,canonical,sharp,linear_hard,0.2617762055407549,1255,0.5163264255970716,0.513070797547698,"['adapter_1', 'adapter_2', 'default']",2307,1536,True,d25ad35ff10ddfa32a726249caf3c4a96645e12d35056e9cd1e156cb205b1003,1e2343f62b6de00e872d3611a1a880249eeed38b4fa5bb2211370d19645fbdba,replication,ef0304d8c9ca2da6c3eb89578ebb946d19de75f361999596df53d73c0a82fed7,False
day6_banking_private_cau_seed2027_canonical,banking,2027,private,cau,canonical,sharp,linear_probability_mixture,0.25760047881763876,1255,0.5163264255970716,0.513070797547698,"['adapter_1', 'adapter_2', 'default']",2307,1536,True,d25ad35ff10ddfa32a726249caf3c4a96645e12d35056e9cd1e156cb205b1003,1e2343f62b6de00e872d3611a1a880249eeed38b4fa5bb2211370d19645fbdba,replication,ef0304d8c9ca2da6c3eb89578ebb946d19de75f361999596df53d73c0a82fed7,False
day6_banking_private_cau_seed2028_b_first,banking,2028,private,cau,b_first,sharp,linear_hard,0.14513907922620925,1255,0.5377138610929251,0.5459659714251757,"['adapter_1', 'adapter_2', 'default']",2307,1536,True,d25ad35ff10ddfa32a726249caf3c4a96645e12d35056e9cd1e156cb205b1003,1e2343f62b6de00e872d3611a1a880249eeed38b4fa5bb2211370d19645fbdba,replication,41cf6ff2e20f560c303d6eaaaee5a9cdc23905e0ecd1297d313f2a448bb51d50,False
day6_banking_private_cau_seed2028_b_first,banking,2028,private,cau,b_first,sharp,linear_probability_mixture,0.1471385651631744,1255,0.5377138610929251,0.5459659714251757,"['adapter_1', 'adapter_2', 'default']",2307,1536,True,d25ad35ff10ddfa32a726249caf3c4a96645e12d35056e9cd1e156cb205b1003,1e2343f62b6de00e872d3611a1a880249eeed38b4fa5bb2211370d19645fbdba,replication,41cf6ff2e20f560c303d6eaaaee5a9cdc23905e0ecd1297d313f2a448bb51d50,False
day6_banking_private_cau_seed2028_canonical,banking,2028,private,cau,canonical,sharp,linear_hard,0.24192318046657924,1255,0.5988016445189714,0.5371154882013798,"['adapter_1', 'adapter_2', 'default']",2307,1536,True,d25ad35ff10ddfa32a726249caf3c4a96645e12d35056e9cd1e156cb205b1003,1e2343f62b6de00e872d3611a1a880249eeed38b4fa5bb2211370d19645fbdba,replication,9074ffad10e32944d8e5465750d16efbaed2f37c6a5e09566de8264b28093df2,False
day6_banking_private_cau_seed2028_canonical,banking,2028,private,cau,canonical,sharp,linear_probability_mixture,0.23826017680357556,1255,0.5988016445189714,0.5371154882013798,"['adapter_1', 'adapter_2', 'default']",2307,1536,True,d25ad35ff10ddfa32a726249caf3c4a96645e12d35056e9cd1e156cb205b1003,1e2343f62b6de00e872d3611a1a880249eeed38b4fa5bb2211370d19645fbdba,replication,9074ffad10e32944d8e5465750d16efbaed2f37c6a5e09566de8264b28093df2,False
day6_banking_private_cau_seed2029_b_first,banking,2029,private,cau,b_first,sharp,linear_hard,0.22585529978280228,1255,0.5445137824863195,0.5490008685737848,"['adapter_1', 'adapter_2', 'default']",2307,1536,True,d25ad35ff10ddfa32a726249caf3c4a96645e12d35056e9cd1e156cb205b1003,1e2343f62b6de00e872d3611a1a880249eeed38b4fa5bb2211370d19645fbdba,replication,3405ff951b79f58edee44c01a668a270dc84c7ee20c3a2f9b0e4dd5c6d644b05,False
day6_banking_private_cau_seed2029_b_first,banking,2029,private,cau,b_first,sharp,linear_probability_mixture,0.22555319638791538,1255,0.5445137824863195,0.5490008685737848,"['adapter_1', 'adapter_2', 'default']",2307,1536,True,d25ad35ff10ddfa32a726249caf3c4a96645e12d35056e9cd1e156cb205b1003,1e2343f62b6de00e872d3611a1a880249eeed38b4fa5bb2211370d19645fbdba,replication,3405ff951b79f58edee44c01a668a270dc84c7ee20c3a2f9b0e4dd5c6d644b05,False
day6_banking_private_cau_seed2029_canonical,banking,2029,private,cau,canonical,sharp,linear_hard,0.27305347351905385,1255,0.5371779520064592,0.5489522963762283,"['adapter_1', 'adapter_2', 'default']",2307,1536,True,d25ad35ff10ddfa32a726249caf3c4a96645e12d35056e9cd1e156cb205b1003,1e2343f62b6de00e872d3611a1a880249eeed38b4fa5bb2211370d19645fbdba,replication,40e51568044e81930edcb0082b74caa64382652cebd2ac1820dc5c7f40a65ddc,False
day6_banking_private_cau_seed2029_canonical,banking,2029,private,cau,canonical,sharp,linear_probability_mixture,0.2665814767577322,1255,0.5371779520064592,0.5489522963762283,"['adapter_1', 'adapter_2', 'default']",2307,1536,True,d25ad35ff10ddfa32a726249caf3c4a96645e12d35056e9cd1e156cb205b1003,1e2343f62b6de00e872d3611a1a880249eeed38b4fa5bb2211370d19645fbdba,replication,40e51568044e81930edcb0082b74caa64382652cebd2ac1820dc5c7f40a65ddc,False
day6_banking_private_cau_seed2030_b_first,banking,2030,private,cau,b_first,sharp,linear_hard,0.2525879175696269,1255,0.5060393456369638,0.531888710334897,"['adapter_1', 'adapter_2', 'default']",2307,1536,True,d25ad35ff10ddfa32a726249caf3c4a96645e12d35056e9cd1e156cb205b1003,1e2343f62b6de00e872d3611a1a880249eeed38b4fa5bb2211370d19645fbdba,replication,f496c5e24a907a615f2777851e1d32699c1343ad148659a546cd3420849324bb,False
day6_banking_private_cau_seed2030_b_first,banking,2030,private,cau,b_first,sharp,linear_probability_mixture,0.25594881783774365,1255,0.5060393456369638,0.531888710334897,"['adapter_1', 'adapter_2', 'default']",2307,1536,True,d25ad35ff10ddfa32a726249caf3c4a96645e12d35056e9cd1e156cb205b1003,1e2343f62b6de00e872d3611a1a880249eeed38b4fa5bb2211370d19645fbdba,replication,f496c5e24a907a615f2777851e1d32699c1343ad148659a546cd3420849324bb,False
day6_banking_private_cau_seed2030_canonical,banking,2030,private,cau,canonical,sharp,linear_hard,0.23982421155683542,1255,0.48597080633044243,0.5335357375442982,"['adapter_1', 'adapter_2', 'default']",2307,1536,True,d25ad35ff10ddfa32a726249caf3c4a96645e12d35056e9cd1e156cb205b1003,1e2343f62b6de00e872d3611a1a880249eeed38b4fa5bb2211370d19645fbdba,replication,938f603249fa0536ad7887be3c306ba8a05ec03d0b66b47888f9d0479e394c7f,False
day6_banking_private_cau_seed2030_canonical,banking,2030,private,cau,canonical,sharp,linear_probability_mixture,0.2407484286765963,1255,0.48597080633044243,0.5335357375442982,"['adapter_1', 'adapter_2', 'default']",2307,1536,True,d25ad35ff10ddfa32a726249caf3c4a96645e12d35056e9cd1e156cb205b1003,1e2343f62b6de00e872d3611a1a880249eeed38b4fa5bb2211370d19645fbdba,replication,938f603249fa0536ad7887be3c306ba8a05ec03d0b66b47888f9d0479e394c7f,False
day6_banking_private_cau_seed2031_b_first,banking,2031,private,cau,b_first,sharp,linear_hard,0.2187718278838997,1255,0.493735121563077,0.5170336104929447,"['adapter_1', 'adapter_2', 'default']",2307,1536,True,d25ad35ff10ddfa32a726249caf3c4a96645e12d35056e9cd1e156cb205b1003,1e2343f62b6de00e872d3611a1a880249eeed38b4fa5bb2211370d19645fbdba,replication,63af151ff799486404c5d03b16e4092dccfe1567d67ae2f45de4c1ccd2a05cd4,False
day6_banking_private_cau_seed2031_b_first,banking,2031,private,cau,b_first,sharp,linear_probability_mixture,0.21114903645665203,1255,0.493735121563077,0.5170336104929447,"['adapter_1', 'adapter_2', 'default']",2307,1536,True,d25ad35ff10ddfa32a726249caf3c4a96645e12d35056e9cd1e156cb205b1003,1e2343f62b6de00e872d3611a1a880249eeed38b4fa5bb2211370d19645fbdba,replication,63af151ff799486404c5d03b16e4092dccfe1567d67ae2f45de4c1ccd2a05cd4,False
day6_banking_private_cau_seed2031_canonical,banking,2031,private,cau,canonical,sharp,linear_hard,0.18113388662108318,1255,0.5535328350961208,0.546794630587101,"['adapter_1', 'adapter_2', 'default']",2307,1536,True,d25ad35ff10ddfa32a726249caf3c4a96645e12d35056e9cd1e156cb205b1003,1e2343f62b6de00e872d3611a1a880249eeed38b4fa5bb2211370d19645fbdba,replication,ab8a0d747d57c1b584f5c437d3102054240bebc49e53adc7699916c7a5b9a7dc,False
day6_banking_private_cau_seed2031_canonical,banking,2031,private,cau,canonical,sharp,linear_probability_mixture,0.17258155878042805,1255,0.5535328350961208,0.546794630587101,"['adapter_1', 'adapter_2', 'default']",2307,1536,True,d25ad35ff10ddfa32a726249caf3c4a96645e12d35056e9cd1e156cb205b1003,1e2343f62b6de00e872d3611a1a880249eeed38b4fa5bb2211370d19645fbdba,replication,ab8a0d747d57c1b584f5c437d3102054240bebc49e53adc7699916c7a5b9a7dc,False
day6_banking_private_single_seed2027_b_first,banking,2027,private,single,b_first,sharp,linear_hard,0.11360898643904964,512,0.15329347178339958,0.247195802628994,['default'],0,0,True,d25ad35ff10ddfa32a726249caf3c4a96645e12d35056e9cd1e156cb205b1003,1e2343f62b6de00e872d3611a1a880249eeed38b4fa5bb2211370d19645fbdba,replication,479223fc22fe6dcc0aa84e37cd34652c3f79984d96f12efbbe9a7e07727febad,False
day6_banking_private_single_seed2027_b_first,banking,2027,private,single,b_first,sharp,linear_probability_mixture,0.11360898643904964,512,0.15329347178339958,0.247195802628994,['default'],0,0,True,d25ad35ff10ddfa32a726249caf3c4a96645e12d35056e9cd1e156cb205b1003,1e2343f62b6de00e872d3611a1a880249eeed38b4fa5bb2211370d19645fbdba,replication,479223fc22fe6dcc0aa84e37cd34652c3f79984d96f12efbbe9a7e07727febad,False
day6_banking_private_single_seed2027_canonical,banking,2027,private,single,canonical,sharp,linear_hard,0.21309906514429292,512,0.15083277225494385,0.23793896473944187,['default'],0,0,True,d25ad35ff10ddfa32a726249caf3c4a96645e12d35056e9cd1e156cb205b1003,1e2343f62b6de00e872d3611a1a880249eeed38b4fa5bb2211370d19645fbdba,replication,bfd05ab704c38bf777d9ecbfbfb389fa8466382d774d0a746e48411ff7ab1b77,False
day6_banking_private_single_seed2027_canonical,banking,2027,private,single,canonical,sharp,linear_probability_mixture,0.21309906514429292,512,0.15083277225494385,0.23793896473944187,['default'],0,0,True,d25ad35ff10ddfa32a726249caf3c4a96645e12d35056e9cd1e156cb205b1003,1e2343f62b6de00e872d3611a1a880249eeed38b4fa5bb2211370d19645fbdba,replication,bfd05ab704c38bf777d9ecbfbfb389fa8466382d774d0a746e48411ff7ab1b77,False
day6_banking_private_single_seed2028_b_first,banking,2028,private,single,b_first,sharp,linear_hard,0.15498651295126187,512,0.14565413258969784,0.23594912514090538,['default'],0,0,True,d25ad35ff10ddfa32a726249caf3c4a96645e12d35056e9cd1e156cb205b1003,1e2343f62b6de00e872d3611a1a880249eeed38b4fa5bb2211370d19645fbdba,replication,8dc2f105498fdce6f63b12644a055d108d1dcb2d33220ca2550842a8d74c39a6,False
day6_banking_private_single_seed2028_b_first,banking,2028,private,single,b_first,sharp,linear_probability_mixture,0.15498651295126187,512,0.14565413258969784,0.23594912514090538,['default'],0,0,True,d25ad35ff10ddfa32a726249caf3c4a96645e12d35056e9cd1e156cb205b1003,1e2343f62b6de00e872d3611a1a880249eeed38b4fa5bb2211370d19645fbdba,replication,8dc2f105498fdce6f63b12644a055d108d1dcb2d33220ca2550842a8d74c39a6,False
day6_banking_private_single_seed2028_canonical,banking,2028,private,single,canonical,sharp,linear_hard,0.08197908583675129,512,0.15174168162047863,0.2358601875603199,['default'],0,0,True,d25ad35ff10ddfa32a726249caf3c4a96645e12d35056e9cd1e156cb205b1003,1e2343f62b6de00e872d3611a1a880249eeed38b4fa5bb2211370d19645fbdba,replication,2786d2825d2b1571ddc359225cd2bd7df25626f12d392a8b2e91c770ca89fc03,False
day6_banking_private_single_seed2028_canonical,banking,2028,private,single,canonical,sharp,linear_probability_mixture,0.08197908583675129,512,0.15174168162047863,0.2358601875603199,['default'],0,0,True,d25ad35ff10ddfa32a726249caf3c4a96645e12d35056e9cd1e156cb205b1003,1e2343f62b6de00e872d3611a1a880249eeed38b4fa5bb2211370d19645fbdba,replication,2786d2825d2b1571ddc359225cd2bd7df25626f12d392a8b2e91c770ca89fc03,False
day6_banking_private_single_seed2029_b_first,banking,2029,private,single,b_first,sharp,linear_hard,0.08195691534567491,512,0.15844878181815147,0.24068661965429783,['default'],0,0,True,d25ad35ff10ddfa32a726249caf3c4a96645e12d35056e9cd1e156cb205b1003,1e2343f62b6de00e872d3611a1a880249eeed38b4fa5bb2211370d19645fbdba,replication,451e76e3d538a799ae5ca26297bb1944934803e7acff17ebf60ac5ced37e1d10,False
day6_banking_private_single_seed2029_b_first,banking,2029,private,single,b_first,sharp,linear_probability_mixture,0.08195691534567491,512,0.15844878181815147,0.24068661965429783,['default'],0,0,True,d25ad35ff10ddfa32a726249caf3c4a96645e12d35056e9cd1e156cb205b1003,1e2343f62b6de00e872d3611a1a880249eeed38b4fa5bb2211370d19645fbdba,replication,451e76e3d538a799ae5ca26297bb1944934803e7acff17ebf60ac5ced37e1d10,False
day6_banking_private_single_seed2029_canonical,banking,2029,private,single,canonical,sharp,linear_hard,0.22001995344196876,512,0.14574659429490566,0.23966501653194427,['default'],0,0,True,d25ad35ff10ddfa32a726249caf3c4a96645e12d35056e9cd1e156cb205b1003,1e2343f62b6de00e872d3611a1a880249eeed38b4fa5bb2211370d19645fbdba,replication,52d633a3673dc6687fec06454240555d63395d06629fa717df6298858d213c71,False
day6_banking_private_single_seed2029_canonical,banking,2029,private,single,canonical,sharp,linear_probability_mixture,0.22001995344196876,512,0.14574659429490566,0.23966501653194427,['default'],0,0,True,d25ad35ff10ddfa32a726249caf3c4a96645e12d35056e9cd1e156cb205b1003,1e2343f62b6de00e872d3611a1a880249eeed38b4fa5bb2211370d19645fbdba,replication,52d633a3673dc6687fec06454240555d63395d06629fa717df6298858d213c71,False
day6_banking_private_single_seed2030_b_first,banking,2030,private,single,b_first,sharp,linear_hard,0.1512692606141226,512,0.13572346419095993,0.22809427604079247,['default'],0,0,True,d25ad35ff10ddfa32a726249caf3c4a96645e12d35056e9cd1e156cb205b1003,1e2343f62b6de00e872d3611a1a880249eeed38b4fa5bb2211370d19645fbdba,replication,572296d1aa79f7c39c75f9243cb89149ea459cd162fd5e174b7dd6fe89e9d5d2,False
day6_banking_private_single_seed2030_b_first,banking,2030,private,single,b_first,sharp,linear_probability_mixture,0.1512692606141226,512,0.13572346419095993,0.22809427604079247,['default'],0,0,True,d25ad35ff10ddfa32a726249caf3c4a96645e12d35056e9cd1e156cb205b1003,1e2343f62b6de00e872d3611a1a880249eeed38b4fa5bb2211370d19645fbdba,replication,572296d1aa79f7c39c75f9243cb89149ea459cd162fd5e174b7dd6fe89e9d5d2,False
day6_banking_private_single_seed2030_canonical,banking,2030,private,single,canonical,sharp,linear_hard,0.23589032997080883,512,0.1335419062525034,0.22611788846552372,['default'],0,0,True,d25ad35ff10ddfa32a726249caf3c4a96645e12d35056e9cd1e156cb205b1003,1e2343f62b6de00e872d3611a1a880249eeed38b4fa5bb2211370d19645fbdba,replication,e724a2541710af6740453dcc63c8adf68a98323c7804e0f9313585df6ffc1cfa,False
day6_banking_private_single_seed2030_canonical,banking,2030,private,single,canonical,sharp,linear_probability_mixture,0.23589032997080883,512,0.1335419062525034,0.22611788846552372,['default'],0,0,True,d25ad35ff10ddfa32a726249caf3c4a96645e12d35056e9cd1e156cb205b1003,1e2343f62b6de00e872d3611a1a880249eeed38b4fa5bb2211370d19645fbdba,replication,e724a2541710af6740453dcc63c8adf68a98323c7804e0f9313585df6ffc1cfa,False
day6_banking_private_single_seed2031_b_first,banking,2031,private,single,b_first,sharp,linear_hard,0.161574843882792,512,0.13037733919918537,0.22605060786008835,['default'],0,0,True,d25ad35ff10ddfa32a726249caf3c4a96645e12d35056e9cd1e156cb205b1003,1e2343f62b6de00e872d3611a1a880249eeed38b4fa5bb2211370d19645fbdba,replication,f4415f01806db891887fe333355256007a638dca6a71441b2ef89bbbfd97ef4f,False
day6_banking_private_single_seed2031_b_first,banking,2031,private,single,b_first,sharp,linear_probability_mixture,0.161574843882792,512,0.13037733919918537,0.22605060786008835,['default'],0,0,True,d25ad35ff10ddfa32a726249caf3c4a96645e12d35056e9cd1e156cb205b1003,1e2343f62b6de00e872d3611a1a880249eeed38b4fa5bb2211370d19645fbdba,replication,f4415f01806db891887fe333355256007a638dca6a71441b2ef89bbbfd97ef4f,False
day6_banking_private_single_seed2031_canonical,banking,2031,private,single,canonical,sharp,linear_hard,0.22976757935188263,512,0.13113860599696636,0.22569595649838448,['default'],0,0,True,d25ad35ff10ddfa32a726249caf3c4a96645e12d35056e9cd1e156cb205b1003,1e2343f62b6de00e872d3611a1a880249eeed38b4fa5bb2211370d19645fbdba,replication,492e1baeaa7e3d46aa84a10772dc0778a063b175ad04d94ca1d7314b5197a5af,False
day6_banking_private_single_seed2031_canonical,banking,2031,private,single,canonical,sharp,linear_probability_mixture,0.22976757935188263,512,0.13113860599696636,0.22569595649838448,['default'],0,0,True,d25ad35ff10ddfa32a726249caf3c4a96645e12d35056e9cd1e156cb205b1003,1e2343f62b6de00e872d3611a1a880249eeed38b4fa5bb2211370d19645fbdba,replication,492e1baeaa7e3d46aa84a10772dc0778a063b175ad04d94ca1d7314b5197a5af,False
day7_multinli_head_only_cau_seed2026_blurry,multinli,2026,head_only,cau,canonical,blurry,linear_hard,0.3489583333333333,1312,1.1935531999915838,0.5393629763275385,"['adapter_1', 'adapter_2', 'adapter_3', 'default']",3076,1536,True,d25ad35ff10ddfa32a726249caf3c4a96645e12d35056e9cd1e156cb205b1003,1e2343f62b6de00e872d3611a1a880249eeed38b4fa5bb2211370d19645fbdba,replication,5a935dc3f391c2539261f82124402683ebd898c5eec08858aa51bffebf094527,False
day7_multinli_head_only_cau_seed2026_blurry,multinli,2026,head_only,cau,canonical,blurry,linear_probability_mixture,0.3506944444444444,1312,1.1935531999915838,0.5393629763275385,"['adapter_1', 'adapter_2', 'adapter_3', 'default']",3076,1536,True,d25ad35ff10ddfa32a726249caf3c4a96645e12d35056e9cd1e156cb205b1003,1e2343f62b6de00e872d3611a1a880249eeed38b4fa5bb2211370d19645fbdba,replication,5a935dc3f391c2539261f82124402683ebd898c5eec08858aa51bffebf094527,False
day7_multinli_head_only_cau_seed2026_sharp,multinli,2026,head_only,cau,canonical,sharp,linear_hard,0.34722222222222227,1264,0.9255853053182364,0.4819249976426363,"['adapter_1', 'adapter_2', 'default']",2307,1536,True,d25ad35ff10ddfa32a726249caf3c4a96645e12d35056e9cd1e156cb205b1003,1e2343f62b6de00e872d3611a1a880249eeed38b4fa5bb2211370d19645fbdba,replication,ecb877211e440ac23174248a9d5549f385a48b53f9c4c919d635deb4dbcacc3f,False
day7_multinli_head_only_cau_seed2026_sharp,multinli,2026,head_only,cau,canonical,sharp,linear_probability_mixture,0.3645833333333333,1264,0.9255853053182364,0.4819249976426363,"['adapter_1', 'adapter_2', 'default']",2307,1536,True,d25ad35ff10ddfa32a726249caf3c4a96645e12d35056e9cd1e156cb205b1003,1e2343f62b6de00e872d3611a1a880249eeed38b4fa5bb2211370d19645fbdba,replication,ecb877211e440ac23174248a9d5549f385a48b53f9c4c919d635deb4dbcacc3f,False
day7_multinli_head_only_cau_seed2027_blurry,multinli,2027,head_only,cau,canonical,blurry,linear_hard,0.3333333333333333,1424,1.224664295092225,0.6644731070846319,"['adapter_1', 'adapter_2', 'adapter_3', 'adapter_4', 'default']",3845,1536,True,d25ad35ff10ddfa32a726249caf3c4a96645e12d35056e9cd1e156cb205b1003,1e2343f62b6de00e872d3611a1a880249eeed38b4fa5bb2211370d19645fbdba,replication,8869d59cae2d32d3c81e84005913efbf3cfe66e3c8d85f049ee87e77c0f7a5a4,False
day7_multinli_head_only_cau_seed2027_blurry,multinli,2027,head_only,cau,canonical,blurry,linear_probability_mixture,0.3420138888888889,1424,1.224664295092225,0.6644731070846319,"['adapter_1', 'adapter_2', 'adapter_3', 'adapter_4', 'default']",3845,1536,True,d25ad35ff10ddfa32a726249caf3c4a96645e12d35056e9cd1e156cb205b1003,1e2343f62b6de00e872d3611a1a880249eeed38b4fa5bb2211370d19645fbdba,replication,8869d59cae2d32d3c81e84005913efbf3cfe66e3c8d85f049ee87e77c0f7a5a4,False
day7_multinli_head_only_cau_seed2027_sharp,multinli,2027,head_only,cau,canonical,sharp,linear_hard,0.3315972222222222,1440,1.1046692244708538,0.6493146941065788,"['adapter_1', 'adapter_2', 'adapter_3', 'adapter_4', 'default']",3845,1536,True,d25ad35ff10ddfa32a726249caf3c4a96645e12d35056e9cd1e156cb205b1003,1e2343f62b6de00e872d3611a1a880249eeed38b4fa5bb2211370d19645fbdba,replication,9d638baeb49e5c9dc939c48487463685a3af15cc77fd7fde493b80d0d9bf731a,False
day7_multinli_head_only_cau_seed2027_sharp,multinli,2027,head_only,cau,canonical,sharp,linear_probability_mixture,0.328125,1440,1.1046692244708538,0.6493146941065788,"['adapter_1', 'adapter_2', 'adapter_3', 'adapter_4', 'default']",3845,1536,True,d25ad35ff10ddfa32a726249caf3c4a96645e12d35056e9cd1e156cb205b1003,1e2343f62b6de00e872d3611a1a880249eeed38b4fa5bb2211370d19645fbdba,replication,9d638baeb49e5c9dc939c48487463685a3af15cc77fd7fde493b80d0d9bf731a,False
day7_multinli_head_only_cau_seed2028_blurry,multinli,2028,head_only,cau,canonical,blurry,linear_hard,0.3663194444444445,1152,0.8719058968126774,0.46013705246150494,"['adapter_1', 'adapter_2', 'default']",2307,1536,True,d25ad35ff10ddfa32a726249caf3c4a96645e12d35056e9cd1e156cb205b1003,1e2343f62b6de00e872d3611a1a880249eeed38b4fa5bb2211370d19645fbdba,replication,6af026adb309e023a0eac20558d571418bcc7f20dbe2e583456a6a78fbef032f,False
day7_multinli_head_only_cau_seed2028_blurry,multinli,2028,head_only,cau,canonical,blurry,linear_probability_mixture,0.359375,1152,0.8719058968126774,0.46013705246150494,"['adapter_1', 'adapter_2', 'default']",2307,1536,True,d25ad35ff10ddfa32a726249caf3c4a96645e12d35056e9cd1e156cb205b1003,1e2343f62b6de00e872d3611a1a880249eeed38b4fa5bb2211370d19645fbdba,replication,6af026adb309e023a0eac20558d571418bcc7f20dbe2e583456a6a78fbef032f,False
day7_multinli_head_only_cau_seed2028_sharp,multinli,2028,head_only,cau,canonical,sharp,linear_hard,0.35590277777777773,1440,1.1655852627009153,0.5765094012022018,"['adapter_1', 'adapter_2', 'adapter_3', 'default']",3076,1536,True,d25ad35ff10ddfa32a726249caf3c4a96645e12d35056e9cd1e156cb205b1003,1e2343f62b6de00e872d3611a1a880249eeed38b4fa5bb2211370d19645fbdba,replication,dd90c4bbd6bbc3d08fd35fddb16791c8de836f4abbbccf2a896738386ad608a3,False
day7_multinli_head_only_cau_seed2028_sharp,multinli,2028,head_only,cau,canonical,sharp,linear_probability_mixture,0.375,1440,1.1655852627009153,0.5765094012022018,"['adapter_1', 'adapter_2', 'adapter_3', 'default']",3076,1536,True,d25ad35ff10ddfa32a726249caf3c4a96645e12d35056e9cd1e156cb205b1003,1e2343f62b6de00e872d3611a1a880249eeed38b4fa5bb2211370d19645fbdba,replication,dd90c4bbd6bbc3d08fd35fddb16791c8de836f4abbbccf2a896738386ad608a3,False
day7_multinli_head_only_single_seed2026_blurry,multinli,2026,head_only,single,canonical,blurry,linear_hard,0.3645833333333333,512,0.20051087252795696,0.23111627250909805,['default'],0,0,True,d25ad35ff10ddfa32a726249caf3c4a96645e12d35056e9cd1e156cb205b1003,1e2343f62b6de00e872d3611a1a880249eeed38b4fa5bb2211370d19645fbdba,replication,165ff89b6284e7777ed37e05e0c214d87ca3fb4f2b4ca44c4d2ca72b9f90873b,False
day7_multinli_head_only_single_seed2026_blurry,multinli,2026,head_only,single,canonical,blurry,linear_probability_mixture,0.3645833333333333,512,0.20051087252795696,0.23111627250909805,['default'],0,0,True,d25ad35ff10ddfa32a726249caf3c4a96645e12d35056e9cd1e156cb205b1003,1e2343f62b6de00e872d3611a1a880249eeed38b4fa5bb2211370d19645fbdba,replication,165ff89b6284e7777ed37e05e0c214d87ca3fb4f2b4ca44c4d2ca72b9f90873b,False
day7_multinli_head_only_single_seed2026_sharp,multinli,2026,head_only,single,canonical,sharp,linear_hard,0.36111111111111116,512,0.20525186695158482,0.22499370947480202,['default'],0,0,True,d25ad35ff10ddfa32a726249caf3c4a96645e12d35056e9cd1e156cb205b1003,1e2343f62b6de00e872d3611a1a880249eeed38b4fa5bb2211370d19645fbdba,replication,5d906f5198000d521a2498692eddc0eb6e407b2e2e278fa5c3fb9075f2863673,False
day7_multinli_head_only_single_seed2026_sharp,multinli,2026,head_only,single,canonical,sharp,linear_probability_mixture,0.36111111111111116,512,0.20525186695158482,0.22499370947480202,['default'],0,0,True,d25ad35ff10ddfa32a726249caf3c4a96645e12d35056e9cd1e156cb205b1003,1e2343f62b6de00e872d3611a1a880249eeed38b4fa5bb2211370d19645fbdba,replication,5d906f5198000d521a2498692eddc0eb6e407b2e2e278fa5c3fb9075f2863673,False
day7_multinli_head_only_single_seed2027_blurry,multinli,2027,head_only,single,canonical,blurry,linear_hard,0.3541666666666667,512,0.20056471414864063,0.22827222384512424,['default'],0,0,True,d25ad35ff10ddfa32a726249caf3c4a96645e12d35056e9cd1e156cb205b1003,1e2343f62b6de00e872d3611a1a880249eeed38b4fa5bb2211370d19645fbdba,replication,e1abb7957289dbe3017efa7f06bfb08eb2d03fdaf2a37f6986b1b641dcbd805a,False
day7_multinli_head_only_single_seed2027_blurry,multinli,2027,head_only,single,canonical,blurry,linear_probability_mixture,0.3541666666666667,512,0.20056471414864063,0.22827222384512424,['default'],0,0,True,d25ad35ff10ddfa32a726249caf3c4a96645e12d35056e9cd1e156cb205b1003,1e2343f62b6de00e872d3611a1a880249eeed38b4fa5bb2211370d19645fbdba,replication,e1abb7957289dbe3017efa7f06bfb08eb2d03fdaf2a37f6986b1b641dcbd805a,False
day7_multinli_head_only_single_seed2027_sharp,multinli,2027,head_only,single,canonical,sharp,linear_hard,0.3524305555555556,512,0.20242450013756752,0.22996856085956097,['default'],0,0,True,d25ad35ff10ddfa32a726249caf3c4a96645e12d35056e9cd1e156cb205b1003,1e2343f62b6de00e872d3611a1a880249eeed38b4fa5bb2211370d19645fbdba,replication,39d277ac4f23e250c5f0ad1df1b56b36f0fe69918c436fdfaaecd2ec9e32c2bb,False
day7_multinli_head_only_single_seed2027_sharp,multinli,2027,head_only,single,canonical,sharp,linear_probability_mixture,0.3524305555555556,512,0.20242450013756752,0.22996856085956097,['default'],0,0,True,d25ad35ff10ddfa32a726249caf3c4a96645e12d35056e9cd1e156cb205b1003,1e2343f62b6de00e872d3611a1a880249eeed38b4fa5bb2211370d19645fbdba,replication,39d277ac4f23e250c5f0ad1df1b56b36f0fe69918c436fdfaaecd2ec9e32c2bb,False
day7_multinli_head_only_single_seed2028_blurry,multinli,2028,head_only,single,canonical,blurry,linear_hard,0.38715277777777785,512,0.20860019885003567,0.22795428335666656,['default'],0,0,True,d25ad35ff10ddfa32a726249caf3c4a96645e12d35056e9cd1e156cb205b1003,1e2343f62b6de00e872d3611a1a880249eeed38b4fa5bb2211370d19645fbdba,replication,b8fec5f74d671b00d71d8ff2b3f1e37eb960b4e1bb90abefd40c4f819006a251,False
day7_multinli_head_only_single_seed2028_blurry,multinli,2028,head_only,single,canonical,blurry,linear_probability_mixture,0.38715277777777785,512,0.20860019885003567,0.22795428335666656,['default'],0,0,True,d25ad35ff10ddfa32a726249caf3c4a96645e12d35056e9cd1e156cb205b1003,1e2343f62b6de00e872d3611a1a880249eeed38b4fa5bb2211370d19645fbdba,replication,b8fec5f74d671b00d71d8ff2b3f1e37eb960b4e1bb90abefd40c4f819006a251,False
day7_multinli_head_only_single_seed2028_sharp,multinli,2028,head_only,single,canonical,sharp,linear_hard,0.3802083333333333,512,0.21150536835193634,0.22182627394795418,['default'],0,0,True,d25ad35ff10ddfa32a726249caf3c4a96645e12d35056e9cd1e156cb205b1003,1e2343f62b6de00e872d3611a1a880249eeed38b4fa5bb2211370d19645fbdba,replication,6023cdaed9354d7ddbc7b5a75ca0d8eb821dc8f438f7d431a87710636d41dc7e,False
day7_multinli_head_only_single_seed2028_sharp,multinli,2028,head_only,single,canonical,sharp,linear_probability_mixture,0.3802083333333333,512,0.21150536835193634,0.22182627394795418,['default'],0,0,True,d25ad35ff10ddfa32a726249caf3c4a96645e12d35056e9cd1e156cb205b1003,1e2343f62b6de00e872d3611a1a880249eeed38b4fa5bb2211370d19645fbdba,replication,6023cdaed9354d7ddbc7b5a75ca0d8eb821dc8f438f7d431a87710636d41dc7e,False
day7_multinli_private_cau_seed2026_blurry,multinli,2026,private,cau,canonical,blurry,linear_hard,0.3576388888888889,1232,0.9706949796527624,0.46871812269091606,"['adapter_1', 'adapter_2', 'default']",2307,1536,True,d25ad35ff10ddfa32a726249caf3c4a96645e12d35056e9cd1e156cb205b1003,1e2343f62b6de00e872d3611a1a880249eeed38b4fa5bb2211370d19645fbdba,replication,723ad59bedfbad83b700270713475780ddfc48412ce7a46587a24029b07459b0,False
day7_multinli_private_cau_seed2026_blurry,multinli,2026,private,cau,canonical,blurry,linear_probability_mixture,0.34027777777777773,1232,0.9706949796527624,0.46871812269091606,"['adapter_1', 'adapter_2', 'default']",2307,1536,True,d25ad35ff10ddfa32a726249caf3c4a96645e12d35056e9cd1e156cb205b1003,1e2343f62b6de00e872d3611a1a880249eeed38b4fa5bb2211370d19645fbdba,replication,723ad59bedfbad83b700270713475780ddfc48412ce7a46587a24029b07459b0,False
day7_multinli_private_cau_seed2026_sharp,multinli,2026,private,cau,canonical,sharp,linear_hard,0.3541666666666667,1248,0.8168175648897886,0.4681277833878994,"['adapter_1', 'adapter_2', 'default']",2307,1536,True,d25ad35ff10ddfa32a726249caf3c4a96645e12d35056e9cd1e156cb205b1003,1e2343f62b6de00e872d3611a1a880249eeed38b4fa5bb2211370d19645fbdba,replication,497c741119eb50559652f5719a035baeb0e62d44c8c9c324456bdc5351b7e319,False
day7_multinli_private_cau_seed2026_sharp,multinli,2026,private,cau,canonical,sharp,linear_probability_mixture,0.359375,1248,0.8168175648897886,0.4681277833878994,"['adapter_1', 'adapter_2', 'default']",2307,1536,True,d25ad35ff10ddfa32a726249caf3c4a96645e12d35056e9cd1e156cb205b1003,1e2343f62b6de00e872d3611a1a880249eeed38b4fa5bb2211370d19645fbdba,replication,497c741119eb50559652f5719a035baeb0e62d44c8c9c324456bdc5351b7e319,False
day7_multinli_private_cau_seed2027_blurry,multinli,2027,private,cau,canonical,blurry,linear_hard,0.3333333333333333,1424,1.1894656103104353,0.6670875735580921,"['adapter_1', 'adapter_2', 'adapter_3', 'adapter_4', 'default']",3845,1536,True,d25ad35ff10ddfa32a726249caf3c4a96645e12d35056e9cd1e156cb205b1003,1e2343f62b6de00e872d3611a1a880249eeed38b4fa5bb2211370d19645fbdba,replication,cd1b706fa86d05741f5d021e3cb136fcb00e0203362921b77b877c7a8f7947ce,False
day7_multinli_private_cau_seed2027_blurry,multinli,2027,private,cau,canonical,blurry,linear_probability_mixture,0.3385416666666667,1424,1.1894656103104353,0.6670875735580921,"['adapter_1', 'adapter_2', 'adapter_3', 'adapter_4', 'default']",3845,1536,True,d25ad35ff10ddfa32a726249caf3c4a96645e12d35056e9cd1e156cb205b1003,1e2343f62b6de00e872d3611a1a880249eeed38b4fa5bb2211370d19645fbdba,replication,cd1b706fa86d05741f5d021e3cb136fcb00e0203362921b77b877c7a8f7947ce,False
day7_multinli_private_cau_seed2027_sharp,multinli,2027,private,cau,canonical,sharp,linear_hard,0.32986111111111116,1440,1.166695250198245,0.6814159285277128,"['adapter_1', 'adapter_2', 'adapter_3', 'adapter_4', 'default']",3845,1536,True,d25ad35ff10ddfa32a726249caf3c4a96645e12d35056e9cd1e156cb205b1003,1e2343f62b6de00e872d3611a1a880249eeed38b4fa5bb2211370d19645fbdba,replication,81e80a1378119c6adf07d65021df0dfd76dda8596d00c7e54b509e5add06e6f3,False
day7_multinli_private_cau_seed2027_sharp,multinli,2027,private,cau,canonical,sharp,linear_probability_mixture,0.3385416666666667,1440,1.166695250198245,0.6814159285277128,"['adapter_1', 'adapter_2', 'adapter_3', 'adapter_4', 'default']",3845,1536,True,d25ad35ff10ddfa32a726249caf3c4a96645e12d35056e9cd1e156cb205b1003,1e2343f62b6de00e872d3611a1a880249eeed38b4fa5bb2211370d19645fbdba,replication,81e80a1378119c6adf07d65021df0dfd76dda8596d00c7e54b509e5add06e6f3,False
day7_multinli_private_cau_seed2028_blurry,multinli,2028,private,cau,canonical,blurry,linear_hard,0.3697916666666667,1168,0.90168690495193,0.4803120531141758,"['adapter_1', 'adapter_2', 'default']",2307,1536,True,d25ad35ff10ddfa32a726249caf3c4a96645e12d35056e9cd1e156cb205b1003,1e2343f62b6de00e872d3611a1a880249eeed38b4fa5bb2211370d19645fbdba,replication,548300c879760a23b6daf69d50c47bed4ed3114cc5ae0c8f3020669c08d18227,False
day7_multinli_private_cau_seed2028_blurry,multinli,2028,private,cau,canonical,blurry,linear_probability_mixture,0.37326388888888884,1168,0.90168690495193,0.4803120531141758,"['adapter_1', 'adapter_2', 'default']",2307,1536,True,d25ad35ff10ddfa32a726249caf3c4a96645e12d35056e9cd1e156cb205b1003,1e2343f62b6de00e872d3611a1a880249eeed38b4fa5bb2211370d19645fbdba,replication,548300c879760a23b6daf69d50c47bed4ed3114cc5ae0c8f3020669c08d18227,False
day7_multinli_private_cau_seed2028_sharp,multinli,2028,private,cau,canonical,sharp,linear_hard,0.3524305555555556,1440,1.1006382964551449,0.5658493526279926,"['adapter_1', 'adapter_2', 'adapter_3', 'default']",3076,1536,True,d25ad35ff10ddfa32a726249caf3c4a96645e12d35056e9cd1e156cb205b1003,1e2343f62b6de00e872d3611a1a880249eeed38b4fa5bb2211370d19645fbdba,replication,64616f72da47697a072853c2768cf1ec39861641f1733d2f98f9c26faa8be352,False
day7_multinli_private_cau_seed2028_sharp,multinli,2028,private,cau,canonical,sharp,linear_probability_mixture,0.36111111111111116,1440,1.1006382964551449,0.5658493526279926,"['adapter_1', 'adapter_2', 'adapter_3', 'default']",3076,1536,True,d25ad35ff10ddfa32a726249caf3c4a96645e12d35056e9cd1e156cb205b1003,1e2343f62b6de00e872d3611a1a880249eeed38b4fa5bb2211370d19645fbdba,replication,64616f72da47697a072853c2768cf1ec39861641f1733d2f98f9c26faa8be352,False
day7_multinli_private_single_seed2026_blurry,multinli,2026,private,single,canonical,blurry,linear_hard,0.375,512,0.1969545427709818,0.21782653592526913,['default'],0,0,True,d25ad35ff10ddfa32a726249caf3c4a96645e12d35056e9cd1e156cb205b1003,1e2343f62b6de00e872d3611a1a880249eeed38b4fa5bb2211370d19645fbdba,replication,c5cf053bd34832f5976b1b5b5dbdfda1d5b4426d0c945c93467358d5edb58ceb,False
day7_multinli_private_single_seed2026_blurry,multinli,2026,private,single,canonical,blurry,linear_probability_mixture,0.375,512,0.1969545427709818,0.21782653592526913,['default'],0,0,True,d25ad35ff10ddfa32a726249caf3c4a96645e12d35056e9cd1e156cb205b1003,1e2343f62b6de00e872d3611a1a880249eeed38b4fa5bb2211370d19645fbdba,replication,c5cf053bd34832f5976b1b5b5dbdfda1d5b4426d0c945c93467358d5edb58ceb,False
day7_multinli_private_single_seed2026_sharp,multinli,2026,private,single,canonical,sharp,linear_hard,0.3767361111111111,512,0.19395416788756847,0.22874833084642887,['default'],0,0,True,d25ad35ff10ddfa32a726249caf3c4a96645e12d35056e9cd1e156cb205b1003,1e2343f62b6de00e872d3611a1a880249eeed38b4fa5bb2211370d19645fbdba,replication,38c828f95585297f3342c2c42ee44734ca9d782fc6a2074b8db8de04f8bb68bf,False
day7_multinli_private_single_seed2026_sharp,multinli,2026,private,single,canonical,sharp,linear_probability_mixture,0.3767361111111111,512,0.19395416788756847,0.22874833084642887,['default'],0,0,True,d25ad35ff10ddfa32a726249caf3c4a96645e12d35056e9cd1e156cb205b1003,1e2343f62b6de00e872d3611a1a880249eeed38b4fa5bb2211370d19645fbdba,replication,38c828f95585297f3342c2c42ee44734ca9d782fc6a2074b8db8de04f8bb68bf,False
day7_multinli_private_single_seed2027_blurry,multinli,2027,private,single,canonical,blurry,linear_hard,0.37152777777777773,512,0.19653046689927578,0.22379128076136112,['default'],0,0,True,d25ad35ff10ddfa32a726249caf3c4a96645e12d35056e9cd1e156cb205b1003,1e2343f62b6de00e872d3611a1a880249eeed38b4fa5bb2211370d19645fbdba,replication,02425c2afd874a67f46fb02e500d1eb5c6f72c388b502bc02ed5748138427bbf,False
day7_multinli_private_single_seed2027_blurry,multinli,2027,private,single,canonical,blurry,linear_probability_mixture,0.37152777777777773,512,0.19653046689927578,0.22379128076136112,['default'],0,0,True,d25ad35ff10ddfa32a726249caf3c4a96645e12d35056e9cd1e156cb205b1003,1e2343f62b6de00e872d3611a1a880249eeed38b4fa5bb2211370d19645fbdba,replication,02425c2afd874a67f46fb02e500d1eb5c6f72c388b502bc02ed5748138427bbf,False
day7_multinli_private_single_seed2027_sharp,multinli,2027,private,single,canonical,sharp,linear_hard,0.35590277777777773,512,0.19058262184262276,0.213702704757452,['default'],0,0,True,d25ad35ff10ddfa32a726249caf3c4a96645e12d35056e9cd1e156cb205b1003,1e2343f62b6de00e872d3611a1a880249eeed38b4fa5bb2211370d19645fbdba,replication,2b54a65eec41f683bf0f03f1854ca9e0278ded7eeb7d568b025c915b86dc0b1d,False
day7_multinli_private_single_seed2027_sharp,multinli,2027,private,single,canonical,sharp,linear_probability_mixture,0.35590277777777773,512,0.19058262184262276,0.213702704757452,['default'],0,0,True,d25ad35ff10ddfa32a726249caf3c4a96645e12d35056e9cd1e156cb205b1003,1e2343f62b6de00e872d3611a1a880249eeed38b4fa5bb2211370d19645fbdba,replication,2b54a65eec41f683bf0f03f1854ca9e0278ded7eeb7d568b025c915b86dc0b1d,False
day7_multinli_private_single_seed2028_blurry,multinli,2028,private,single,canonical,blurry,linear_hard,0.3923611111111111,512,0.20729846507310867,0.23502740636467934,['default'],0,0,True,d25ad35ff10ddfa32a726249caf3c4a96645e12d35056e9cd1e156cb205b1003,1e2343f62b6de00e872d3611a1a880249eeed38b4fa5bb2211370d19645fbdba,replication,ab8e60a431a56b5192684c69bc2d870b4688d1ccb394112fe25886aa952139bd,False
day7_multinli_private_single_seed2028_blurry,multinli,2028,private,single,canonical,blurry,linear_probability_mixture,0.3923611111111111,512,0.20729846507310867,0.23502740636467934,['default'],0,0,True,d25ad35ff10ddfa32a726249caf3c4a96645e12d35056e9cd1e156cb205b1003,1e2343f62b6de00e872d3611a1a880249eeed38b4fa5bb2211370d19645fbdba,replication,ab8e60a431a56b5192684c69bc2d870b4688d1ccb394112fe25886aa952139bd,False
day7_multinli_private_single_seed2028_sharp,multinli,2028,private,single,canonical,sharp,linear_hard,0.37673611111111116,512,0.20101252011954784,0.22949174605309963,['default'],0,0,True,d25ad35ff10ddfa32a726249caf3c4a96645e12d35056e9cd1e156cb205b1003,1e2343f62b6de00e872d3611a1a880249eeed38b4fa5bb2211370d19645fbdba,replication,f0bc5ae2cb357469e93dbda1fa5b0a5af77797adcc4df2b5c3c29a90f7491501,False
day7_multinli_private_single_seed2028_sharp,multinli,2028,private,single,canonical,sharp,linear_probability_mixture,0.37673611111111116,512,0.20101252011954784,0.22949174605309963,['default'],0,0,True,d25ad35ff10ddfa32a726249caf3c4a96645e12d35056e9cd1e156cb205b1003,1e2343f62b6de00e872d3611a1a880249eeed38b4fa5bb2211370d19645fbdba,replication,f0bc5ae2cb357469e93dbda1fa5b0a5af77797adcc4df2b5c3c29a90f7491501,False
