step,adapter_initial,decision_initial,adapter_post,decision_post
16,adapter_1,spawn,default,reuse
17,adapter_1,warmup,default,reuse
18,adapter_1,warmup,default,reuse
19,adapter_1,warmup,default,reuse
22,adapter_1,reuse,default,reuse
56,adapter_1,reuse,default,reuse
57,adapter_1,reuse,default,reuse
58,adapter_1,reuse,default,defer
59,adapter_1,reuse,default,defer
60,adapter_1,reuse,default,defer
61,default,reuse,default,defer
62,default,reuse,default,defer
63,default,reuse,default,defer
64,adapter_1,reuse,default,defer
65,default,reuse,default,defer
66,adapter_1,reuse,default,defer
67,default,reuse,default,defer
68,default,reuse,default,defer
69,default,reuse,default,defer
70,default,reuse,default,defer
71,default,reuse,default,defer
72,adapter_1,reuse,default,defer
73,default,reuse,default,defer
74,default,reuse,default,defer
75,default,reuse,default,defer
76,default,reuse,default,defer
77,default,reuse,default,defer
78,default,reuse,default,defer
79,default,reuse,default,defer
80,default,reuse,default,defer
