step,concept,occurrence,segment,adapter,decision,best_risk,best_lcb,best_ucb,best_gain,num_adapters,loss,risks,cf_reason,cf_best_reuse,cf_reuse_query_after,cf_fresh_query_after,cf_fresh_advantage,cf_capacity_cost,cf_advantage_se,cf_advantage_lcb,cf_advantage_ucb,cf_query_n
1,A,1,A1,default,warmup,,,,,1,4.3592939376831055,{},warmup,,,,,0.0,,,,
2,A,1,A1,default,warmup,,,,,1,4.285472393035889,{},warmup,,,,,0.0,,,,
3,A,1,A1,default,warmup,,,,,1,4.2230119705200195,{},warmup,,,,,0.0,,,,
4,A,1,A1,default,warmup,,,,,1,4.151339054107666,{},warmup,,,,,0.0,,,,
5,A,1,A1,default,reuse,-0.06419110298156738,-0.06795443134848028,-0.060427774614654484,0.05925893783569336,1,4.178448677062988,"{""default"": -0.06419110298156738}",fresh_not_confidently_better,default,4.0587029457092285,4.082522392272949,-0.023819386959075928,0.0,0.01934967390863891,-0.06174474782000819,0.014105973901856333,8.0
6,A,1,A1,default,reuse,-0.0657670870423317,-0.06923421151936054,-0.06229996256530285,0.0715794563293457,1,4.089072227478027,"{""default"": -0.0657670870423317}",fresh_not_confidently_better,default,3.999361515045166,4.031056880950928,-0.03169524669647217,0.0,0.021846632539938834,-0.07451464647475228,0.011124153081807947,8.0
7,A,1,A1,default,reuse,-0.07015425711870193,-0.07396567110903561,-0.06634284312836826,0.06914281845092773,1,3.9849748611450195,"{""default"": -0.07015425711870193}",fresh_not_confidently_better,default,3.934007167816162,3.93365740776062,0.00034990906715393066,0.0,0.020350254126151837,-0.03953658902010367,0.040236407154411534,8.0
8,A,1,A1,default,reuse,-0.07036340236663818,-0.07459011910483242,-0.06613668562844395,0.06472063064575195,1,3.911440372467041,"{""default"": -0.07036340236663818}",fresh_not_confidently_better,default,3.89082670211792,3.925595283508301,-0.03476828336715698,0.0,0.028857263711183377,-0.0913285202410764,0.021791953506762433,8.0
9,A,1,A1,default,reuse,-0.07170712947845459,-0.07596451600082219,-0.067449742956087,0.06394720077514648,1,3.856574296951294,"{""default"": -0.07170712947845459}",fresh_not_confidently_better,default,3.7901668548583984,3.8623433113098145,-0.07217639684677124,0.0,0.010282827543363163,-0.09233073883176304,-0.05202205486177944,8.0
10,A,1,A1,default,reuse,-0.07605617493391037,-0.07936860335059465,-0.0727437465172261,0.07231450080871582,1,3.830355644226074,"{""default"": -0.07605617493391037}",fresh_not_confidently_better,default,3.7373979091644287,3.7752537727355957,-0.037855833768844604,0.0,0.02740153920841023,-0.09156285061732866,0.015851183079639446,8.0
11,A,1,A1,default,reuse,-0.08012528717517853,-0.08309795236680656,-0.0771526219835505,0.07897710800170898,1,3.736138343811035,"{""default"": -0.08012528717517853}",fresh_not_confidently_better,default,3.5871429443359375,3.664248466491699,-0.07710564136505127,0.0,0.01759644611977123,-0.11159467575980288,-0.04261660697029966,8.0
12,A,1,A1,default,reuse,-0.08763020485639572,-0.09161612862721086,-0.08364428108558059,0.0837249755859375,1,3.612297773361206,"{""default"": -0.08763020485639572}",fresh_not_confidently_better,default,3.5793821811676025,3.730416774749756,-0.1510346233844757,0.0,0.014498979555137336,-0.17945262331254488,-0.12261662345640653,8.0
13,A,1,A1,default,reuse,-0.09092461317777634,-0.09526744676753879,-0.08658177958801389,0.07751607894897461,1,3.656825542449951,"{""default"": -0.09092461317777634}",fresh_not_confidently_better,default,3.611522674560547,3.7067556381225586,-0.09523281455039978,0.0,0.018109944879677386,-0.13072830651456746,-0.05973732258623211,8.0
14,A,1,A1,default,reuse,-0.09367027878761292,-0.09664590773172677,-0.09069464984349906,0.09446382522583008,1,3.5770363807678223,"{""default"": -0.09367027878761292}",fresh_not_confidently_better,default,3.401273012161255,3.538400650024414,-0.13712769746780396,0.0,0.04352309824758133,-0.22243297003306334,-0.05182242490254456,8.0
15,A,1,A1,default,reuse,-0.09336158633232117,-0.09679198460187763,-0.0899311880627647,0.08641505241394043,1,3.4177494049072266,"{""default"": -0.09336158633232117}",fresh_not_confidently_better,default,3.271873950958252,3.453667163848877,-0.18179336190223694,0.0,0.02352766078532154,-0.22790757704146716,-0.1356791467630067,8.0
16,A,1,A1,default,reuse,-0.09693536162376404,-0.10013877487741411,-0.09373194837011396,0.09821939468383789,1,3.3298420906066895,"{""default"": -0.09693536162376404}",fresh_not_confidently_better,default,3.279003858566284,3.4795472621917725,-0.20054332415262857,0.0,0.03564291824108786,-0.2704034439051608,-0.13068320440009637,6.0
17,B,1,B1,adapter_1,spawn,-0.07832560688257217,-0.08152563494630158,-0.07512557881884277,,2,4.7085981369018555,"{""default"": -0.07832560688257217}",fresh_confidently_better,default,4.889066219329834,4.616646766662598,0.2724195718765259,0.0,0.014601562905171882,0.243800508582389,0.30103863517066276,8.0
18,B,1,B1,adapter_1,warmup,,,,,2,4.574662208557129,{},warmup,,,,,0.0,,,,
19,B,1,B1,adapter_1,warmup,,,,,2,4.512864112854004,{},warmup,,,,,0.0,,,,
20,B,1,B1,adapter_1,warmup,,,,,2,4.404570579528809,{},warmup,,,,,0.0,,,,
21,B,1,B1,adapter_1,reuse,-0.07996996492147446,-0.08401887020096183,-0.07592105964198709,0.07528924942016602,2,4.2954254150390625,"{""adapter_1"": -0.07996996492147446, ""default"": -0.07895198464393616}",fresh_not_confidently_better,adapter_1,4.234776020050049,4.237282752990723,-0.0025070905685424805,0.0,0.010134656639856802,-0.02237101758266181,0.01735683644557685,8.0
22,B,1,B1,adapter_1,reuse,-0.07398146390914917,-0.07794890147633851,-0.07001402634195983,0.056359291076660156,2,4.233962535858154,"{""adapter_1"": -0.07398146390914917, ""default"": -0.07974391430616379}",fresh_not_confidently_better,adapter_1,4.275554656982422,4.312773704528809,-0.03721916675567627,0.0,0.016582780807698375,-0.06972141713876509,-0.0047169163725874555,8.0
23,B,1,B1,adapter_1,reuse,-0.06720525026321411,-0.070409603593871,-0.06400089693255723,0.0677342414855957,2,4.237931251525879,"{""adapter_1"": -0.06720525026321411, ""default"": -0.07900592684745789}",fresh_not_confidently_better,adapter_1,4.13145637512207,4.155552864074707,-0.024097144603729248,0.0,0.01579172473278108,-0.05504892507998016,0.006854635872521667,8.0
24,B,1,B1,adapter_1,reuse,-0.06648822128772736,-0.0697630662471056,-0.06321337632834911,0.06682300567626953,2,4.092522621154785,"{""adapter_1"": -0.06648822128772736, ""default"": -0.07849051803350449}",fresh_not_confidently_better,adapter_1,4.064043998718262,4.067592620849609,-0.0035480856895446777,0.0,0.011974330308664443,-0.027017773094526985,0.01992160171543763,8.0
25,B,1,B1,adapter_1,reuse,-0.06589709222316742,-0.06953582798596472,-0.062258356460370125,0.06720376014709473,2,3.94878888130188,"{""adapter_1"": -0.06589709222316742, ""default"": -0.07961095869541168}",fresh_not_confidently_better,adapter_1,3.9183363914489746,3.9029269218444824,0.015409469604492188,0.0,0.020943192359953414,-0.0256391874210165,0.056458126630000875,8.0
26,B,1,B1,adapter_1,reuse,-0.06573733687400818,-0.06792683851439506,-0.0635478352336213,0.058286428451538086,2,4.0594096183776855,"{""adapter_1"": -0.06573733687400818, ""default"": -0.07843127846717834}",fresh_not_confidently_better,adapter_1,3.939340591430664,3.949784278869629,-0.010443806648254395,0.0,0.01992633771717021,-0.04949942857390801,0.02861181527739922,8.0
27,B,1,B1,adapter_1,reuse,-0.06599122285842896,-0.06799624739214778,-0.06398619832471013,0.06288743019104004,2,4.008956432342529,"{""adapter_1"": -0.06599122285842896, ""default"": -0.07781186699867249}",fresh_not_confidently_better,adapter_1,3.9069573879241943,3.9113078117370605,-0.004350572824478149,0.0,0.017445620122545198,-0.038543988264666734,0.029842842615710435,8.0
28,B,1,B1,adapter_2,spawn,-0.06440609693527222,-0.06623904744628817,-0.06257314642425627,,3,3.995985269546509,"{""adapter_1"": -0.06440609693527222, ""default"": -0.07958298921585083}",fresh_confidently_better,adapter_1,3.912820816040039,3.8672420978546143,0.04557877779006958,0.0,0.01755804727987815,0.011165005121508406,0.07999255045863075,8.0
29,B,1,B1,adapter_2,warmup,,,,,3,3.7893226146698,{},warmup,,,,,0.0,,,,
30,B,1,B1,adapter_2,warmup,,,,,3,3.7203149795532227,{},warmup,,,,,0.0,,,,
31,B,1,B1,adapter_2,warmup,,,,,3,3.7229220867156982,{},warmup,,,,,0.0,,,,
32,B,1,B1,adapter_2,reuse,-0.07765476405620575,-0.08300702267326415,-0.07230250543914735,0.04707956314086914,3,3.6664810180664062,"{""adapter_1"": -0.06375351548194885, ""adapter_2"": -0.07765476405620575, ""default"": -0.07946460694074631}",fresh_not_confidently_better,adapter_2,3.6025121212005615,3.672964334487915,-0.07045213381449382,0.0,0.005911758573447426,-0.08203918061845078,-0.058865087010536866,6.0
33,A,2,A2,default,reuse,-0.09571880847215652,-0.10052506443113089,-0.09091255251318216,0.07828354835510254,3,3.15238618850708,"{""adapter_1"": -0.058062370866537094, ""adapter_2"": -0.06853991001844406, ""default"": -0.09571880847215652}",fresh_not_confidently_better,default,3.0847842693328857,3.3659253120422363,-0.2811412215232849,0.0,0.024252099985035427,-0.32867533749395433,-0.2336071055526155,8.0
34,A,2,A2,default,reuse,-0.09717780351638794,-0.10030103573109955,-0.09405457130167633,0.10040807723999023,3,3.1500205993652344,"{""adapter_1"": -0.057082489132881165, ""adapter_2"": -0.06565864384174347, ""default"": -0.09717780351638794}",fresh_not_confidently_better,default,2.9230222702026367,3.2201759815216064,-0.2971537113189697,0.0,0.02740753926169805,-0.3508724882718979,-0.24343493436604155,8.0
35,A,2,A2,default,reuse,-0.0907934382557869,-0.09656689609400929,-0.0850199804175645,0.08781909942626953,3,2.9622583389282227,"{""adapter_1"": -0.05818157270550728, ""adapter_2"": -0.06767401099205017, ""default"": -0.0907934382557869}",fresh_not_confidently_better,default,2.8227713108062744,3.168339252471924,-0.3455677032470703,0.0,0.024459418348315245,-0.39350816320976817,-0.29762724328437246,8.0
36,A,2,A2,default,reuse,-0.09061527252197266,-0.09547680090181529,-0.08575374414213002,0.08643436431884766,3,2.939746856689453,"{""adapter_1"": -0.0571540929377079, ""adapter_2"": -0.06651869416236877, ""default"": -0.09061527252197266}",fresh_not_confidently_better,default,2.8060436248779297,3.1353588104248047,-0.32931530475616455,0.0,0.034010859940462095,-0.39597659023947024,-0.26265401927285886,8.0
37,A,2,A2,default,reuse,-0.08432029187679291,-0.08777748097199947,-0.08086310278158634,0.0819699764251709,3,2.86940336227417,"{""adapter_1"": -0.05736174061894417, ""adapter_2"": -0.06653030961751938, ""default"": -0.08432029187679291}",fresh_not_confidently_better,default,2.7354953289031982,3.106891632080078,-0.37139639258384705,0.0,0.027251477093233837,-0.4248092876865854,-0.3179834974811087,8.0
38,A,2,A2,default,reuse,-0.08250784128904343,-0.08815428650937975,-0.07686139606870711,0.07145285606384277,3,2.591006278991699,"{""adapter_1"": -0.056707579642534256, ""adapter_2"": -0.06561534106731415, ""default"": -0.08250784128904343}",fresh_not_confidently_better,default,2.4682624340057373,2.8595659732818604,-0.3913036286830902,0.0,0.022919262070460703,-0.4362253823411932,-0.34638187502498724,8.0
39,A,2,A2,default,reuse,-0.07041393220424652,-0.07604536768049001,-0.06478249672800303,0.06666922569274902,3,2.5924713611602783,"{""adapter_1"": -0.05733858048915863, ""adapter_2"": -0.06649008393287659, ""default"": -0.07041393220424652}",fresh_not_confidently_better,default,2.529101610183716,2.886528491973877,-0.3574267029762268,0.0,0.02647109656043347,-0.4093100522346764,-0.3055433537177772,8.0
40,A,2,A2,default,reuse,-0.06087852269411087,-0.06734329217113555,-0.0544137532170862,0.04710793495178223,3,2.665585517883301,"{""adapter_1"": -0.05720686912536621, ""adapter_2"": -0.06652260571718216, ""default"": -0.06087852269411087}",fresh_not_confidently_better,default,2.5513219833374023,3.0055031776428223,-0.4541812241077423,0.0,0.047458994450442764,-0.5472008532306101,-0.3611615949848745,8.0
41,A,2,A2,default,reuse,-0.049180690199136734,-0.05536984050646424,-0.042991539891809226,0.02709650993347168,3,2.5903995037078857,"{""adapter_1"": -0.05777743086218834, ""adapter_2"": -0.06783278286457062, ""default"": -0.049180690199136734}",fresh_not_confidently_better,default,2.5660035610198975,2.913548469543457,-0.34754514694213867,0.0,0.046605493917004116,-0.4388919150194667,-0.2561983788648106,8.0
42,A,2,A2,default,reuse,-0.037780385464429855,-0.043861613562330606,-0.031699157366529104,0.04386711120605469,3,2.5199203491210938,"{""adapter_1"": -0.05768842622637749, ""adapter_2"": -0.0676124095916748, ""default"": -0.037780385464429855}",fresh_not_confidently_better,default,2.4370875358581543,2.876715898513794,-0.43962860107421875,0.0,0.05416006940214669,-0.5457823371024263,-0.33347486504601126,8.0
43,A,2,A2,default,reuse,-0.031029336154460907,-0.038956325594335796,-0.023102346714586018,0.01192927360534668,3,2.4004809856414795,"{""adapter_1"": -0.05753009021282196, ""adapter_2"": -0.0670541375875473, ""default"": -0.031029336154460907}",fresh_not_confidently_better,default,2.2551801204681396,2.734607696533203,-0.4794275462627411,0.0,0.028053586858059386,-0.5344125765045374,-0.4244425160209447,8.0
44,A,2,A2,default,reuse,-0.029196573421359062,-0.038156708404421806,-0.02023643843829632,0.023534297943115234,3,2.356720447540283,"{""adapter_1"": -0.05755976587533951, ""adapter_2"": -0.06643255800008774, ""default"": -0.029196573421359062}",fresh_not_confidently_better,default,2.3850183486938477,2.8350837230682373,-0.4500652551651001,0.0,0.022824709338162927,-0.49480168546789943,-0.40532882486230076,8.0
45,A,2,A2,default,reuse,-0.023833438754081726,-0.03287375135347247,-0.01479312615469098,0.017540693283081055,3,2.3702144622802734,"{""adapter_1"": -0.057545483112335205, ""adapter_2"": -0.06761136651039124, ""default"": -0.023833438754081726}",fresh_not_confidently_better,default,2.4181175231933594,2.6922733783721924,-0.2741559147834778,0.0,0.09223496463555164,-0.454936445469159,-0.09337538409779658,8.0
46,A,2,A2,default,reuse,-0.018862098455429077,-0.026427722750231624,-0.01129647416062653,0.026089191436767578,3,2.4181020259857178,"{""adapter_1"": -0.05760929733514786, ""adapter_2"": -0.0669509619474411, ""default"": -0.018862098455429077}",fresh_not_confidently_better,default,2.269657611846924,2.6514992713928223,-0.3818415701389313,0.0,0.08523657567164267,-0.5489052584553509,-0.21477788182251165,8.0
47,A,2,A2,default,reuse,-0.01765326038002968,-0.02951419737190008,-0.005792323388159276,0.022426366806030273,3,2.444364547729492,"{""adapter_1"": -0.05714673921465874, ""adapter_2"": -0.06629259884357452, ""default"": -0.01765326038002968}",fresh_not_confidently_better,default,2.3639752864837646,2.680473804473877,-0.3164985775947571,0.0,0.07758842507165248,-0.4685718907351959,-0.16442526445431824,8.0
48,A,2,A2,default,reuse,-0.017096683382987976,-0.02580675605684519,-0.008386610709130764,0.01942896842956543,3,2.2298402786254883,"{""adapter_1"": -0.05765118822455406, ""adapter_2"": -0.06615200638771057, ""default"": -0.017096683382987976}",fresh_not_confidently_better,default,2.254962921142578,2.5603930950164795,-0.3054300546646118,0.0,0.06192836279785437,-0.42680964574840635,-0.18405046358081728,6.0
49,C,1,C1,adapter_3,spawn,-0.05433408543467522,-0.05676661728881299,-0.05190155358053744,,4,4.684802055358887,"{""adapter_1"": -0.05433408543467522, ""adapter_2"": -0.0580732561647892, ""default"": -0.003916347399353981}",fresh_confidently_better,adapter_1,4.652500629425049,4.62579345703125,0.02670687437057495,0.0,0.01317857598057554,0.0008768654486468914,0.052536883292503014,8.0
50,C,1,C1,adapter_3,warmup,,,,,4,4.550981521606445,{},warmup,,,,,0.0,,,,
51,C,1,C1,adapter_3,warmup,,,,,4,4.537918567657471,{},warmup,,,,,0.0,,,,
52,C,1,C1,adapter_3,warmup,,,,,4,4.4601898193359375,{},warmup,,,,,0.0,,,,
53,C,1,C1,adapter_3,reuse,-0.07193391025066376,-0.07653751253150404,-0.06733030796982348,0.06343460083007812,4,4.380053520202637,"{""adapter_1"": -0.05566202104091644, ""adapter_2"": -0.06155270338058472, ""adapter_3"": -0.07193391025066376, ""default"": -0.004136424511671066}",fresh_not_confidently_better,adapter_3,4.362214088439941,4.38413143157959,-0.02191793918609619,0.0,0.01580606192754348,-0.05289782056408141,0.009061942191889029,8.0
54,C,1,C1,adapter_3,reuse,-0.06573991477489471,-0.06929124413989485,-0.06218858540989459,0.05864763259887695,4,4.307740211486816,"{""adapter_1"": -0.0557088777422905, ""adapter_2"": -0.060933202505111694, ""adapter_3"": -0.06573991477489471, ""default"": -0.005230274051427841}",fresh_not_confidently_better,adapter_3,4.218061923980713,4.259880065917969,-0.041818439960479736,0.0,0.014152791599616136,-0.06955791149572736,-0.01407896842523211,8.0
55,C,1,C1,adapter_3,reuse,-0.06409639120101929,-0.06675535155460238,-0.06143743084743619,0.06979560852050781,4,4.200170516967773,"{""adapter_1"": -0.054872944951057434, ""adapter_2"": -0.059699494391679764, ""adapter_3"": -0.06409639120101929, ""default"": -0.004150815308094025}",fresh_not_confidently_better,adapter_3,4.200557708740234,4.186769485473633,0.013788580894470215,0.0,0.02013733475001475,-0.025680595215558696,0.053257757004499126,8.0
56,C,1,C1,adapter_3,reuse,-0.06249205395579338,-0.06596596341580152,-0.059018144495785234,0.058142900466918945,4,4.1426191329956055,"{""adapter_1"": -0.05434919893741608, ""adapter_2"": -0.059583671391010284, ""adapter_3"": -0.06249205395579338, ""default"": -0.005976241081953049}",fresh_not_confidently_better,adapter_3,3.9681804180145264,3.9821906089782715,-0.014010339975357056,0.0,0.015365597557978644,-0.0441269111889952,0.016106231238281088,8.0
57,C,1,C1,adapter_3,reuse,-0.06182767450809479,-0.06526046039070935,-0.058394888625480236,0.04849672317504883,4,4.1017584800720215,"{""adapter_1"": -0.05512778088450432, ""adapter_2"": -0.0598931610584259, ""adapter_3"": -0.06182767450809479, ""default"": -0.0030238889157772064}",fresh_not_confidently_better,adapter_3,4.005683898925781,4.014934539794922,-0.009250819683074951,0.0,0.011924657587710497,-0.03262314855498752,0.01412150918883762,8.0
58,C,1,C1,adapter_3,reuse,-0.061525728553533554,-0.06321333483094349,-0.05983812227612361,0.05875110626220703,4,4.116413116455078,"{""adapter_1"": -0.05451885983347893, ""adapter_2"": -0.05902713164687157, ""adapter_3"": -0.061525728553533554, ""default"": -0.010400837287306786}",fresh_not_confidently_better,adapter_3,4.043996810913086,4.049997329711914,-0.006000339984893799,0.0,0.014157755595880743,-0.033749540952820054,0.02174886098303246,8.0
59,C,1,C1,adapter_3,reuse,-0.05974744260311127,-0.062339540435932574,-0.05715534477028996,0.058634042739868164,4,3.980872631072998,"{""adapter_1"": -0.0547560378909111, ""adapter_2"": -0.05890471115708351, ""adapter_3"": -0.05974744260311127, ""default"": -0.007677022367715836}",fresh_not_confidently_better,adapter_3,3.8433423042297363,3.8659303188323975,-0.022587954998016357,0.0,0.014728590899181122,-0.051455993160411356,0.0062800831643786414,8.0
60,C,1,C1,adapter_3,reuse,-0.0608844980597496,-0.06354297628160566,-0.05822601983789354,0.05862164497375488,4,3.903141736984253,"{""adapter_1"": -0.05523448809981346, ""adapter_2"": -0.06023230776190758, ""adapter_3"": -0.0608844980597496, ""default"": -0.004501171410083771}",fresh_not_confidently_better,adapter_3,3.864567279815674,3.876127243041992,-0.011560112237930298,0.0,0.02167427847720879,-0.05404169805325953,0.030921473577398932,8.0
61,C,1,C1,adapter_3,reuse,-0.06257014721632004,-0.06519934363663196,-0.05994095079600811,0.06584286689758301,4,3.9086475372314453,"{""adapter_1"": -0.05415740981698036, ""adapter_2"": -0.05851389840245247, ""adapter_3"": -0.06257014721632004, ""default"": -0.004262194037437439}",fresh_not_confidently_better,adapter_3,3.770768165588379,3.766662359237671,0.00410577654838562,0.0,0.01634477567310967,-0.027929983770909335,0.036141536867680575,8.0
62,C,1,C1,adapter_3,reuse,-0.06342288851737976,-0.06612466458696872,-0.0607211124477908,0.05500984191894531,4,3.878474235534668,"{""adapter_1"": -0.05398573353886604, ""adapter_2"": -0.058220021426677704, ""adapter_3"": -0.06342288851737976, ""default"": -0.00357869453728199}",fresh_not_confidently_better,adapter_3,3.8043079376220703,3.8050379753112793,-0.0007299482822418213,0.0,0.02174212811654302,-0.04334451939066614,0.0418846228261825,8.0
63,C,1,C1,adapter_3,reuse,-0.06189873069524765,-0.06418941451236605,-0.05960804687812924,0.059313058853149414,4,3.7878713607788086,"{""adapter_1"": -0.05399518087506294, ""adapter_2"": -0.0588337741792202, ""adapter_3"": -0.06189873069524765, ""default"": -0.0041972566395998}",fresh_not_confidently_better,adapter_3,3.668001651763916,3.701596260070801,-0.03359454870223999,0.0,0.010552129473797564,-0.054276722470883214,-0.012912374933596767,8.0
64,C,1,C1,adapter_3,reuse,-0.0637115091085434,-0.06621810260228812,-0.06120491561479866,0.05641365051269531,4,3.710405111312866,"{""adapter_1"": -0.0546734482049942, ""adapter_2"": -0.059367116540670395, ""adapter_3"": -0.0637115091085434, ""default"": -0.004458460956811905}",fresh_not_confidently_better,adapter_3,3.5318565368652344,3.5479938983917236,-0.01613752047220866,0.0,0.023748594721815508,-0.06268476612696705,0.030409725182549734,6.0
65,B,2,B2,adapter_2,reuse,-0.07995033264160156,-0.08414616693742573,-0.0757544983457774,0.07362818717956543,4,3.5162792205810547,"{""adapter_1"": -0.06449531018733978, ""adapter_2"": -0.07995033264160156, ""adapter_3"": -0.054362330585718155, ""default"": -0.006191369146108627}",fresh_not_confidently_better,adapter_2,3.396725654602051,3.461725950241089,-0.06500044465065002,0.0,0.013687850153602854,-0.09182863095171162,-0.03817225834958843,8.0
66,B,2,B2,adapter_2,reuse,-0.0846094936132431,-0.08916355748660862,-0.08005542973987759,0.08122873306274414,4,3.4922304153442383,"{""adapter_1"": -0.06465756893157959, ""adapter_2"": -0.0846094936132431, ""adapter_3"": -0.054450374096632004, ""default"": -0.0033747050911188126}",fresh_not_confidently_better,adapter_2,3.274808645248413,3.352968692779541,-0.07816007733345032,0.0,0.017378627569837175,-0.11222218737033118,-0.04409796729656946,8.0
67,B,2,B2,adapter_2,reuse,-0.0832873284816742,-0.0882697909232229,-0.07830486604012549,0.08572912216186523,4,3.3091049194335938,"{""adapter_1"": -0.06413387507200241, ""adapter_2"": -0.0832873284816742, ""adapter_3"": -0.055911317467689514, ""default"": -0.008946795016527176}",fresh_not_confidently_better,adapter_2,3.2575387954711914,3.342921733856201,-0.08538302779197693,0.0,0.022167091762901797,-0.12883052764726444,-0.04193552793668941,8.0
68,B,2,B2,adapter_2,reuse,-0.08355673402547836,-0.08949176782742142,-0.0776217002235353,0.07621979713439941,4,3.2955634593963623,"{""adapter_1"": -0.06292285025119781, ""adapter_2"": -0.08355673402547836, ""adapter_3"": -0.05574527755379677, ""default"": -0.004236109554767609}",fresh_not_confidently_better,adapter_2,3.120859146118164,3.219377040863037,-0.09851762652397156,0.0,0.029422487408911666,-0.15618570184543842,-0.04084955120250469,8.0
69,B,2,B2,adapter_2,reuse,-0.08166347444057465,-0.08755333024077118,-0.07577361864037811,0.0841832160949707,4,3.32084059715271,"{""adapter_1"": -0.06446581333875656, ""adapter_2"": -0.08166347444057465, ""adapter_3"": -0.055795133113861084, ""default"": -0.006227416917681694}",fresh_not_confidently_better,adapter_2,3.100102424621582,3.264939308166504,-0.1648370325565338,0.0,0.02604987871906113,-0.21589479484589363,-0.11377927026717399,8.0
70,B,2,B2,adapter_2,reuse,-0.08229322731494904,-0.08739247607067227,-0.0771939785592258,0.07410478591918945,4,3.280912399291992,"{""adapter_1"": -0.06550753116607666, ""adapter_2"": -0.08229322731494904, ""adapter_3"": -0.05542143061757088, ""default"": -0.005991259589791298}",fresh_not_confidently_better,adapter_2,3.0715279579162598,3.215609073638916,-0.14408105611801147,0.0,0.03480555299264254,-0.21229993998359087,-0.0758621722524321,8.0
71,B,2,B2,adapter_2,reuse,-0.08135546743869781,-0.0871398630272597,-0.07557107185013592,0.06192445755004883,4,3.087592124938965,"{""adapter_1"": -0.06443294882774353, ""adapter_2"": -0.08135546743869781, ""adapter_3"": -0.05505949631333351, ""default"": -0.0061164312064647675}",fresh_not_confidently_better,adapter_2,3.0709362030029297,3.2251338958740234,-0.15419751405715942,0.0,0.02309048597889618,-0.19945486657579592,-0.10894016153852291,8.0
72,B,2,B2,adapter_2,reuse,-0.07400983572006226,-0.07798393277451396,-0.07003573866561055,0.07528090476989746,4,3.0516433715820312,"{""adapter_1"": -0.06402185559272766, ""adapter_2"": -0.07400983572006226, ""adapter_3"": -0.055886127054691315, ""default"": -0.005422286689281464}",fresh_not_confidently_better,adapter_2,2.9520153999328613,3.118171453475952,-0.16615593433380127,0.0,0.0476103325078047,-0.2594721860490985,-0.07283968261850406,8.0
73,B,2,B2,adapter_2,reuse,-0.07254140079021454,-0.07586411939933896,-0.06921868218109012,0.0696573257446289,4,2.937558174133301,"{""adapter_1"": -0.0643029510974884, ""adapter_2"": -0.07254140079021454, ""adapter_3"": -0.05452646687626839, ""default"": -0.006135866045951843}",fresh_not_confidently_better,adapter_2,2.776348114013672,2.9891724586486816,-0.21282446384429932,0.0,0.03433249390700269,-0.2801161519020246,-0.14553277578657403,8.0
74,B,2,B2,adapter_2,reuse,-0.06907066702842712,-0.07132855174131691,-0.06681278231553733,0.07275938987731934,4,2.8035225868225098,"{""adapter_1"": -0.06545752286911011, ""adapter_2"": -0.06907066702842712, ""adapter_3"": -0.055242545902729034, ""default"": -0.006615035235881805}",fresh_not_confidently_better,adapter_2,2.573122024536133,2.867854595184326,-0.29473257064819336,0.0,0.0390831179065488,-0.371335481745029,-0.2181296595513577,8.0
75,B,2,B2,adapter_2,reuse,-0.06262504309415817,-0.0666861333232373,-0.058563952865079046,0.0637056827545166,4,2.7076504230499268,"{""adapter_1"": -0.06703872978687286, ""adapter_2"": -0.06262504309415817, ""adapter_3"": -0.05512343347072601, ""default"": -0.004103515297174454}",fresh_not_confidently_better,adapter_2,2.5659162998199463,2.8272247314453125,-0.26130837202072144,0.0,0.033759758696614545,-0.3274774990660859,-0.19513924497535692,8.0
76,B,2,B2,adapter_2,reuse,-0.056611064821481705,-0.06059918636456132,-0.05262294327840209,0.05232405662536621,4,2.6222591400146484,"{""adapter_1"": -0.06678721308708191, ""adapter_2"": -0.056611064821481705, ""adapter_3"": -0.05500778928399086, ""default"": -0.003237292170524597}",fresh_not_confidently_better,adapter_2,2.5069692134857178,2.802260398864746,-0.29529133439064026,0.0,0.031597336539620484,-0.3572221140082964,-0.23336055477298412,8.0
77,B,2,B2,adapter_2,reuse,-0.05477612093091011,-0.059070041766390205,-0.050482200095430016,0.062267303466796875,4,2.6791343688964844,"{""adapter_1"": -0.06634935736656189, ""adapter_2"": -0.05477612093091011, ""adapter_3"": -0.05535006523132324, ""default"": -0.003656536340713501}",fresh_not_confidently_better,adapter_2,2.543294906616211,2.7971482276916504,-0.2538532316684723,0.0,0.04454138839694679,-0.341154352926488,-0.1665521104104566,8.0
78,B,2,B2,adapter_2,reuse,-0.047436997294425964,-0.049968453771434725,-0.044905540817417204,0.04590606689453125,4,2.6856589317321777,"{""adapter_1"": -0.063469797372818, ""adapter_2"": -0.047436997294425964, ""adapter_3"": -0.05567213520407677, ""default"": -0.003931496292352676}",fresh_not_confidently_better,adapter_2,2.567978858947754,2.8217644691467285,-0.25378552079200745,0.0,0.0643410145187159,-0.3798939092486906,-0.12767713233532427,8.0
79,B,2,B2,adapter_2,reuse,-0.04102683067321777,-0.04637791738845408,-0.03567574395798147,0.03886270523071289,4,2.46199369430542,"{""adapter_1"": -0.0651288628578186, ""adapter_2"": -0.04102683067321777, ""adapter_3"": -0.05457566678524017, ""default"": -0.005878720432519913}",fresh_not_confidently_better,adapter_2,2.3561644554138184,2.699472188949585,-0.34330785274505615,0.0,0.03523109061060299,-0.41236079034183803,-0.27425491514827427,8.0
80,B,2,B2,adapter_2,reuse,-0.03601967915892601,-0.04279462978243828,-0.029244728535413742,0.03457784652709961,4,2.6070518493652344,"{""adapter_1"": -0.0653543770313263, ""adapter_2"": -0.03601967915892601, ""adapter_3"": -0.05559850484132767, ""default"": -0.004413943737745285}",fresh_not_confidently_better,adapter_2,2.4939792156219482,2.767876386642456,-0.27389713128407794,0.0,0.08009742688972234,-0.4308880879879337,-0.11690617458022218,6.0
